kode_kabkota,kabkota,provinsi,kode_prov_shp,luas_km2,n_kejadian,n_hari_berbeda,meninggal,terluka,rumah_rusak,fasum_rusak,tanggal_pertama,tanggal_terakhir,kej_2021,kej_2022,kej_2023,kej_2024,kej_2025,kej_2026,n_kecamatan_terdampak,ada_kejadian,kejadian_per_1000km2,kej_per_1000km2_2021,kej_per_1000km2_2022,kej_per_1000km2_2023,kej_per_1000km2_2024,kej_per_1000km2_2025,kej_per_1000km2_2026,kelas_kepadatan,lon,lat,lisa_klaster,lisa_I,lisa_p
1171,Kota Banda Aceh,Aceh,11,56.769638390937445,1,1,0,0,0,0,2023-07-25,2023-07-25,0,0,1,0,0,0,1,True,17.615049669924222,0.0,0.0,17.615049669924222,0.0,0.0,0.0,5,95.33107,5.56405,Tidak signifikan,0.5861,0.143
1272,Kota Pematangsiantar,Sumatera Utara,12,75.91856003173372,1,1,0,0,0,0,2024-07-26,2024-07-26,0,0,0,1,0,0,0,True,13.172009579502078,0.0,0.0,0.0,13.172009579502078,0.0,0.0,4,99.05853,2.95518,Tidak signifikan,-0.2599,0.346
3528,Pamekasan,Jawa Timur,35,795.1536331767381,1,1,1,0,0,0,2024-09-11,2024-09-11,0,0,0,1,0,0,1,True,1.257618601332267,0.0,0.0,0.0,1.257618601332267,0.0,0.0,2,113.50157,-7.07066,Tidak signifikan,0.1815,0.107
3216,Bekasi,Jawa Barat,32,1251.054177913034,0,0,0,0,0,0,,,0,0,0,0,0,0,0,False,0.0,0.0,0.0,0.0,0.0,0.0,0.0,0,107.16502,-6.20207,Low-Low,0.8157,0.015
5317,Sumba Tengah,Nusa Tenggara Timur,53,1789.6943637131026,0,0,0,0,0,0,,,0,0,0,0,0,0,0,False,0.0,0.0,0.0,0.0,0.0,0.0,0.0,0,119.66899,-9.5862,Tidak signifikan,0.6086,0.067
6107,Bengkayang,Kalimantan Barat,61,5488.607953710893,12,12,0,0,0,0,2022-08-11,2023-09-07,0,1,11,0,0,0,0,True,2.1863467205535607,0.0,0.18219556004613005,2.0041511605074307,0.0,0.0,0.0,2,109.76888,1.03354,Tidak signifikan,0.0071,0.461
3579,Kota Batu,Jawa Timur,35,194.17000523893083,4,4,0,0,0,0,2023-11-21,2026-09-23,0,0,1,1,0,2,2,True,20.60050415654006,0.0,0.0,5.150126039135015,5.150126039135015,0.0,10.30025207827003,5,112.53306,-7.83606,Tidak signifikan,0.9884,0.058
1214,Nias Selatan,Sumatera Utara,12,2531.7363712196316,0,0,0,0,0,0,,,0,0,0,0,0,0,0,False,0.0,0.0,0.0,0.0,0.0,0.0,0.0,0,98.68838,0.12604,Tidak signifikan,0.2015,0.373
7412,Konawe Kepulauan,Sulawesi Tenggara,74,705.7110103060961,3,3,0,0,0,0,2026-08-18,2026-09-08,0,0,0,0,0,3,2,True,4.251031875921527,0.0,0.0,0.0,0.0,0.0,4.251031875921527,3,123.09859,-4.11954,High-Low,-0.2286,0.038
3371,Kota Magelang,Jawa Tengah,33,18.558258574814374,1,1,0,0,0,0,2023-07-17,2023-07-17,0,0,1,0,0,0,0,True,53.884366141827094,0.0,0.0,53.884366141827094,0.0,0.0,0.0,5,110.21915,-7.46964,High-High,2.1556,0.017
1803,Lampung Utara,Lampung,18,2668.87507776402,0,0,0,0,0,0,,,0,0,0,0,0,0,0,False,0.0,0.0,0.0,0.0,0.0,0.0,0.0,0,104.86255,-4.79655,Tidak signifikan,0.4846,0.126
5205,Dompu,Nusa Tenggara Barat,52,2281.751960769754,0,0,0,0,0,0,,,0,0,0,0,0,0,0,False,0.0,0.0,0.0,0.0,0.0,0.0,0.0,0,118.33113,-8.5163,Low-Low,0.8641,0.006
3275,Kota Bekasi,Jawa Barat,32,213.03587071439253,0,0,0,0,0,0,,,0,0,0,0,0,0,0,False,0.0,0.0,0.0,0.0,0.0,0.0,0.0,0,106.96159,-6.28534,Low-Low,0.9216,0.002
7305,Takalar,Sulawesi Selatan,73,555.4311761881656,1,1,0,0,0,0,2026-08-28,2026-08-28,0,0,0,0,0,1,1,True,1.800403079392911,0.0,0.0,0.0,0.0,0.0,1.800403079392911,2,119.46528,-5.44916,Tidak signifikan,0.0561,0.251
2104,Lingga,Kepulauan Riau,21,2210.9156981384344,13,13,0,0,0,0,2023-02-25,2026-09-13,0,0,3,2,0,8,9,True,5.879916638588188,0.0,0.0,1.3569038396741973,0.9046025597827981,0.0,3.6184102391311925,4,104.41397,-0.50981,Tidak signifikan,0.3141,0.092
7304,Jeneponto,Sulawesi Selatan,73,796.0006297956033,2,2,0,0,0,0,2023-09-25,2023-09-28,0,0,2,0,0,0,1,True,2.5125608261309527,0.0,0.0,2.5125608261309527,0.0,0.0,0.0,3,119.60943,-5.54244,Tidak signifikan,-0.003,0.217
3516,Mojokerto,Jawa Timur,35,984.6431337371864,24,24,0,0,0,0,2022-08-15,2026-08-24,0,3,5,9,4,3,15,True,24.374313066002554,0.0,3.046789133250319,5.077981888750531,9.140367399750955,4.062385511000425,3.046789133250319,5,112.50889,-7.54113,Tidak signifikan,1.0395,0.067
3522,Bojonegoro,Jawa Timur,35,2312.6269587228926,6,6,0,0,0,0,2023-07-18,2026-09-23,0,0,1,2,0,3,5,True,2.594452156396808,0.0,0.0,0.4324086927328013,0.8648173854656026,0.0,1.297226078198404,3,111.80831,-7.22798,Tidak signifikan,-0.0013,0.495
6102,Mempawah,Kalimantan Barat,61,1935.4189722506633,7,7,0,2,0,0,2021-02-15,2023-09-27,1,1,5,0,0,0,1,True,3.6167879411969537,0.5166839915995648,0.5166839915995648,2.583419957997824,0.0,0.0,0.0,3,109.10236,0.34387,Tidak signifikan,0.0562,0.248
7303,Bantaeng,Sulawesi Selatan,73,390.9715296343304,2,2,0,0,0,0,2023-02-09,2023-09-25,0,0,2,0,0,0,0,True,5.115461992515335,0.0,0.0,5.115461992515335,0.0,0.0,0.0,3,119.98588,-5.47148,Tidak signifikan,-0.0419,0.474
5207,Sumbawa Barat,Nusa Tenggara Barat,52,1741.610292564749,0,0,0,0,0,0,,,0,0,0,0,0,0,0,False,0.0,0.0,0.0,0.0,0.0,0.0,0.0,0,116.94215,-8.81235,Tidak signifikan,0.3749,0.204
1503,Sarolangun,Jambi,15,5935.8944380128105,8,8,0,0,0,0,2021-08-02,2025-08-06,3,0,1,1,3,0,9,True,1.3477328620888012,0.5053998232833004,0.0,0.16846660776110015,0.16846660776110015,0.5053998232833004,0.0,2,102.62825,-2.33068,Tidak signifikan,0.0034,0.466
3274,Kota Cirebon,Jawa Barat,32,39.46567111089626,6,6,0,0,0,0,2021-08-22,2024-10-31,3,0,2,1,0,0,1,True,152.03086204059082,76.01543102029541,0.0,50.67695401353028,25.33847700676514,0.0,0.0,5,108.55596,-6.74387,Tidak signifikan,1.3361,0.137
1608,Ogan Komering Ulu Timur,Sumatera Selatan,16,3412.7161893679204,1,1,0,0,0,0,2024-07-17,2024-07-17,0,0,0,1,0,0,0,True,0.29302172947033517,0.0,0.0,0.0,0.29302172947033517,0.0,0.0,1,104.55611,-4.1298,Tidak signifikan,-0.2801,0.18
7409,Konawe Utara,Sulawesi Tenggara,74,4219.811682232548,0,0,0,0,0,0,,,0,0,0,0,0,0,0,False,0.0,0.0,0.0,0.0,0.0,0.0,0.0,0,121.97591,-3.4548,Tidak signifikan,0.5821,0.07
3527,Sampang,Jawa Timur,35,1228.2520564027602,0,0,0,0,0,0,,,0,0,0,0,0,0,0,False,0.0,0.0,0.0,0.0,0.0,0.0,0.0,0,113.25251,-7.05775,Tidak signifikan,0.4035,0.184
1107,Pidie,Aceh,11,3177.4851730440205,0,0,0,0,0,0,,,0,0,0,0,0,0,0,False,0.0,0.0,0.0,0.0,0.0,0.0,0.0,0,95.9402,5.12246,Tidak signifikan,-0.5421,0.107
1223,Labuhanbatu Utara,Sumatera Utara,12,3686.0128094413885,27,26,0,0,0,0,2023-05-15,2026-03-13,0,0,6,20,0,1,2,True,7.324988109331021,0.0,0.0,1.6277751354068934,5.425917118022978,0.0,0.2712958559011489,4,99.76784,2.42593,Tidak signifikan,0.1139,0.316
1376,Kota Payakumbuh,Sumatera Barat,13,74.55151199048295,0,0,0,0,0,0,,,0,0,0,0,0,0,0,False,0.0,0.0,0.0,0.0,0.0,0.0,0.0,0,100.63478,-0.23047,Tidak signifikan,0.2129,0.363
6474,Kota Bontang,Kalimantan Timur,64,160.7369319908095,28,28,0,0,0,0,2021-06-03,2026-08-04,3,1,8,13,0,3,3,True,174.19767599894817,18.66403671417302,6.221345571391006,49.77076457112805,80.87749242808307,0.0,18.66403671417302,5,117.45773,0.11374,High-High,2.878,0.021
7401,Kolaka,Sulawesi Tenggara,74,2958.920857070755,0,0,0,0,0,0,,,0,0,0,0,0,0,0,False,0.0,0.0,0.0,0.0,0.0,0.0,0.0,0,121.69269,-4.12142,Low-Low,0.7432,0.026
5208,Lombok Utara,Nusa Tenggara Barat,52,811.190093396439,3,3,0,0,0,0,2024-11-13,2026-09-22,0,0,0,1,1,1,1,True,3.6982700163891935,0.0,0.0,0.0,1.2327566721297312,1.2327566721297312,1.2327566721297312,3,116.30819,-8.34539,Tidak signifikan,0.0568,0.257
3312,Wonogiri,Jawa Tengah,33,1905.744524067848,23,23,0,0,0,0,2023-07-28,2026-09-30,0,0,13,0,0,10,12,True,12.068774019565886,0.0,0.0,6.821480967580718,0.0,0.0,5.247293051985168,4,110.95053,-7.96043,High-High,1.4206,0.005
3318,Pati,Jawa Tengah,33,1572.8964261345516,4,4,0,0,0,0,2021-08-05,2024-07-25,2,0,1,1,0,0,3,True,2.5430790823462806,1.2715395411731403,0.0,0.6357697705865701,0.6357697705865701,0.0,0.0,3,111.08783,-6.70595,Tidak signifikan,0.0088,0.094
5311,Sumba Timur,Nusa Tenggara Timur,53,6984.014040609856,0,0,0,0,0,0,,,0,0,0,0,0,0,0,False,0.0,0.0,0.0,0.0,0.0,0.0,0.0,0,120.16595,-9.79627,Tidak signifikan,0.6086,0.064
3278,Kota Tasikmalaya,Jawa Barat,32,183.93493699929957,0,0,0,0,0,0,,,0,0,0,0,0,0,0,False,0.0,0.0,0.0,0.0,0.0,0.0,0.0,0,108.22473,-7.35987,Tidak signifikan,0.1843,0.391
3373,Kota Salatiga,Jawa Tengah,33,54.98315794699583,2,2,0,0,0,0,2023-08-14,2023-09-28,0,0,2,0,0,0,0,True,36.37477501616067,0.0,0.0,36.37477501616067,0.0,0.0,0.0,5,110.49971,-7.33824,High-High,2.7235,0.004
9106,Biak Numfor,Papua,91,2257.428641141003,0,0,0,0,0,0,,,0,0,0,0,0,0,0,False,0.0,0.0,0.0,0.0,0.0,0.0,0.0,0,135.94153,-0.94273,Low-Low,0.8129,0.014
7371,Kota Makassar,Sulawesi Selatan,73,176.85229370046082,0,0,0,0,0,0,,,0,0,0,0,0,0,0,False,0.0,0.0,0.0,0.0,0.0,0.0,0.0,0,119.46473,-5.14593,Tidak signifikan,0.4389,0.157
1906,Belitung Timur,Kepulauan Bangka Belitung,19,2588.4004006573336,77,77,0,1,0,0,2022-02-25,2026-09-26,0,2,35,18,1,21,9,True,29.748102333953266,0.0,0.7726779827000849,13.521864697251486,6.954101844300764,0.38633899135004246,8.113118818350891,5,108.00312,-2.92013,High-High,1.4904,0.031
6106,Kapuas Hulu,Kalimantan Barat,61,31318.246149855924,3,3,1,0,0,0,2021-08-01,2023-08-18,1,0,2,0,0,0,2,True,0.09579080468443796,0.031930268228145986,0.0,0.06386053645629197,0.0,0.0,0.0,1,112.79644,0.82708,Tidak signifikan,0.545,0.074
6304,Barito Kuala,Kalimantan Selatan,63,2418.5762484019783,58,58,0,0,0,0,2021-07-18,2026-07-14,7,5,38,1,3,4,37,True,23.981050851021234,2.894264757881873,2.0673319699156236,15.711722971358737,0.4134663939831247,1.240399181949374,1.6538655759324987,5,114.67879,-3.0211,High-High,3.2311,0.001
3515,Sidoarjo,Jawa Timur,35,724.0404798935662,6,6,0,0,0,0,2021-08-24,2024-09-12,4,1,0,1,0,0,4,True,8.28682948898382,5.52455299265588,1.38113824816397,0.0,1.38113824816397,0.0,0.0,4,112.66068,-7.45383,Tidak signifikan,0.2295,0.223
6571,Kota Tarakan,Kalimantan Utara,65,250.9777481655063,19,19,0,0,0,0,2022-08-19,2026-08-14,0,1,8,0,6,4,5,True,75.70392251455903,0.0,3.9844169744504754,31.875335795603803,0.0,23.90650184670285,15.937667897801902,5,117.59916,3.34072,Tidak signifikan,-0.8951,0.222
3506,Kediri,Jawa Timur,35,1523.5631236870388,3,3,0,0,0,0,2023-07-18,2026-08-30,0,0,1,1,0,1,4,True,1.9690683985183155,0.0,0.0,0.6563561328394385,0.6563561328394385,0.0,0.6563561328394385,2,112.16848,-7.80283,Tidak signifikan,-0.0715,0.093
6210,Gunung Mas,Kalimantan Tengah,62,9305.756433504674,11,11,0,0,0,0,2023-01-01,2026-01-15,0,0,2,2,6,1,3,True,1.1820640351594989,0.0,0.0,0.2149207336653634,0.2149207336653634,0.6447622009960903,0.1074603668326817,2,113.544,-0.97352,Tidak signifikan,0.0103,0.459
3316,Blora,Jawa Tengah,33,1957.2890604768902,8,8,0,0,0,0,2021-08-10,2026-09-17,2,0,3,0,0,3,7,True,4.087285910672189,1.0218214776680472,0.0,1.532732216502071,0.0,0.0,1.532732216502071,3,111.41962,-7.11369,Tidak signifikan,0.0098,0.408
6171,Kota Pontianak,Kalimantan Barat,61,118.2087524828709,2,2,0,0,0,0,2023-01-02,2026-01-16,0,0,1,0,0,1,0,True,16.91922093746663,0.0,0.0,8.459610468733315,0.0,0.0,8.459610468733315,5,109.32814,-0.02999,Tidak signifikan,0.0606,0.396
1601,Ogan Komering Ulu,Sumatera Selatan,16,3774.579347583314,10,10,0,0,0,0,2021-06-08,2026-07-10,6,1,1,0,1,1,8,True,2.649301837144457,1.5895811022866742,0.2649301837144457,0.2649301837144457,0.0,0.2649301837144457,0.2649301837144457,3,104.00886,-4.10432,Tidak signifikan,-0.006,0.426
6409,Penajam Paser Utara,Kalimantan Timur,64,3190.4074966817047,45,44,0,0,0,0,2021-06-05,2026-09-07,2,1,26,4,1,11,9,True,14.104781300446362,0.6268791689087273,0.31343958445436365,8.149429195813454,1.2537583378174546,0.31343958445436365,3.4478354289979998,4,116.56761,-1.19675,High-High,1.0701,0.023
7211,Banggai Laut,Sulawesi Tengah,72,688.1511756259271,0,0,0,0,0,0,,,0,0,0,0,0,0,0,False,0.0,0.0,0.0,0.0,0.0,0.0,0.0,0,123.1025,-1.84294,Tidak signifikan,0.4166,0.179
1802,Lampung Tengah,Lampung,18,4559.579182415507,0,0,0,0,0,0,,,0,0,0,0,0,0,0,False,0.0,0.0,0.0,0.0,0.0,0.0,0.0,0,105.326,-4.87378,Low-Low,0.7575,0.022
3574,Kota Probolinggo,Jawa Timur,35,54.6755621601717,0,0,0,0,0,0,,,0,0,0,0,0,0,0,False,0.0,0.0,0.0,0.0,0.0,0.0,0.0,0,113.1989,-7.77108,Tidak signifikan,-0.3986,0.162
3517,Jombang,Jawa Timur,35,1109.8354116369758,22,22,0,0,0,1,2022-07-21,2026-09-27,0,4,1,7,2,8,10,True,19.822759095018082,0.0,3.604138017276015,0.9010345043190038,6.307241530233027,1.8020690086380076,7.20827603455203,5,112.24244,-7.56137,Tidak signifikan,0.6622,0.122
9208,Kaimana,Papua Barat,92,17092.189423205306,1,1,0,0,0,0,2026-09-14,2026-09-14,0,0,0,0,0,1,0,True,0.058506255415256773,0.0,0.0,0.0,0.0,0.0,0.058506255415256773,1,134.31666,-3.52044,Low-Low,0.7741,0.014
7205,Buol,Sulawesi Tengah,72,3723.5775012187423,1,1,0,0,0,0,2026-09-15,2026-09-15,0,0,0,0,0,1,1,True,0.2685589328200355,0.0,0.0,0.0,0.0,0.0,0.2685589328200355,1,121.54112,0.99604,Low-Low,0.5711,0.034
3376,Kota Tegal,Jawa Tengah,33,39.07461446886275,3,3,0,0,0,0,2023-09-14,2024-08-07,0,0,1,2,0,0,2,True,76.77618936945878,0.0,0.0,25.592063123152922,51.184126246305844,0.0,0.0,5,109.11512,-6.86941,Tidak signifikan,-0.4091,0.42
3174,Kota Administrasi Jakarta Selatan,DKI Jakarta,31,144.74598848051824,0,0,0,0,0,0,,,0,0,0,0,0,0,0,False,0.0,0.0,0.0,0.0,0.0,0.0,0.0,0,106.80486,-6.2837,Low-Low,0.9216,0.002
1611,Empat Lawang,Sumatera Selatan,16,2234.0967595747215,2,2,0,0,0,0,2022-01-01,2024-07-25,0,1,0,1,0,0,0,True,0.8952163738784154,0.0,0.4476081869392077,0.0,0.4476081869392077,0.0,0.0,1,102.9273,-3.71635,Tidak signifikan,0.0166,0.465
9114,Tolikara,Papua Pegunungan,91,5824.442779918827,0,0,0,0,0,0,,,0,0,0,0,0,0,0,False,0.0,0.0,0.0,0.0,0.0,0.0,0.0,0,138.44778,-3.37011,Low-Low,0.8731,0.004
9113,Yahukimo,Papua Pegunungan,91,14897.006418147263,0,0,0,0,0,0,,,0,0,0,0,0,0,0,False,0.0,0.0,0.0,0.0,0.0,0.0,0.0,0,139.38551,-4.4536,Low-Low,0.8731,0.004
1216,Humbang Hasundutan,Sumatera Utara,12,2351.5142155486956,3,3,0,0,0,0,2023-06-19,2025-07-16,0,0,1,0,2,0,3,True,1.2757737036686332,0.0,0.0,0.42525790122287777,0.0,0.8505158024457555,0.0,2,98.60088,2.23759,Low-High,-0.2578,0.044
7311,Barru,Sulawesi Selatan,73,1201.9034544087076,1,1,0,0,0,0,2026-08-17,2026-08-17,0,0,0,0,0,1,1,True,0.8320135833971485,0.0,0.0,0.0,0.0,0.0,0.8320135833971485,1,119.67783,-4.43374,Tidak signifikan,0.1959,0.206
5316,Nagekeo,Nusa Tenggara Timur,53,1396.2746307981797,1,1,0,0,0,0,2026-07-22,2026-07-22,0,0,0,0,0,1,1,True,0.7161914840695418,0.0,0.0,0.0,0.0,0.0,0.7161914840695418,1,121.27062,-8.67564,Low-Low,0.4364,0.018
7318,Tana Toraja,Sulawesi Selatan,73,2043.622519187426,5,5,0,0,0,0,2023-10-16,2026-09-24,0,0,1,0,0,4,5,True,2.4466357916177555,0.0,0.0,0.4893271583235511,0.0,0.0,1.9573086332942045,3,119.76617,-3.06423,Tidak signifikan,-0.0016,0.244
6112,Kubu Raya,Kalimantan Barat,61,8549.293583015575,22,22,0,0,0,0,2021-02-21,2026-01-16,2,1,15,3,0,1,3,True,2.5733120270552208,0.23393745700502008,0.11696872850251004,1.7545309275376504,0.35090618550753006,0.0,0.11696872850251004,3,109.52666,-0.33256,Tidak signifikan,-0.0009,0.472
3576,Kota Mojokerto,Jawa Timur,35,20.217172802433584,0,0,0,0,0,0,,,0,0,0,0,0,0,0,False,0.0,0.0,0.0,0.0,0.0,0.0,0.0,0,112.43878,-7.47108,Low-High,-0.7421,0.048
7411,Kolaka Timur,Sulawesi Tenggara,74,3992.5310794612446,3,3,0,0,0,0,2026-08-05,2026-09-11,0,0,0,0,0,3,6,True,0.7514030424040737,0.0,0.0,0.0,0.0,0.0,0.7514030424040737,1,121.75013,-3.82019,Tidak signifikan,0.3272,0.069
1172,Kota Sabang,Aceh,11,122.06304868536438,3,3,0,0,0,0,2022-05-19,2023-09-11,0,1,2,0,0,0,3,True,24.577462486070992,0.0,8.192487495356996,16.384974990713992,0.0,0.0,0.0,5,95.33754,5.83944,Tidak signifikan,0.6218,0.163
1405,Pelalawan,Riau,14,13262.113250663444,35,34,0,0,0,0,2021-02-18,2026-07-31,3,1,10,1,17,3,16,True,2.6390967516620405,0.22620829299960346,0.07540276433320116,0.7540276433320116,0.07540276433320116,1.2818469936644197,0.22620829299960346,3,102.21225,0.16016,High-High,0.0308,0.035
1902,Belitung,Kepulauan Bangka Belitung,19,2270.705168988067,31,31,0,0,0,0,2022-01-26,2025-02-22,0,1,26,1,3,0,14,True,13.652146665000574,0.0,0.4403918279032443,11.450187525484353,0.4403918279032443,1.321175483709733,0.0,4,107.66257,-2.88528,High-High,1.1103,0.021
6308,Hulu Sungai Utara,Kalimantan Selatan,63,907.4907687527433,9,9,0,0,0,0,2021-08-11,2023-09-25,1,2,6,0,0,0,3,True,9.917456253984394,1.101939583776044,2.203879167552088,6.611637502656263,0.0,0.0,0.0,4,115.16154,-2.42444,High-High,1.0845,0.011
7103,Kepulauan Sangihe,Sulawesi Utara,71,597.2599455208605,1,1,0,0,0,0,2026-09-05,2026-09-05,0,0,0,0,0,1,4,True,1.6743128473614894,0.0,0.0,0.0,0.0,0.0,1.6743128473614894,2,125.54656,3.55277,Tidak signifikan,0.0162,0.494
1706,Muko Muko,Bengkulu,17,4138.6774465087565,2,2,0,0,0,0,2024-07-26,2025-05-25,0,0,0,1,1,0,2,True,0.48324616398582354,0.0,0.0,0.0,0.24162308199291177,0.24162308199291177,0.0,1,101.56897,-2.70858,Tidak signifikan,0.1918,0.315
3505,Blitar,Jawa Timur,35,1745.1563438709084,11,10,0,0,0,0,2024-07-14,2026-09-23,0,0,0,5,0,6,7,True,6.303160194576633,0.0,0.0,0.0,2.865072815716651,0.0,3.4380873788599815,4,112.28603,-8.13894,Tidak signifikan,0.076,0.333
9104,Nabire,Papua Tengah,91,11833.661349176626,2,2,0,0,4,2,2026-08-20,2026-09-19,0,0,0,0,0,2,0,True,0.16900939962585274,0.0,0.0,0.0,0.0,0.0,0.16900939962585274,1,135.8571,-3.32612,Low-Low,0.8061,0.001
7502,Boalemo,Gorontalo,75,1830.8653530118258,0,0,0,0,0,0,,,0,0,0,0,0,0,0,False,0.0,0.0,0.0,0.0,0.0,0.0,0.0,0,122.33561,0.6877,Low-Low,0.7586,0.019
7324,Luwu Timur,Sulawesi Selatan,73,6745.549997216354,4,4,0,0,0,0,2025-06-09,2026-09-17,0,0,0,0,1,3,1,True,0.5929835227150724,0.0,0.0,0.0,0.0,0.1482458806787681,0.4447376420363042,1,121.08711,-2.51758,Low-Low,0.4794,0.018
2101,Bintan,Kepulauan Riau,21,1317.1373167601869,133,131,0,0,0,0,2021-01-21,2026-03-29,51,1,41,32,5,3,15,True,100.97656357284386,38.72033640763186,0.7592222825025855,31.128113582606005,24.295113040082736,3.7961114125129276,2.2776668475077564,5,104.57036,1.01982,High-High,3.0299,0.013
1204,Nias,Sumatera Utara,12,831.5777328351711,0,0,0,0,0,0,,,0,0,0,0,0,0,0,False,0.0,0.0,0.0,0.0,0.0,0.0,0.0,0,97.72814,1.09389,Tidak signifikan,-0.5234,0.108
5309,Ngada,Nusa Tenggara Timur,53,1735.6352177063413,0,0,0,0,0,0,,,0,0,0,0,0,0,0,False,0.0,0.0,0.0,0.0,0.0,0.0,0.0,0,120.99979,-8.64978,Tidak signifikan,0.5686,0.073
1108,Aceh Utara,Aceh,11,2702.907609970574,0,0,0,0,0,0,,,0,0,0,0,0,0,0,False,0.0,0.0,0.0,0.0,0.0,0.0,0.0,0,97.16211,4.99986,Low-High,-0.9226,0.025
6205,Barito Utara,Kalimantan Tengah,62,9984.807875044993,23,20,0,0,0,0,2021-07-26,2026-07-19,2,3,2,2,10,4,12,True,2.3034995052317275,0.20030430480275893,0.3004564572041384,0.20030430480275893,0.20030430480275893,1.0015215240137947,0.40060860960551786,2,115.04514,-0.75421,Tidak signifikan,0.0015,0.469
7415,Buton Selatan,Sulawesi Tenggara,74,517.6314631216899,0,0,0,0,0,0,,,0,0,0,0,0,0,0,False,0.0,0.0,0.0,0.0,0.0,0.0,0.0,0,122.69076,-5.5913,Low-Low,0.9216,0.003
5312,Sumba Barat,Nusa Tenggara Timur,53,757.3591178441347,2,2,0,0,15,0,2024-07-26,2024-10-07,0,0,0,2,0,0,0,True,2.6407551620862666,0.0,0.0,0.0,2.6407551620862666,0.0,0.0,3,119.43974,-9.58618,High-Low,-0.0276,0.02
7404,Buton,Sulawesi Tenggara,74,1669.5167878024793,0,0,0,0,0,0,,,0,0,0,0,0,0,0,False,0.0,0.0,0.0,0.0,0.0,0.0,0.0,0,122.95543,-5.36028,Low-Low,0.9216,0.003
1175,Kota Subulussalam,Aceh,11,1183.6008055378056,0,0,0,0,0,0,,,0,0,0,0,0,0,0,False,0.0,0.0,0.0,0.0,0.0,0.0,0.0,0,97.92744,2.75534,Tidak signifikan,-0.502,0.114
7408,Kolaka Utara,Sulawesi Tenggara,74,2932.623151760906,0,0,0,0,0,0,,,0,0,0,0,0,0,0,False,0.0,0.0,0.0,0.0,0.0,0.0,0.0,0,121.09728,-3.25917,Tidak signifikan,0.5237,0.099
1115,Nagan Raya,Aceh,11,3524.1643427691192,18,18,0,0,0,0,2021-02-09,2026-07-10,6,1,4,2,3,2,11,True,5.107593814951452,1.7025312716504837,0.2837552119417473,1.1350208477669892,0.5675104238834946,0.8512656358252418,0.5675104238834946,3,96.52728,4.18224,High-High,0.3432,0.041
3209,Cirebon,Jawa Barat,32,1076.759130154284,23,23,0,0,0,0,2021-06-07,2024-10-24,5,0,15,3,0,0,7,True,21.360394684282298,4.6435640618004985,0.0,13.930692185401497,2.7861384370802997,0.0,0.0,5,108.45642,-6.76119,High-High,1.662,0.015
1372,Kota Solok,Sumatera Barat,13,58.719942715130934,1,1,0,0,0,0,2025-07-22,2025-07-22,0,0,0,0,1,0,1,True,17.029989365815926,0.0,0.0,0.0,0.0,17.029989365815926,0.0,5,100.64408,-0.78034,Tidak signifikan,-0.4011,0.286
1117,Bener Meriah,Aceh,11,1907.399297521726,54,54,0,0,0,0,2021-02-25,2026-08-29,14,4,8,8,12,8,19,True,28.310799983077438,7.339837032649706,2.0970962950427734,4.194192590085547,4.194192590085547,6.29128888512832,4.194192590085547,5,96.97925,4.77572,Tidak signifikan,0.7237,0.143
8272,Kota Tidore Kepulauan,Maluku Utara,82,1703.3220172513625,2,2,0,0,0,0,2026-09-01,2026-09-15,0,0,0,0,0,2,1,True,1.1741760980858948,0.0,0.0,0.0,0.0,0.0,1.1741760980858948,2,127.71068,0.38243,Low-Low,0.2637,0.029
8207,Pulau Morotai,Maluku Utara,82,2337.3310643340933,0,0,0,0,0,0,,,0,0,0,0,0,0,0,False,0.0,0.0,0.0,0.0,0.0,0.0,0.0,0,128.44178,2.31295,Low-Low,0.7001,0.029
5308,Ende,Nusa Tenggara Timur,53,2085.1420749849394,2,2,0,0,0,0,2023-10-19,2026-09-22,0,0,1,0,0,1,2,True,0.959167254832957,0.0,0.0,0.4795836274164785,0.0,0.0,0.4795836274164785,2,121.69291,-8.6729,Low-Low,0.3635,0.012
1278,Kota Gunungsitoli,Sumatera Utara,12,281.218001062533,0,0,0,0,0,0,,,0,0,0,0,0,0,0,False,0.0,0.0,0.0,0.0,0.0,0.0,0.0,0,97.59513,1.27575,Tidak signifikan,-0.0169,0.425
1603,Muara Enim,Sumatera Selatan,16,6782.169704063599,49,46,0,0,0,0,2021-08-09,2026-08-03,1,3,1,34,8,2,6,True,7.224826587668722,0.1474454405646678,0.4423363216940034,0.1474454405646678,5.013144979198706,1.1795635245173424,0.2948908811293356,4,103.97548,-3.83068,Tidak signifikan,0.2993,0.139
3204,Bandung,Jawa Barat,32,1740.8434435176332,21,21,0,0,0,0,2021-04-26,2026-07-27,2,0,12,4,0,3,5,True,12.063118069690617,1.1488683875895829,0.0,6.8932103255374955,2.2977367751791657,0.0,1.7233025813843739,4,107.63428,-7.06126,Tidak signifikan,0.6242,0.089
7606,Mamuju Tengah,Sulawesi Barat,76,2758.334829489173,2,2,0,0,0,0,2023-08-18,2026-09-19,0,0,1,0,0,1,2,True,0.7250751354107319,0.0,0.0,0.36253756770536594,0.0,0.0,0.36253756770536594,1,119.53135,-2.02117,Low-Low,0.3999,0.027
6271,Kota Palangkaraya,Kalimantan Tengah,62,2848.699025685975,51,40,0,0,0,0,2021-03-06,2026-08-02,5,4,16,2,14,10,17,True,17.902909201760636,1.7551871766431997,1.4041497413145598,5.616598965258239,0.7020748706572799,4.914524094600959,3.5103743532863994,5,113.72623,-1.99347,Tidak signifikan,-0.2684,0.395
1672,Kota Pagar Alam,Sumatera Selatan,16,625.9131385166372,1,1,0,0,0,0,2024-10-27,2024-10-27,0,0,0,1,0,0,0,True,1.59766577574952,0.0,0.0,0.0,1.59766577574952,0.0,0.0,2,103.26256,-4.12631,Tidak signifikan,0.1496,0.05
7372,Kota Pare Pare,Sulawesi Selatan,73,89.67037187080498,2,2,0,0,0,0,2026-07-17,2026-08-05,0,0,0,0,0,2,2,True,22.303911072004407,0.0,0.0,0.0,0.0,0.0,22.303911072004407,5,119.66202,-4.02019,Tidak signifikan,-0.3836,0.34
2103,Natuna,Kepulauan Riau,21,1999.1547157672096,23,23,0,0,0,0,2023-01-16,2026-08-24,0,0,10,9,0,4,6,True,11.504862439410228,0.0,0.0,5.002114104091404,4.501902693682263,0.0,2.000845641636561,4,108.19019,3.93011,Tidak signifikan,0.2261,0.249
1302,Solok,Sumatera Barat,13,3590.4035802560797,5,5,0,0,0,0,2025-07-18,2026-06-01,0,0,0,0,4,1,14,True,1.3926011068770667,0.0,0.0,0.0,0.0,1.1140808855016535,0.2785202213754134,2,100.80433,-0.93088,Tidak signifikan,-0.0407,0.316
7405,Konawe Selatan,Sulawesi Tenggara,74,4237.740505624248,0,0,0,0,0,0,,,0,0,0,0,0,0,0,False,0.0,0.0,0.0,0.0,0.0,0.0,0.0,0,122.45033,-4.26,Tidak signifikan,0.4449,0.156
1222,Labuhanbatu Selatan,Sumatera Utara,12,3079.6098255179018,10,10,0,0,0,0,2024-02-23,2024-10-28,0,0,0,10,0,0,0,True,3.2471645976510315,0.0,0.0,0.0,3.2471645976510315,0.0,0.0,3,100.08211,1.84786,Tidak signifikan,0.09,0.096
7101,Bolaang Mongondow,Sulawesi Utara,71,3269.3047250998898,5,5,0,0,0,0,2023-09-21,2026-08-18,0,0,1,0,1,3,4,True,1.5293771674487244,0.0,0.0,0.30587543348974483,0.0,0.30587543348974483,0.9176263004692347,2,123.98704,0.721,Low-Low,0.2172,0.007
1605,Musi Rawas,Sumatera Selatan,16,6122.587737745853,7,7,0,0,0,0,2022-01-01,2025-07-22,0,1,1,4,1,0,1,True,1.1433074216062087,0.0,0.1633296316580298,0.1633296316580298,0.6533185266321192,0.1633296316580298,0.0,2,103.21557,-3.17582,Tidak signifikan,-0.0039,0.429
8103,Kepulauan Tanimbar,Maluku,81,4431.082113506081,1,1,0,0,0,0,2026-09-21,2026-09-21,0,0,0,0,0,1,1,True,0.22567850795451697,0.0,0.0,0.0,0.0,0.0,0.22567850795451697,1,131.42243,-7.57392,Low-Low,0.5727,0.036
1403,Bengkalis,Riau,14,8616.357925430199,47,44,0,1,0,0,2021-02-18,2026-07-16,7,8,11,1,17,3,34,True,5.454740901754424,0.8124082194102334,0.9284665364688381,1.2766414876446526,0.11605831705860477,1.9729913899962812,0.3481749511758143,4,101.56955,1.29658,High-High,0.5005,0.02
8107,Kepulauan Aru,Maluku,81,8096.729358190734,1,1,0,0,0,0,2026-09-17,2026-09-17,0,0,0,0,0,1,1,True,0.12350666000567127,0.0,0.0,0.0,0.0,0.0,0.12350666000567127,1,134.51622,-6.1463,Low-Low,0.8278,0.003
3404,Sleman,Daerah Istimewa Yogyakarta,34,573.7494830529452,18,14,0,0,0,0,2023-07-22,2024-02-25,0,0,17,1,0,0,0,True,31.372577286207285,0.0,0.0,29.629656325862438,1.7429209603448492,0.0,0.0,5,110.38085,-7.68888,High-High,4.1748,0.001
1801,Lampung Selatan,Lampung,18,2227.379240995606,1,1,0,0,0,0,2026-09-14,2026-09-14,0,0,0,0,0,1,1,True,0.44895812154243414,0.0,0.0,0.0,0.0,0.0,0.44895812154243414,1,105.51176,-5.54132,Tidak signifikan,-0.0419,0.388
3671,Kota Tangerang,Banten,36,178.34748691170017,1,1,0,0,0,0,2023-10-20,2023-10-20,0,0,1,0,0,0,1,True,5.6070316286267605,0.0,0.0,5.6070316286267605,0.0,0.0,0.0,4,106.63327,-6.17659,High-Low,-0.4233,0.01
7406,Bombana,Sulawesi Tenggara,74,3293.966398165593,2,2,0,0,0,0,2026-08-30,2026-09-27,0,0,0,0,0,2,2,True,0.607170735291592,0.0,0.0,0.0,0.0,0.0,0.607170735291592,1,121.7573,-4.63916,Low-Low,0.5193,0.007
1507,Tanjung Jabung Timur,Jambi,15,5057.836565452211,10,10,0,0,0,0,2021-03-01,2024-08-30,3,0,2,5,0,0,6,True,1.9771299192040854,0.5931389757612257,0.0,0.3954259838408171,0.9885649596020427,0.0,0.0,2,103.8746,-1.27089,Tidak signifikan,-0.0232,0.281
1810,Pringsewu,Lampung,18,617.1921468716725,3,3,0,0,0,0,2023-10-18,2026-09-23,0,0,1,0,0,2,3,True,4.860722896760649,0.0,0.0,1.620240965586883,0.0,0.0,3.240481931173766,3,104.97395,-5.36625,Tidak signifikan,-0.0811,0.393
6212,Murung Raya,Kalimantan Tengah,62,23575.328264496162,9,9,0,0,0,0,2021-07-28,2026-01-15,2,2,1,1,2,1,3,True,0.3817550236852383,0.08483444970783073,0.08483444970783073,0.042417224853915365,0.042417224853915365,0.08483444970783073,0.042417224853915365,1,114.12251,-0.03683,Tidak signifikan,0.2756,0.216
6504,Tana Tidung,Kalimantan Utara,65,3504.336205841575,0,0,0,0,0,0,,,0,0,0,0,0,0,0,False,0.0,0.0,0.0,0.0,0.0,0.0,0.0,0,116.93798,3.54121,Tidak signifikan,-0.2816,0.209
1609,Ogan Komering Ulu Selatan,Sumatera Selatan,16,4369.169611800444,2,2,0,0,0,0,2022-01-01,2023-01-01,0,1,1,0,0,0,0,True,0.4577528861773443,0.0,0.22887644308867214,0.22887644308867214,0.0,0.0,0.0,1,103.94552,-4.57337,Tidak signifikan,0.1006,0.429
8271,Kota Ternate,Maluku Utara,82,162.2023320483491,0,0,0,0,0,0,,,0,0,0,0,0,0,0,False,0.0,0.0,0.0,0.0,0.0,0.0,0.0,0,127.34084,0.81043,Tidak signifikan,0.5852,0.07
1905,Bangka Barat,Kepulauan Bangka Belitung,19,2851.408289406774,5,5,0,0,0,0,2022-02-15,2026-09-28,0,1,0,0,0,4,3,True,1.753519486695549,0.0,0.35070389733910984,0.0,0.0,0.0,1.4028155893564394,2,105.55224,-1.84089,Tidak signifikan,-0.1262,0.058
8202,Halmahera Tengah,Maluku Utara,82,2276.9033768875624,0,0,0,0,0,0,,,0,0,0,0,0,0,0,False,0.0,0.0,0.0,0.0,0.0,0.0,0.0,0,128.58288,0.38883,Tidak signifikan,0.5852,0.07
1812,Tulang Bawang Barat,Lampung,18,1257.0876042239533,0,0,0,0,0,0,,,0,0,0,0,0,0,0,False,0.0,0.0,0.0,0.0,0.0,0.0,0.0,0,105.13566,-4.43302,Tidak signifikan,0.3846,0.203
1104,Aceh Tengah,Aceh,11,4468.417436220964,52,51,0,0,0,0,2021-02-20,2026-09-02,12,15,11,0,4,10,45,True,11.63722967744426,2.6855145409486756,3.356893176185844,2.4617216625362857,0.0,0.8951715136495585,2.237928784123896,4,96.96191,4.56424,High-High,0.8185,0.037
3575,Kota Pasuruan,Jawa Timur,35,38.9956880710363,0,0,0,0,0,0,,,0,0,0,0,0,0,0,False,0.0,0.0,0.0,0.0,0.0,0.0,0.0,0,112.90879,-7.65153,Tidak signifikan,-0.6207,0.072
7317,Luwu,Sulawesi Selatan,73,2902.0694371707573,10,10,0,0,0,0,2026-08-07,2026-09-30,0,0,0,0,0,10,6,True,3.445816930469125,0.0,0.0,0.0,0.0,0.0,3.445816930469125,3,120.22145,-3.3489,Tidak signifikan,0.0843,0.135
7471,Kota Kendari,Sulawesi Tenggara,74,264.89542212639134,1,1,0,0,0,0,2026-08-13,2026-08-13,0,0,0,0,0,1,5,True,3.775074676537306,0.0,0.0,0.0,0.0,0.0,3.775074676537306,3,122.52859,-3.99657,Tidak signifikan,-0.1512,0.066
7315,Pinrang,Sulawesi Selatan,73,1896.5747748058036,18,18,1,0,0,0,2023-09-20,2026-09-26,0,0,3,3,1,11,9,True,9.49079373991098,0.0,0.0,1.5817989566518302,1.5817989566518302,0.5272663188839434,5.799929507723378,4,119.60497,-3.65658,Tidak signifikan,0.3366,0.157
7302,Bulukumba,Sulawesi Selatan,73,1175.5280420634117,1,1,0,0,0,0,2023-09-23,2023-09-23,0,0,1,0,0,0,0,True,0.8506815356311652,0.0,0.0,0.8506815356311652,0.0,0.0,0.0,1,120.24307,-5.45426,Tidak signifikan,0.0344,0.488
3319,Kudus,Jawa Tengah,33,447.44499749097884,19,18,0,0,0,0,2021-08-02,2026-08-12,1,0,12,1,3,2,10,True,42.463319752240764,2.234911565907409,0.0,26.818938790888904,2.234911565907409,6.704734697722226,4.469823131814818,5,110.86746,-6.79857,Tidak signifikan,0.8588,0.131
3511,Bondowoso,Jawa Timur,35,1554.991836157151,25,23,0,0,1,0,2021-08-17,2026-09-03,1,1,2,16,0,5,11,True,16.077254824554235,0.6430901929821692,0.6430901929821692,1.2861803859643384,10.289443087714707,0.0,3.2154509649108465,5,113.88317,-7.94149,Tidak signifikan,0.4208,0.172
8201,Halmahera Barat,Maluku Utara,82,2239.114418593108,1,1,0,0,0,0,2026-09-01,2026-09-01,0,0,0,0,0,1,2,True,0.4466051362521819,0.0,0.0,0.0,0.0,0.0,0.4466051362521819,1,127.57392,1.36269,Tidak signifikan,0.4502,0.053
3173,Kota Administrasi Jakarta Barat,DKI Jakarta,31,125.37742765580738,0,0,0,0,0,0,,,0,0,0,0,0,0,0,False,0.0,0.0,0.0,0.0,0.0,0.0,0.0,0,106.7444,-6.16152,Tidak signifikan,0.6422,0.051
9203,Fak Fak,Papua Barat,92,9736.570831027451,7,7,0,0,0,0,2023-08-26,2026-07-23,0,0,5,0,0,2,2,True,0.7189389489873742,0.0,0.0,0.5135278207052673,0.0,0.0,0.2054111282821069,1,133.08824,-3.27262,Low-Low,0.4898,0.007
1103,Aceh Timur,Aceh,11,5409.057176515269,1,1,0,0,0,0,2026-05-31,2026-05-31,0,0,0,0,0,1,1,True,0.18487510251171718,0.0,0.0,0.0,0.0,0.0,0.18487510251171718,1,97.643,4.70249,Tidak signifikan,-0.3634,0.136
3313,Karanganyar,Jawa Tengah,33,803.0466792253652,6,6,0,0,0,0,2023-08-30,2024-08-26,0,0,5,1,0,0,2,True,7.471545745992898,0.0,0.0,6.2262881216607475,1.2452576243321496,0.0,0.0,4,111.06927,-7.61953,High-High,1.2813,0.001
3602,Lebak,Banten,36,3312.1795845481556,0,0,0,0,0,0,,,0,0,0,0,0,0,0,False,0.0,0.0,0.0,0.0,0.0,0.0,0.0,0,106.18729,-6.64479,Tidak signifikan,0.3848,0.207
3271,Kota Bogor,Jawa Barat,32,111.36571709416708,0,0,0,0,0,0,,,0,0,0,0,0,0,0,False,0.0,0.0,0.0,0.0,0.0,0.0,0.0,0,106.80009,-6.59787,Low-Low,0.7432,0.024
1701,Bengkulu Selatan,Bengkulu,17,1219.2182503839383,0,0,0,0,0,0,,,0,0,0,0,0,0,0,False,0.0,0.0,0.0,0.0,0.0,0.0,0.0,0,103.00094,-4.35963,Tidak signifikan,0.4988,0.124
5171,Kota Denpasar,Bali,51,125.8716464161607,2,2,0,0,0,0,2023-10-12,2026-08-31,0,0,1,0,0,1,3,True,15.88920187305359,0.0,0.0,7.944600936526795,0.0,0.0,7.944600936526795,5,115.21764,-8.66525,Tidak signifikan,-0.7656,0.069
3520,Magetan,Jawa Timur,35,706.443564455726,18,18,0,0,0,0,2023-10-16,2026-09-30,0,0,1,5,0,12,10,True,25.479742339882396,0.0,0.0,1.4155412411045776,7.077706205522888,0.0,16.98649489325493,5,111.33494,-7.65463,High-High,1.4371,0.032
1971,Kota Pangkal Pinang,Kepulauan Bangka Belitung,19,104.54153702900723,13,13,0,0,0,0,2022-02-07,2026-09-28,0,1,6,0,0,6,3,True,124.35248581042843,0.0,9.565575831571417,57.393454989428506,0.0,0.0,57.393454989428506,5,106.10428,-2.10898,Tidak signifikan,0.3164,0.322
5319,Manggarai Timur,Nusa Tenggara Timur,53,2389.5295978239556,1,1,0,0,0,0,2023-10-01,2023-10-01,0,0,1,0,0,0,1,True,0.418492409933176,0.0,0.0,0.418492409933176,0.0,0.0,0.0,1,120.68645,-8.57387,Tidak signifikan,0.4463,0.064
7312,Soppeng,Sulawesi Selatan,73,1385.5397197660416,0,0,0,0,0,0,,,0,0,0,0,0,0,0,False,0.0,0.0,0.0,0.0,0.0,0.0,0.0,0,119.912,-4.32182,Tidak signifikan,0.0584,0.48
6104,Ketapang,Kalimantan Barat,61,30018.676339750047,44,44,1,0,0,0,2021-02-25,2026-01-18,4,8,24,1,5,2,14,True,1.4657541692381753,0.1332503790216523,0.2665007580433046,0.7995022741299138,0.03331259475541307,0.16656297377706536,0.06662518951082615,2,110.46441,-1.68211,Tidak signifikan,-0.0357,0.318
3321,Demak,Jawa Tengah,33,977.7704926558416,2,2,0,0,0,0,2024-08-30,2026-08-29,0,0,0,1,0,1,2,True,2.0454697856217323,0.0,0.0,0.0,1.0227348928108662,0.0,1.0227348928108662,2,110.65781,-6.92814,Low-High,-0.1237,0.013
1813,Pesisir Barat,Lampung,18,2939.5977692304896,5,5,0,0,0,0,2023-09-11,2026-09-25,0,0,4,0,0,1,2,True,1.7009129794342135,0.0,0.0,1.3607303835473707,0.0,0.0,0.3401825958868427,2,104.18119,-5.36083,Tidak signifikan,0.0513,0.332
3571,Kota Kediri,Jawa Timur,35,67.23227652557901,3,3,0,0,0,0,2022-08-12,2024-10-01,0,1,0,2,0,0,2,True,44.621425229571514,0.0,14.87380840985717,0.0,29.74761681971434,0.0,0.0,5,112.00828,-7.82376,Tidak signifikan,-0.0841,0.468
3218,Pangandaran,Jawa Barat,32,1128.1536247529066,2,2,0,0,0,0,2023-09-29,2026-08-04,0,0,1,0,0,1,1,True,1.7728082028172798,0.0,0.0,0.8864041014086399,0.0,0.0,0.8864041014086399,2,108.55633,-7.64088,Tidak signifikan,0.062,0.249
3172,Kota Administrasi Jakarta Utara,DKI Jakarta,31,147.1290322990858,0,0,0,0,0,0,,,0,0,0,0,0,0,0,False,0.0,0.0,0.0,0.0,0.0,0.0,0.0,0,106.90045,-6.13593,Low-Low,0.9216,0.004
3305,Kebumen,Jawa Tengah,33,1334.0995984790552,6,6,0,0,0,0,2023-10-09,2026-09-20,0,0,1,2,1,2,4,True,4.497415340534035,0.0,0.0,0.7495692234223393,1.4991384468446787,0.7495692234223393,1.4991384468446787,3,109.61294,-7.63841,Tidak signifikan,0.0466,0.319
7212,Morowali Utara,Sulawesi Tengah,72,8736.006179938278,2,2,0,0,0,0,2023-10-04,2024-01-23,0,0,1,1,0,0,2,True,0.2289375669848863,0.0,0.0,0.11446878349244315,0.11446878349244315,0.0,0.0,1,121.12123,-1.84222,Tidak signifikan,0.4287,0.113
1102,Aceh Tenggara,Aceh,11,4179.123219472757,5,5,0,0,0,0,2024-02-05,2025-08-23,0,0,0,3,2,0,3,True,1.1964232058778121,0.0,0.0,0.0,0.7178539235266874,0.4785692823511249,0.0,2,97.74567,3.33872,Tidak signifikan,-0.0673,0.283
6401,Paser,Kalimantan Timur,64,10694.963925030332,49,48,0,0,0,0,2021-03-07,2026-09-07,1,0,35,3,0,10,13,True,4.581595631689897,0.09350195166714075,0.0,3.272568308349926,0.2805058550014223,0.0,0.9350195166714075,3,116.01573,-1.68976,High-High,0.2942,0.044
9108,Paniai,Papua Tengah,91,5023.078689468475,0,0,0,0,0,0,,,0,0,0,0,0,0,0,False,0.0,0.0,0.0,0.0,0.0,0.0,0.0,0,136.37893,-3.74398,Low-Low,0.8985,0.004
2172,Kota Tanjung Pinang,Kepulauan Riau,21,150.384546955567,39,38,0,0,0,0,2021-01-10,2024-02-04,31,0,7,1,0,0,4,True,259.3351563676489,206.13820121531063,0.0,46.54733575829595,6.649619394042278,0.0,0.0,5,104.49488,0.91483,High-High,3.1335,0.029
9205,Raja Ampat,Papua Barat Daya,92,7440.065510116291,2,2,1,0,1,0,2026-07-23,2026-09-02,0,0,0,0,0,2,0,True,0.26881483735332584,0.0,0.0,0.0,0.0,0.0,0.26881483735332584,1,130.07086,-1.86709,Tidak signifikan,-0.0009,0.437
1504,Batanghari,Jambi,15,5387.515700777772,64,64,0,0,0,0,2021-03-01,2026-07-19,10,2,28,19,1,4,43,True,11.879315728167736,1.8561430825262086,0.37122861650524175,5.197200631073384,3.5266718567997963,0.18561430825262087,0.7424572330104835,4,103.0075,-1.85924,Tidak signifikan,-0.3242,0.282
7313,Wajo,Sulawesi Selatan,73,2615.251787986605,0,0,0,0,0,0,,,0,0,0,0,0,0,0,False,0.0,0.0,0.0,0.0,0.0,0.0,0.0,0,120.12785,-3.96436,Tidak signifikan,-0.455,0.138
1409,Kuantan Singingi,Riau,14,5457.862366950329,19,17,0,0,0,0,2022-01-01,2026-08-14,0,1,11,0,5,2,18,True,3.481216403523302,0.0,0.18322191597491067,2.0154410757240173,0.0,0.9161095798745532,0.36644383194982133,3,101.48898,-0.48749,Tidak signifikan,-0.0732,0.233
9126,Dogiyai,Papua Tengah,91,4381.844302868922,0,0,0,0,0,0,,,0,0,0,0,0,0,0,False,0.0,0.0,0.0,0.0,0.0,0.0,0.0,0,135.65479,-4.04077,Low-Low,0.8985,0.004
3206,Tasikmalaya,Jawa Barat,32,2705.859042485141,0,0,0,0,0,0,,,0,0,0,0,0,0,0,False,0.0,0.0,0.0,0.0,0.0,0.0,0.0,0,108.06855,-7.42703,Tidak signifikan,0.3861,0.207
3323,Temanggung,Jawa Tengah,33,864.8341407339434,3,3,0,0,0,0,2023-09-20,2026-09-06,0,0,2,0,0,1,1,True,3.4688732309458126,0.0,0.0,2.3125821539638753,0.0,0.0,1.1562910769819377,3,110.12208,-7.24042,High-High,0.2327,0.014
9271,Kota Sorong,Papua Barat Daya,92,205.19258445753601,12,12,0,0,0,0,2026-07-21,2026-09-10,0,0,0,0,0,12,2,True,58.48164558053688,0.0,0.0,0.0,0.0,0.0,58.48164558053688,5,131.30728,-0.86662,High-Low,-1.8261,0.013
1704,Kaur,Bengkulu,17,2608.5561012403036,0,0,0,0,0,0,,,0,0,0,0,0,0,0,False,0.0,0.0,0.0,0.0,0.0,0.0,0.0,0,103.36522,-4.59054,Tidak signifikan,0.3461,0.243
7201,Banggai,Sulawesi Tengah,72,8252.881515098863,5,5,0,0,0,0,2023-05-14,2026-08-02,0,0,4,0,0,1,2,True,0.6058489984198088,0.0,0.0,0.484679198735847,0.0,0.0,0.12116979968396176,1,122.31957,-1.09273,Tidak signifikan,0.3298,0.107
7172,Kota Bitung,Sulawesi Utara,71,329.71657069930916,2,2,0,0,0,0,2026-08-19,2026-09-25,0,0,0,0,0,2,6,True,6.065815848315173,0.0,0.0,0.0,0.0,0.0,6.065815848315173,4,125.15919,1.49685,Tidak signifikan,0.1785,0.203
1901,Bangka,Kepulauan Bangka Belitung,19,3016.8518777769254,7,7,0,0,0,0,2021-03-22,2023-09-17,2,0,5,0,0,0,2,True,2.3202995319605146,0.66294272341729,0.0,1.6573568085432249,0.0,0.0,0.0,3,105.93533,-1.92503,Tidak signifikan,-0.0238,0.073
3301,Cilacap,Jawa Tengah,33,2323.926112817559,26,25,0,0,0,0,2023-08-05,2026-09-20,0,0,21,3,0,2,15,True,11.187963273271738,0.0,0.0,9.036431874565633,1.290918839223662,0.0,0.8606125594824412,4,108.8161,-7.44515,Tidak signifikan,-0.1576,0.432
9211,Manokwari Selatan,Papua Barat,92,1844.0010436400812,2,2,0,0,0,0,2023-08-12,2026-08-04,0,0,1,0,0,1,0,True,1.0845980846366414,0.0,0.0,0.5422990423183207,0.0,0.0,0.5422990423183207,2,134.07071,-1.52517,Low-Low,0.3593,0.006
1105,Aceh Barat,Aceh,11,2782.873007504717,36,35,0,0,0,0,2021-02-18,2026-09-01,5,2,8,3,11,7,53,True,12.936271221473975,1.79670433631583,0.718681734526332,2.874726938105328,1.0780226017894978,3.952749539894826,2.515386070842162,4,96.17957,4.42858,Tidak signifikan,-0.1109,0.48
6309,Tabalong,Kalimantan Selatan,63,3473.0689216827745,10,10,0,0,0,0,2021-07-26,2023-10-01,1,2,7,0,0,0,4,True,2.8792978848098385,0.2879297884809839,0.5758595769619678,2.0155085193668874,0.0,0.0,0.0,3,115.51556,-1.83641,Tidak signifikan,0.0507,0.099
1771,Kota Bengkulu,Bengkulu,17,150.34831827599572,0,0,0,0,0,0,,,0,0,0,0,0,0,0,False,0.0,0.0,0.0,0.0,0.0,0.0,0.0,0,102.33323,-3.86047,Tidak signifikan,0.2272,0.348
6372,Kota Banjarbaru,Kalimantan Selatan,63,305.1526481943627,122,122,0,0,0,0,2021-03-04,2026-07-25,30,3,79,1,3,6,52,True,399.7999057910643,98.31145224370434,9.831145224370433,258.88682424175477,3.277048408123478,9.831145224370433,19.662290448740865,5,114.78506,-3.47399,High-High,5.8823,0.002
9210,Maybrat,Papua Barat Daya,92,5401.936060282629,0,0,0,0,0,0,,,0,0,0,0,0,0,0,False,0.0,0.0,0.0,0.0,0.0,0.0,0.0,0,132.56552,-1.40471,Low-Low,0.7904,0.012
5206,Bima,Nusa Tenggara Barat,52,4216.0308212324,2,2,0,0,0,0,2024-06-16,2024-06-19,0,0,0,2,0,0,1,True,0.47437983373550724,0.0,0.0,0.0,0.47437983373550724,0.0,0.0,1,118.76105,-8.56465,Low-Low,0.5028,0.02
5271,Kota Mataram,Nusa Tenggara Barat,52,60.42409369557592,1,1,0,0,0,0,2026-09-10,2026-09-10,0,0,0,0,0,1,1,True,16.54968968236618,0.0,0.0,0.0,0.0,0.0,16.54968968236618,5,116.11629,-8.58894,Tidak signifikan,-0.4872,0.214
6407,Kutai Barat,Kalimantan Timur,64,13769.366942549717,54,52,0,1,0,0,2022-09-18,2026-09-07,0,1,27,16,0,10,10,True,3.9217489246459616,0.0,0.07262498008603632,1.9608744623229808,1.1619996813765812,0.0,0.7262498008603632,3,115.74641,-0.42092,Tidak signifikan,0.0332,0.319
1221,Padang Lawas,Sumatera Utara,12,3914.413105902338,17,17,0,0,0,0,2023-06-21,2025-11-11,0,0,3,10,4,0,8,True,4.342924351639481,0.0,0.0,0.7663984149952027,2.554661383317342,1.0218645533269368,0.0,3,99.81751,1.15374,Tidak signifikan,0.1394,0.158
5272,Kota Bima,Nusa Tenggara Barat,52,207.9453786011136,0,0,0,0,0,0,,,0,0,0,0,0,0,0,False,0.0,0.0,0.0,0.0,0.0,0.0,0.0,0,118.79477,-8.43633,Tidak signifikan,0.5512,0.093
1571,Kota Jambi,Jambi,15,169.88731436518754,0,0,0,0,0,0,,,0,0,0,0,0,0,0,False,0.0,0.0,0.0,0.0,0.0,0.0,0.0,0,103.61194,-1.6215,Tidak signifikan,-0.2285,0.244
7207,Banggai Kepulauan,Sulawesi Tengah,72,2385.072933600779,4,4,0,0,0,0,2024-02-17,2026-09-19,0,0,0,1,0,3,3,True,1.6770975611052459,0.0,0.0,0.0,0.41927439027631147,0.0,1.2578231708289342,2,123.38968,-1.39886,Tidak signifikan,0.1179,0.089
1114,Aceh Jaya,Aceh,11,3872.352468012239,10,10,0,0,0,0,2021-02-23,2026-02-08,4,0,1,4,0,1,6,True,2.582409551456253,1.0329638205825011,0.0,0.2582409551456253,1.0329638205825011,0.0,0.2582409551456253,3,95.6998,4.81188,Tidak signifikan,0.0143,0.095
1109,Simeulue,Aceh,11,1821.746512852574,0,0,0,0,0,0,,,0,0,0,0,0,0,0,False,0.0,0.0,0.0,0.0,0.0,0.0,0.0,0,96.02318,2.62905,Tidak signifikan,-0.5141,0.118
3309,Boyolali,Jawa Tengah,33,1096.593902693075,7,6,0,0,0,0,2021-08-26,2026-09-23,1,0,1,0,0,5,8,True,6.383402262960808,0.9119146089944012,0.0,0.9119146089944012,0.0,0.0,4.559573044972006,4,110.70582,-7.38367,High-High,1.238,0.001
8205,Kepulauan Sula,Maluku Utara,82,1778.521265805886,0,0,0,0,0,0,,,0,0,0,0,0,0,0,False,0.0,0.0,0.0,0.0,0.0,0.0,0.0,0,125.83056,-1.86265,Tidak signifikan,0.594,0.07
7173,Kota Tomohon,Sulawesi Utara,71,169.06444116394772,1,1,1,0,0,0,2023-08-30,2023-08-30,0,0,1,0,0,0,1,True,5.914904359044164,0.0,0.0,5.914904359044164,0.0,0.0,0.0,4,124.80524,1.32402,Tidak signifikan,0.1748,0.202
7206,Morowali,Sulawesi Tengah,72,4486.891118990047,0,0,0,0,0,0,,,0,0,0,0,0,0,0,False,0.0,0.0,0.0,0.0,0.0,0.0,0.0,0,121.87676,-2.71475,Low-Low,0.7445,0.023
6208,Sukamara,Kalimantan Tengah,62,3311.2296662755434,57,56,0,0,0,0,2021-02-25,2026-08-02,8,9,21,3,9,7,8,True,17.214148743754567,2.4160208763164306,2.7180234858559844,6.342054800330629,0.9060078286186615,2.7180234858559844,2.1140182667768768,5,111.18224,-2.54094,Tidak signifikan,-0.11,0.494
9123,Lanny Jaya,Papua Pegunungan,91,2279.4544235119206,0,0,0,0,0,0,,,0,0,0,0,0,0,0,False,0.0,0.0,0.0,0.0,0.0,0.0,0.0,0,138.34902,-3.99705,Low-Low,0.8731,0.007
3306,Purworejo,Jawa Tengah,33,1081.9652543947725,5,5,0,0,0,0,2023-11-05,2026-09-25,0,0,1,1,0,3,6,True,4.62122048715593,0.0,0.0,0.9242440974311859,0.9242440974311859,0.0,2.7727322922935578,3,109.9665,-7.70694,High-High,0.4606,0.012
6503,Nunukan,Kalimantan Utara,65,13564.25026731222,27,27,0,0,0,0,2021-03-10,2026-05-14,1,0,19,0,1,6,8,True,1.9905265287729095,0.07372320476936702,0.0,1.4007408906179732,0.0,0.07372320476936702,0.44233922861620206,2,116.98375,3.90747,Tidak signifikan,-0.0144,0.314
6310,Tanah Bumbu,Kalimantan Selatan,63,4884.832710612166,31,31,0,0,0,0,2021-02-11,2026-07-19,4,0,24,0,1,2,41,True,6.346174339328622,0.8188612050746608,0.0,4.913167230447965,0.0,0.2047153012686652,0.4094306025373304,4,115.69903,-3.43296,High-High,0.7163,0.012
3214,Purwakarta,Jawa Barat,32,993.0916574546061,1,1,0,0,0,0,2023-09-12,2023-09-12,0,0,1,0,0,0,6,True,1.0069563997376645,0.0,0.0,1.0069563997376645,0.0,0.0,0.0,2,107.40209,-6.59133,Tidak signifikan,-0.2464,0.111
1375,Kota Bukittinggi,Sumatera Barat,13,24.172738178497955,0,0,0,0,0,0,,,0,0,0,0,0,0,0,False,0.0,0.0,0.0,0.0,0.0,0.0,0.0,0,100.37284,-0.29824,Tidak signifikan,0.1347,0.448
3320,Jepara,Jawa Tengah,33,1020.2457245022188,4,4,0,0,0,0,2023-09-06,2026-08-08,0,0,2,0,0,2,3,True,3.9206241241065856,0.0,0.0,1.9603120620532928,0.0,0.0,1.9603120620532928,3,110.78318,-6.59955,Tidak signifikan,0.2081,0.061
5320,Sabu Raijua,Nusa Tenggara Timur,53,460.95659412339984,2,2,0,0,0,0,2023-07-13,2026-06-11,0,0,1,0,0,1,3,True,4.33880331792063,0.0,0.0,2.169401658960315,0.0,0.0,2.169401658960315,3,121.88841,-10.52224,Tidak signifikan,-0.1025,0.29
1673,Kota Lubuk Linggau,Sumatera Selatan,16,367.72565593216757,1,1,0,0,0,0,2022-03-22,2022-03-22,0,1,0,0,0,0,1,True,2.7194186314388267,0.0,2.7194186314388267,0.0,0.0,0.0,0.0,3,102.84944,-3.25427,Tidak signifikan,-0.0039,0.485
8101,Maluku Tengah,Maluku,81,8253.931980293462,3,3,0,0,0,0,2023-07-20,2026-09-14,0,0,2,0,0,1,2,True,0.3634631357712421,0.0,0.0,0.24230875718082806,0.0,0.0,0.12115437859041403,1,129.46851,-3.12139,Tidak signifikan,0.246,0.259
1311,Solok Selatan,Sumatera Barat,13,3282.1439682610776,0,0,0,0,0,0,,,0,0,0,0,0,0,0,False,0.0,0.0,0.0,0.0,0.0,0.0,0.0,0,101.26907,-1.36471,Tidak signifikan,0.1883,0.389
8109,Buru Selatan,Maluku,81,3678.412439258095,1,1,0,0,0,0,2026-09-11,2026-09-11,0,0,0,0,0,1,1,True,0.2718564099358286,0.0,0.0,0.0,0.0,0.0,0.2718564099358286,1,126.35047,-3.48654,Tidak signifikan,0.2874,0.238
3101,Administrasi Kepulauan Seribu,DKI Jakarta,31,10.725105311865251,0,0,0,0,0,0,,,0,0,0,0,0,0,0,False,0.0,0.0,0.0,0.0,0.0,0.0,0.0,0,106.58031,-5.6352,Tidak signifikan,0.5417,0.112
7314,Sidenreng Rappang,Sulawesi Selatan,73,1825.763073420274,7,7,0,0,0,0,2026-08-24,2026-09-30,0,0,0,0,0,7,4,True,3.8340133514074335,0.0,0.0,0.0,0.0,0.0,3.8340133514074335,3,120.00294,-3.80997,Tidak signifikan,0.1172,0.136
3315,Grobogan,Jawa Tengah,33,2023.84920283192,9,9,0,0,0,0,2023-08-16,2026-09-25,0,0,3,0,0,6,5,True,4.446971635735771,0.0,0.0,1.4823238785785906,0.0,0.0,2.964647757157181,3,110.9002,-7.10637,High-High,0.3165,0.04
3402,Bantul,Daerah Istimewa Yogyakarta,34,511.7064514150976,28,17,0,0,0,0,2023-07-29,2023-12-23,0,0,28,0,0,0,0,True,54.71887235849276,0.0,0.0,54.71887235849276,0.0,0.0,0.0,5,110.38535,-7.89795,High-High,5.0558,0.001
3273,Kota Bandung,Jawa Barat,32,166.59306319423717,1,1,0,0,0,0,2026-09-14,2026-09-14,0,0,0,0,0,1,1,True,6.002650895698233,0.0,0.0,0.0,0.0,0.0,6.002650895698233,4,107.62974,-6.90318,Tidak signifikan,0.3418,0.09
5321,Malaka,Nusa Tenggara Timur,53,1119.973393868015,0,0,0,0,0,0,,,0,0,0,0,0,0,0,False,0.0,0.0,0.0,0.0,0.0,0.0,0.0,0,124.87665,-9.54552,Tidak signifikan,0.5859,0.075
1275,Kota Binjai,Sumatera Utara,12,93.77007523722305,1,1,0,0,0,0,2024-04-08,2024-04-08,0,0,0,1,0,0,0,True,10.66438303979348,0.0,0.0,0.0,10.66438303979348,0.0,0.0,4,98.48948,3.60032,Tidak signifikan,-0.0816,0.494
7472,Kota Bau Bau,Sulawesi Tenggara,74,294.13281723155063,0,0,0,0,0,0,,,0,0,0,0,0,0,0,False,0.0,0.0,0.0,0.0,0.0,0.0,0.0,0,122.70326,-5.42315,Low-Low,0.9216,0.004
9124,Nduga,Papua Pegunungan,91,6236.538127192418,0,0,0,0,0,0,,,0,0,0,0,0,0,0,False,0.0,0.0,0.0,0.0,0.0,0.0,0.0,0,138.26041,-4.41701,Low-Low,0.8731,0.007
6371,Kota Banjarmasin,Kalimantan Selatan,63,98.37205419880394,3,3,0,0,0,0,2023-01-01,2023-08-25,0,0,3,0,0,0,1,True,30.496465936730186,0.0,0.0,30.496465936730186,0.0,0.0,0.0,5,114.59752,-3.32472,High-High,3.3965,0.001
1572,Kota Sungai Penuh,Jambi,15,364.924203554007,2,2,0,0,0,0,2021-11-29,2024-07-28,1,0,0,1,0,0,0,True,5.48059016234589,2.740295081172945,0.0,0.0,2.740295081172945,0.0,0.0,4,101.33973,-2.13942,Tidak signifikan,-0.1876,0.218
1707,Lebong,Bengkulu,17,1666.6214149841571,0,0,0,0,0,0,,,0,0,0,0,0,0,0,False,0.0,0.0,0.0,0.0,0.0,0.0,0.0,0,102.21067,-3.05236,Tidak signifikan,0.3086,0.277
3507,Malang,Jawa Timur,35,3473.4388684132205,12,12,0,0,0,0,2023-08-26,2026-09-22,0,0,2,6,0,4,9,True,3.4547894621453317,0.0,0.0,0.5757982436908886,1.7273947310726658,0.0,1.1515964873817772,3,112.68793,-8.10502,Tidak signifikan,0.1552,0.056
5315,Manggarai Barat,Nusa Tenggara Timur,53,3128.9973357002627,4,4,0,0,0,0,2024-07-12,2026-07-15,0,0,0,2,0,2,2,True,1.2783647829808102,0.0,0.0,0.0,0.6391823914904051,0.0,0.6391823914904051,2,120.06108,-8.57414,Low-Low,0.2301,0.036
1209,Asahan,Sumatera Utara,12,3737.8298915237365,10,9,0,0,0,0,2023-07-31,2024-07-30,0,0,3,7,0,0,2,True,2.6753491438112165,0.0,0.0,0.8026047431433649,1.8727444006678515,0.0,0.0,3,99.6233,2.85179,Tidak signifikan,0.0054,0.317
3518,Nganjuk,Jawa Timur,35,1289.0666723551471,3,3,0,0,0,0,2024-08-30,2026-09-16,0,0,0,1,0,2,2,True,2.3272651945294247,0.0,0.0,0.0,0.7757550648431416,0.0,1.5515101296862832,3,111.94648,-7.61502,Tidak signifikan,-0.0235,0.078
7208,Parigi Moutong,Sulawesi Tengah,72,5805.609906371827,17,16,0,0,0,0,2026-01-23,2026-09-30,0,0,0,0,0,17,13,True,2.9282022516431914,0.0,0.0,0.0,0.0,0.0,2.9282022516431914,3,119.95966,-0.23684,High-Low,-0.0793,0.01
3217,Bandung Barat,Jawa Barat,32,1283.438839822328,1,1,0,0,0,0,2023-10-17,2023-10-17,0,0,1,0,0,0,0,True,0.77915672252714,0.0,0.0,0.77915672252714,0.0,0.0,0.0,1,107.41242,-6.89772,Tidak signifikan,-0.2961,0.111
9204,Sorong Selatan,Papua Barat Daya,92,6551.232009977723,2,2,0,0,0,0,2026-07-24,2026-07-26,0,0,0,0,0,2,0,True,0.30528608923542017,0.0,0.0,0.0,0.0,0.0,0.30528608923542017,1,132.14788,-1.66223,Tidak signifikan,0.2076,0.326
1307,Lima Puluh Kota,Sumatera Barat,13,3273.4048251305853,32,32,0,0,0,0,2021-02-17,2026-08-13,6,5,7,2,11,1,21,True,9.775753904414628,1.8329538570777426,1.5274615475647855,2.1384461665906995,0.6109846190259143,3.360415404642528,0.30549230951295714,4,100.59106,0.02753,Tidak signifikan,-0.3079,0.259
1705,Seluma,Bengkulu,17,2432.1635809693935,0,0,0,0,0,0,,,0,0,0,0,0,0,0,False,0.0,0.0,0.0,0.0,0.0,0.0,0.0,0,102.67499,-4.07807,Tidak signifikan,0.3859,0.209
7111,Bolaang Mongondow Selatan,Sulawesi Utara,71,1796.0711484140309,0,0,0,0,0,0,,,0,0,0,0,0,0,0,False,0.0,0.0,0.0,0.0,0.0,0.0,0.0,0,124.17981,0.4536,Low-Low,0.714,0.026
1301,Pesisir Selatan,Sumatera Barat,13,6045.648867019229,11,11,0,0,0,0,2021-02-20,2025-08-19,1,1,6,0,3,0,8,True,1.819490387542716,0.16540821704933784,0.16540821704933784,0.992449302296027,0.0,0.4962246511480135,0.0,2,100.92719,-1.71861,Tidak signifikan,0.0644,0.215
7503,Bone Bolango,Gorontalo,75,1888.9975996575865,0,0,0,0,0,0,,,0,0,0,0,0,0,0,False,0.0,0.0,0.0,0.0,0.0,0.0,0.0,0,123.30986,0.55625,Low-Low,0.714,0.026
9118,Asmat,Papua Selatan,91,24708.97215458606,0,0,0,0,0,0,,,0,0,0,0,0,0,0,False,0.0,0.0,0.0,0.0,0.0,0.0,0.0,0,138.8112,-5.54315,Low-Low,0.8731,0.006
9103,Jayapura,Papua,91,14054.012788495442,0,0,0,0,0,0,,,0,0,0,0,0,0,0,False,0.0,0.0,0.0,0.0,0.0,0.0,0.0,0,139.94691,-3.03662,Low-Low,0.9216,0.004
1872,Kota Metro,Lampung,18,73.21404965477365,0,0,0,0,0,0,,,0,0,0,0,0,0,0,False,0.0,0.0,0.0,0.0,0.0,0.0,0.0,0,105.31032,-5.11663,Tidak signifikan,-0.0596,0.372
1305,Padang Pariaman,Sumatera Barat,13,1342.266422887482,4,4,0,0,2,0,2021-02-16,2021-02-22,4,0,0,0,0,0,6,True,2.9800343149426363,2.9800343149426363,0.0,0.0,0.0,0.0,0.0,3,100.27445,-0.56877,Tidak signifikan,-0.0369,0.256
3327,Pemalang,Jawa Tengah,33,1137.4125174455592,3,3,0,0,0,0,2023-08-16,2023-09-02,0,0,3,0,0,0,0,True,2.6375654865637532,0.0,0.0,2.6375654865637532,0.0,0.0,0.0,3,109.39238,-7.01045,Tidak signifikan,0.0105,0.22
3471,Kota Yogyakarta,Daerah Istimewa Yogyakarta,34,32.81906252469032,14,13,0,0,0,0,2023-08-03,2023-12-26,0,0,14,0,0,0,0,True,426.58135007566324,0.0,0.0,426.58135007566324,0.0,0.0,0.0,5,110.37424,-7.80329,High-High,7.6048,0.001
3375,Kota Pekalongan,Jawa Tengah,33,46.19981148049352,0,0,0,0,0,0,,,0,0,0,0,0,0,0,False,0.0,0.0,0.0,0.0,0.0,0.0,0.0,0,109.67466,-6.89359,Tidak signifikan,-0.0338,0.391
6472,Kota Samarinda,Kalimantan Timur,64,716.783310900821,51,47,0,0,2,0,2023-08-01,2026-09-08,0,0,19,28,0,4,9,True,71.15121016964736,0.0,0.0,26.507313592613723,39.06340950490443,0.0,5.580487072129205,5,117.15639,-0.51604,High-High,2.8853,0.01
9110,Sarmi,Papua,91,14068.37386428514,0,0,0,0,0,0,,,0,0,0,0,0,0,0,False,0.0,0.0,0.0,0.0,0.0,0.0,0.0,0,139.23634,-2.55572,Low-Low,0.9216,0.004
7601,Pasangkayu,Sulawesi Barat,76,2903.183498606881,0,0,0,0,0,0,,,0,0,0,0,0,0,0,False,0.0,0.0,0.0,0.0,0.0,0.0,0.0,0,119.37957,-1.34541,Low-Low,0.7877,0.012
1811,Mesuji,Lampung,18,2200.413735195517,17,17,0,0,0,0,2023-09-01,2026-09-20,0,0,6,4,0,7,11,True,7.725819798379631,0.0,0.0,2.7267599288398703,1.8178399525599132,0.0,3.181219916979848,4,105.375,-3.97523,High-Low,-0.5534,0.019
1304,Tanah Datar,Sumatera Barat,13,1377.1856186966927,14,14,0,0,0,0,2024-10-25,2025-08-25,0,0,0,1,13,0,9,True,10.165659450647603,0.0,0.0,0.0,0.7261185321891145,9.439540918458487,0.0,4,100.63616,-0.46903,Tidak signifikan,-0.4625,0.127
1604,Lahat,Sumatera Selatan,16,4333.0645859549295,11,11,0,0,0,0,2022-01-01,2026-01-01,0,1,4,5,0,1,4,True,2.538618980122078,0.0,0.23078354364746168,0.9231341745898467,1.1539177182373086,0.0,0.23078354364746168,3,103.41844,-3.8806,Tidak signifikan,-0.0026,0.403
1274,Kota Tanjung Balai,Sumatera Utara,12,60.07206217749221,0,0,0,0,0,0,,,0,0,0,0,0,0,0,False,0.0,0.0,0.0,0.0,0.0,0.0,0.0,0,99.7957,2.97296,Tidak signifikan,0.0232,0.444
9117,Mappi,Papua Selatan,91,24262.214173846656,0,0,0,0,0,0,,,0,0,0,0,0,0,0,False,0.0,0.0,0.0,0.0,0.0,0.0,0.0,0,139.28127,-6.33967,Low-Low,0.9152,0.003
3210,Majalengka,Jawa Barat,32,1330.1701599323633,45,44,0,1,0,0,2021-08-06,2024-09-07,3,3,37,2,0,0,23,True,33.830258229735186,2.2553505486490124,2.2553505486490124,27.815990100004488,1.5035670324326749,0.0,0.0,5,108.27657,-6.80723,High-High,1.9364,0.017
8106,Seram Bagian Barat,Maluku,81,5009.511163290501,4,4,0,0,0,0,2023-08-14,2026-08-11,0,0,3,0,0,1,2,True,0.7984811031686767,0.0,0.0,0.5988608273765075,0.0,0.0,0.19962027579216918,1,128.53487,-3.20102,Tidak signifikan,0.1762,0.263
5104,Gianyar,Bali,51,364.35816366158593,0,0,0,0,0,0,,,0,0,0,0,0,0,0,False,0.0,0.0,0.0,0.0,0.0,0.0,0.0,0,115.28559,-8.48214,Tidak signifikan,-0.2295,0.257
3508,Lumajang,Jawa Timur,35,1797.098406107494,6,6,0,0,0,0,2023-11-02,2026-08-27,0,0,1,1,1,3,6,True,3.3387153311186615,0.0,0.0,0.5564525551864435,0.5564525551864435,0.5564525551864435,1.6693576655593307,3,113.14468,-8.12593,Tidak signifikan,0.0382,0.264
9127,Intan Jaya,Papua Tengah,91,6536.276694999139,0,0,0,0,0,0,,,0,0,0,0,0,0,0,False,0.0,0.0,0.0,0.0,0.0,0.0,0.0,0,136.71845,-3.52296,Low-Low,0.8985,0.004
6408,Kutai Timur,Kalimantan Timur,64,31532.366486650324,29,27,0,0,0,0,2021-07-28,2026-08-23,1,0,11,15,1,1,2,True,0.9196899323200992,0.031713445942072385,0.0,0.34884790536279625,0.4757016891310858,0.031713445942072385,0.031713445942072385,1,117.01124,0.94519,Low-High,-0.4189,0.038
6108,Landak,Kalimantan Barat,61,8430.710560457854,5,5,0,0,0,0,2021-07-08,2026-09-09,1,0,3,0,0,1,2,True,0.5930698206449233,0.11861396412898466,0.0,0.35584189238695396,0.0,0.0,0.11861396412898466,1,109.70702,0.50368,Tidak signifikan,-0.1609,0.239
8102,Maluku Tenggara,Maluku,81,1016.8761907600549,0,0,0,0,0,0,,,0,0,0,0,0,0,0,False,0.0,0.0,0.0,0.0,0.0,0.0,0.0,0,132.72264,-5.77161,Low-Low,0.7857,0.012
8172,Kota Tual,Maluku,81,234.46443768633588,0,0,0,0,0,0,,,0,0,0,0,0,0,0,False,0.0,0.0,0.0,0.0,0.0,0.0,0.0,0,132.7188,-5.54111,Low-Low,0.7857,0.012
2105,Kepulauan Anambas,Kepulauan Riau,21,627.026673020932,3,3,0,0,0,0,2023-04-28,2024-04-14,0,0,1,2,0,0,1,True,4.784485459839204,0.0,0.0,1.594828486613068,3.189656973226136,0.0,0.0,3,105.76037,2.93897,High-High,0.6455,0.001
9115,Waropen,Papua,91,10924.595703988158,0,0,0,0,0,0,,,0,0,0,0,0,0,0,False,0.0,0.0,0.0,0.0,0.0,0.0,0.0,0,136.73357,-2.79608,Low-Low,0.8985,0.004
3372,Kota Surakarta,Jawa Tengah,33,46.71839794132545,4,4,0,0,0,0,2023-09-16,2026-09-24,0,0,1,0,0,3,3,True,85.6193742992574,0.0,0.0,21.40484357481435,0.0,0.0,64.21453072444305,5,110.82268,-7.55858,High-High,4.0606,0.001
9112,Pegunungan Bintang,Papua Pegunungan,91,15408.355168840288,0,0,0,0,0,0,,,0,0,0,0,0,0,0,False,0.0,0.0,0.0,0.0,0.0,0.0,0.0,0,140.51365,-4.50604,Low-Low,0.8731,0.006
6111,Kayong Utara,Kalimantan Barat,61,4110.123013611277,5,5,0,0,0,0,2023-01-02,2026-01-16,0,0,3,1,0,1,3,True,1.2165086016748803,0.0,0.0,0.7299051610049282,0.24330172033497607,0.0,0.24330172033497607,2,110.05856,-1.04343,Tidak signifikan,0.0322,0.495
1306,Agam,Sumatera Barat,13,2226.2703668191402,8,8,0,0,0,0,2021-02-12,2025-08-31,4,1,0,1,2,0,4,True,3.593453930499139,1.7967269652495694,0.44918174131239236,0.0,0.44918174131239236,0.8983634826247847,0.0,3,100.17017,-0.25488,High-Low,-0.1605,0.026
6301,Tanah Laut,Kalimantan Selatan,63,3841.3723502206967,104,104,0,0,0,0,2021-05-04,2026-07-16,27,1,73,1,0,2,157,True,27.073657671853898,7.028738049423608,0.2603236314601336,19.003625096589754,0.2603236314601336,0.0,0.5206472629202672,5,114.98902,-3.84408,High-High,2.8682,0.001
1218,Serdang Bedagai,Sumatera Utara,12,1949.1800956894365,1,1,0,0,0,0,2024-03-01,2024-03-01,0,0,0,1,0,0,0,True,0.5130362259554545,0.0,0.0,0.0,0.5130362259554545,0.0,0.0,1,98.99964,3.34823,Tidak signifikan,0.1082,0.425
1502,Merangin,Jambi,15,7540.117880962445,22,22,0,0,0,0,2023-01-01,2025-07-27,0,0,10,8,4,0,12,True,2.917726267323535,0.0,0.0,1.3262392124197886,1.0609913699358309,0.5304956849679154,0.0,3,102.11707,-2.2086,Tidak signifikan,-0.0017,0.443
6411,Mahakam Ulu,Kalimantan Timur,64,18427.794209807256,1,1,0,0,0,0,2026-09-11,2026-09-11,0,0,0,0,0,1,1,True,0.05426585453552552,0.0,0.0,0.0,0.0,0.0,0.05426585453552552,1,115.31268,0.62362,Tidak signifikan,0.1579,0.423
7413,Muna Barat,Sulawesi Tenggara,74,818.9747189262378,0,0,0,0,0,0,,,0,0,0,0,0,0,0,False,0.0,0.0,0.0,0.0,0.0,0.0,0.0,0,122.45121,-4.81872,Low-Low,0.9216,0.002
8108,Maluku Barat Daya,Maluku,81,4551.676109642347,4,4,0,0,0,0,2023-08-19,2023-09-03,0,0,4,0,0,0,2,True,0.878797151564966,0.0,0.0,0.878797151564966,0.0,0.0,0.0,1,126.2428,-7.78649,Low-Low,0.3314,0.036
1110,Aceh Singkil,Aceh,11,1852.82340121113,14,14,0,0,0,0,2021-02-15,2026-06-01,1,2,2,0,7,2,8,True,7.556035826646327,0.5397168447604519,1.0794336895209038,1.0794336895209038,0.0,3.7780179133231635,1.0794336895209038,4,97.9243,2.37613,Tidak signifikan,-0.0126,0.442
3276,Kota Depok,Jawa Barat,32,199.9063974181531,0,0,0,0,0,0,,,0,0,0,0,0,0,0,False,0.0,0.0,0.0,0.0,0.0,0.0,0.0,0,106.81606,-6.38828,Low-Low,0.9216,0.002
1612,Penukal Abab Lematang Ilir,Sumatera Selatan,16,1842.5632221902517,39,38,0,0,0,0,2022-01-01,2025-07-14,0,1,5,32,1,0,4,True,21.1661665284086,0.0,0.5427222186771435,2.7136110933857176,17.367110997668593,0.5427222186771435,0.0,5,104.01371,-3.20826,High-High,1.4343,0.023
8206,Halmahera Timur,Maluku Utara,82,6488.720263563625,9,9,0,0,0,0,2026-08-08,2026-09-13,0,0,0,0,0,9,5,True,1.3870223456138286,0.0,0.0,0.0,0.0,0.0,1.3870223456138286,2,128.24904,1.00287,Low-Low,0.2154,0.029
3202,Sukabumi,Jawa Barat,32,4164.152185878619,16,16,0,0,0,0,2023-07-31,2026-09-26,0,0,13,0,0,3,6,True,3.842318744799685,0.0,0.0,3.121883980149744,0.0,0.0,0.7204347646499409,3,106.73472,-7.07617,Tidak signifikan,-0.0005,0.429
3526,Bangkalan,Jawa Timur,35,1301.0297186280802,0,0,0,0,0,0,,,0,0,0,0,0,0,0,False,0.0,0.0,0.0,0.0,0.0,0.0,0.0,0,112.89357,-7.04611,Tidak signifikan,0.1855,0.4
9171,Kota Jayapura,Papua,91,835.4791498396435,0,0,0,0,0,0,,,0,0,0,0,0,0,0,False,0.0,0.0,0.0,0.0,0.0,0.0,0.0,0,140.81335,-2.66519,Low-Low,0.9216,0.002
3604,Serang,Banten,36,1469.9121044798571,12,12,0,0,0,0,2021-05-07,2024-08-18,3,1,7,1,0,0,7,True,8.163753440377524,2.040938360094381,0.680312786698127,4.762189506886889,0.680312786698127,0.0,0.0,4,105.98844,-6.10559,Tidak signifikan,-0.1359,0.416
7174,Kota Kotamobagu,Sulawesi Utara,71,108.89264724932103,0,0,0,0,0,0,,,0,0,0,0,0,0,0,False,0.0,0.0,0.0,0.0,0.0,0.0,0.0,0,124.31441,0.71127,Tidak signifikan,0.5925,0.078
1219,Batu Bara,Sumatera Utara,12,888.14234047806,0,0,0,0,0,0,,,0,0,0,0,0,0,0,False,0.0,0.0,0.0,0.0,0.0,0.0,0.0,0,99.50368,3.22399,Tidak signifikan,0.2755,0.312
3317,Rembang,Jawa Tengah,33,1037.5382573781137,6,6,0,0,0,0,2021-08-01,2026-09-30,1,0,2,1,0,2,4,True,5.782919287392985,0.963819881232164,0.0,1.927639762464328,0.963819881232164,0.0,1.927639762464328,4,111.45755,-6.76702,Tidak signifikan,0.1686,0.21
1702,Rejang Lebong,Bengkulu,17,1559.4188392593412,3,3,0,0,0,0,2023-09-26,2023-09-29,0,0,3,0,0,0,0,True,1.923793611102502,0.0,0.0,1.923793611102502,0.0,0.0,0.0,2,102.70161,-3.44085,Tidak signifikan,0.0266,0.4
1374,Kota Padang Panjang,Sumatera Barat,13,23.560072522117796,0,0,0,0,0,0,,,0,0,0,0,0,0,0,False,0.0,0.0,0.0,0.0,0.0,0.0,0.0,0,100.40385,-0.47036,Tidak signifikan,0.1347,0.455
1407,Rokan Hilir,Riau,14,9068.458746830362,29,28,0,0,0,0,2021-02-18,2026-09-06,2,3,9,0,10,5,16,True,3.1978973284888323,0.22054464334405743,0.33081696501608615,0.9924508950482583,0.0,1.102723216720287,0.5513616083601435,3,100.7058,1.88731,Tidak signifikan,0.0963,0.08
9102,Jayawijaya,Papua Pegunungan,91,2580.6223611454675,1,1,0,0,5,0,2026-08-01,2026-08-01,0,0,0,0,0,1,0,True,0.3875034236144987,0.0,0.0,0.0,0.0,0.0,0.3875034236144987,1,138.94425,-4.11479,Low-Low,0.6793,0.002
6302,Kotabaru,Kalimantan Selatan,63,9354.8807628894,19,19,0,0,0,0,2023-01-01,2026-07-19,0,0,17,0,0,2,8,True,2.031025352602309,0.0,0.0,1.8172332102231186,0.0,0.0,0.21379214237919042,2,115.85922,-2.79469,Low-High,-0.1329,0.014
1806,Tanggamus,Lampung,18,2947.555674718994,2,2,0,0,0,0,2023-10-17,2026-09-03,0,0,1,0,0,1,2,True,0.6785283199750487,0.0,0.0,0.33926415998752435,0.0,0.0,0.33926415998752435,1,104.77441,-5.51351,Tidak signifikan,-0.1066,0.289
7306,Gowa,Sulawesi Selatan,73,1812.9965189493687,3,3,0,0,0,0,2023-10-17,2026-09-10,0,0,1,0,0,2,3,True,1.6547191175736506,0.0,0.0,0.551573039191217,0.0,0.0,1.103146078382434,2,119.76812,-5.32977,Tidak signifikan,0.0682,0.27
3328,Tegal,Jawa Tengah,33,983.901053772981,2,2,0,0,0,0,2023-06-24,2023-08-08,0,0,2,0,0,0,1,True,2.0327247260591585,0.0,0.0,2.0327247260591585,0.0,0.0,0.0,2,109.14779,-7.04712,Tidak signifikan,-0.055,0.115
6103,Sanggau,Kalimantan Barat,61,12452.224152525523,4,4,0,0,0,0,2023-01-02,2026-01-16,0,0,3,0,0,1,0,True,0.3212277542553498,0.0,0.0,0.24092081569151236,0.0,0.0,0.08030693856383744,1,110.5472,0.35014,Tidak signifikan,0.3351,0.178
7604,Polewali Mandar,Sulawesi Barat,76,2074.1178812026237,11,11,0,0,0,0,2023-09-04,2026-09-17,0,0,6,0,0,5,10,True,5.303459412645309,0.0,0.0,2.892796043261078,0.0,0.0,2.4106633693842316,4,119.14496,-3.30308,Tidak signifikan,0.1148,0.25
1277,Kota Padang Sidempuan,Sumatera Utara,12,159.29837498118243,6,6,0,0,0,0,2023-06-02,2025-11-02,0,0,1,4,1,0,3,True,37.66516764975642,0.0,0.0,6.2775279416260705,25.110111766504282,6.2775279416260705,0.0,5,99.2846,1.3894,Tidak signifikan,1.4197,0.055
5101,Jembrana,Bali,51,849.1337635817695,2,2,0,0,31,2,2023-11-12,2025-05-29,0,0,1,0,1,0,2,True,2.3553415089322436,0.0,0.0,1.1776707544661218,0.0,1.1776707544661218,0.0,3,114.66846,-8.31397,Tidak signifikan,0.0112,0.2
6307,Hulu Sungai Tengah,Kalimantan Selatan,63,1573.538191081182,24,24,0,0,0,0,2021-07-25,2025-07-21,5,1,17,0,1,0,27,True,15.252251350511893,3.1775523646899777,0.6355104729379956,10.803678039945924,0.0,0.6355104729379956,0.0,4,115.42985,-2.61754,High-High,1.4691,0.013
1212,Toba,Sumatera Utara,12,2291.6160562727746,20,20,0,0,0,0,2021-04-02,2025-08-03,1,0,2,8,9,0,5,True,8.727465469293854,0.4363732734646927,0.0,0.8727465469293854,3.4909861877175414,3.927359461182234,0.0,4,99.25531,2.38381,Tidak signifikan,0.3985,0.12
3272,Kota Sukabumi,Jawa Barat,32,48.31394989036731,3,3,0,0,0,0,2023-09-13,2026-09-27,0,0,2,0,0,1,1,True,62.093867440097895,0.0,0.0,41.39591162673193,0.0,0.0,20.697955813365965,5,106.93141,-6.93562,Tidak signifikan,-0.6899,0.286
9116,Boven Digoel,Papua Selatan,91,23067.791645579717,0,0,0,0,0,0,,,0,0,0,0,0,0,0,False,0.0,0.0,0.0,0.0,0.0,0.0,0.0,0,140.43069,-6.1278,Low-Low,0.9152,0.001
1373,Kota Sawahlunto,Sumatera Barat,13,231.9454274453498,0,0,0,0,0,0,,,0,0,0,0,0,0,0,False,0.0,0.0,0.0,0.0,0.0,0.0,0.0,0,100.75948,-0.66028,Tidak signifikan,-0.1329,0.319
3322,Semarang,Jawa Tengah,33,1019.2704646513153,26,25,0,0,0,0,2023-07-26,2026-09-28,0,0,12,4,1,9,13,True,25.508440499052824,0.0,0.0,11.773126384178227,3.9243754613927426,0.9810938653481857,8.82984478813367,5,110.40226,-7.28725,High-High,2.2913,0.004
1118,Pidie Jaya,Aceh,11,939.0044521163809,2,2,0,0,0,0,2026-07-18,2026-08-05,0,0,0,0,0,2,2,True,2.1299153539605564,0.0,0.0,0.0,0.0,0.0,2.1299153539605564,2,96.2124,5.10329,Tidak signifikan,-0.0314,0.183
1112,Aceh Barat Daya,Aceh,11,1882.2766875429452,10,10,0,0,0,0,2021-02-13,2025-08-17,5,2,1,0,2,0,4,True,5.312715216727055,2.6563576083635274,1.0625430433454108,0.5312715216727054,0.0,1.0625430433454108,0.0,4,96.85128,3.83425,Tidak signifikan,0.361,0.058
1203,Tapanuli Selatan,Sumatera Utara,12,4174.767280196032,4,4,0,0,0,0,2024-07-22,2024-10-28,0,0,0,4,0,0,0,True,0.9581372401223224,0.0,0.0,0.0,0.9581372401223224,0.0,0.0,1,99.22263,1.55059,Low-High,-0.5448,0.013
1220,Padang Lawas Utara,Sumatera Utara,12,3948.9652841852476,43,43,0,0,0,0,2023-05-19,2026-09-04,0,0,4,17,20,2,7,True,10.888928340850628,0.0,0.0,1.012923566590756,4.304925158010714,5.064617832953781,0.506461783295378,4,99.7951,1.6296,Tidak signifikan,0.5146,0.11
6105,Sintang,Kalimantan Barat,61,21967.726561726384,3,3,0,0,0,0,2022-08-11,2026-01-16,0,1,1,0,0,1,0,True,0.1365639722239987,0.0,0.045521324074666226,0.045521324074666226,0.0,0.0,0.045521324074666226,1,111.56545,0.1927,Tidak signifikan,0.5803,0.054
6306,Hulu Sungai Selatan,Kalimantan Selatan,63,1697.2243378206886,84,83,0,0,0,0,2021-08-26,2026-07-20,36,9,36,0,1,2,59,True,49.49257333173747,21.21110285645892,5.30277571411473,21.21110285645892,0.0,0.5891973015683033,1.1783946031366066,5,115.16092,-2.71812,High-High,2.8052,0.007
1508,Bungo,Jambi,15,4760.827073934478,34,34,0,0,0,0,2023-01-01,2025-07-27,0,0,9,24,1,0,11,True,7.141616251123666,0.0,0.0,1.890427831179794,5.0411408831461175,0.2100475367977549,0.0,4,101.985,-1.51514,Tidak signifikan,-0.3723,0.1
6501,Bulungan,Kalimantan Utara,65,13879.786735302678,41,39,0,0,1,0,2021-03-13,2026-09-14,9,2,13,3,5,9,8,True,2.953935876818493,0.6484249485699131,0.14409443301553623,0.9366138146009855,0.21614164952330436,0.36023608253884054,0.6484249485699131,3,117.0747,2.76171,Tidak signifikan,0.0081,0.368
7373,Kota Palopo,Sulawesi Selatan,73,273.23530924837763,6,6,0,0,0,0,2023-09-28,2026-09-24,0,0,1,0,1,4,3,True,21.959094585926493,0.0,0.0,3.659849097654415,0.0,3.659849097654415,14.63939639061766,5,120.12314,-2.97745,Tidak signifikan,-0.0463,0.46
7271,Kota Palu,Sulawesi Tengah,72,356.3505634290302,0,0,0,0,0,0,,,0,0,0,0,0,0,0,False,0.0,0.0,0.0,0.0,0.0,0.0,0.0,0,120.01849,-0.79923,Tidak signifikan,0.5863,0.074
5304,Belu,Nusa Tenggara Timur,53,1127.2500864421438,5,5,0,0,0,0,2023-08-02,2023-10-11,0,0,5,0,0,0,1,True,4.435572957710858,0.0,0.0,4.435572957710858,0.0,0.0,0.0,3,124.91647,-9.1753,High-Low,-0.3002,0.005
1309,Kepulauan Mentawai,Sumatera Barat,13,5983.222494751361,0,0,0,0,0,0,,,0,0,0,0,0,0,0,False,0.0,0.0,0.0,0.0,0.0,0.0,0.0,0,98.89533,-1.35945,Tidak signifikan,0.3597,0.226
1206,Karo,Sumatera Utara,12,2206.8762654756324,38,35,0,0,0,0,2021-07-29,2026-02-09,1,0,3,28,5,1,6,True,17.2189082797581,0.4531291652567921,0.0,1.3593874957703762,12.68761662719018,2.26564582628396,0.4531291652567921,5,98.33272,3.08034,Tidak signifikan,0.1075,0.368
7102,Minahasa,Sulawesi Utara,71,1128.4527456760115,12,11,0,0,0,0,2023-11-03,2026-09-28,0,0,1,0,0,11,12,True,10.634029688865061,0.0,0.0,0.886169140738755,0.0,0.0,9.747860548126305,4,124.90437,1.24225,Tidak signifikan,0.2324,0.258
5307,Sikka,Nusa Tenggara Timur,53,1671.6404197301015,0,0,0,0,0,0,,,0,0,0,0,0,0,0,False,0.0,0.0,0.0,0.0,0.0,0.0,0.0,0,122.09267,-8.5947,Tidak signifikan,0.5776,0.08
7414,Buton Tengah,Sulawesi Tenggara,74,836.9603888903453,0,0,0,0,0,0,,,0,0,0,0,0,0,0,False,0.0,0.0,0.0,0.0,0.0,0.0,0.0,0,122.38834,-5.29174,Low-Low,0.9216,0.001
3502,Ponorogo,Jawa Timur,35,1418.618210511673,39,37,0,0,0,0,2024-07-17,2026-09-23,0,0,0,21,2,16,14,True,27.49154050823394,0.0,0.0,0.0,14.803137196741353,1.409822590165843,11.278580721326744,5,111.49931,-7.97098,High-High,1.7874,0.016
6201,Kotawaringin Barat,Kalimantan Tengah,62,9480.343880543001,62,58,0,0,0,0,2021-01-25,2026-08-03,19,8,20,1,3,11,14,True,6.539847159684345,2.0041467102258474,0.843851246410883,2.109628116027208,0.10548140580136038,0.31644421740408113,1.1602954638149643,4,111.65191,-2.50407,Tidak signifikan,0.0297,0.397
7501,Gorontalo,Gorontalo,75,2160.363690363698,0,0,0,0,0,0,,,0,0,0,0,0,0,0,False,0.0,0.0,0.0,0.0,0.0,0.0,0.0,0,122.72331,0.70118,Low-Low,0.8513,0.004
7603,Mamasa,Sulawesi Barat,76,3015.944986473225,0,0,0,0,0,0,,,0,0,0,0,0,0,0,False,0.0,0.0,0.0,0.0,0.0,0.0,0.0,0,119.31814,-2.99689,Tidak signifikan,-0.0009,0.452
1703,Bengkulu Utara,Bengkulu,17,4481.991769411673,1,1,0,0,0,0,2023-09-17,2023-09-17,0,0,1,0,0,0,1,True,0.2231150906667695,0.0,0.0,0.2231150906667695,0.0,0.0,0.0,1,101.85685,-3.18806,Tidak signifikan,0.5121,0.061
1674,Kota Prabumulih,Sumatera Selatan,16,447.31115799877483,11,11,0,0,0,0,2021-12-01,2026-09-11,1,2,3,3,1,1,5,True,24.59138298542092,2.235580271401902,4.471160542803804,6.7067408142057054,6.7067408142057054,2.235580271401902,2.235580271401902,5,104.22761,-3.44915,High-High,1.5531,0.023
3672,Kota Cilegon,Banten,36,162.51052968242777,6,6,0,0,0,0,2023-07-02,2026-09-10,0,0,2,1,1,2,3,True,36.920684534872805,0.0,0.0,12.306894844957604,6.153447422478802,6.153447422478802,12.306894844957604,5,106.02574,-5.97834,Tidak signifikan,-0.2023,0.463
3171,Kota Administrasi Jakarta Pusat,DKI Jakarta,31,47.93214875920272,0,0,0,0,0,0,,,0,0,0,0,0,0,0,False,0.0,0.0,0.0,0.0,0.0,0.0,0.0,0,106.84293,-6.18217,Low-Low,0.9216,0.001
3203,Cianjur,Jawa Barat,32,3631.9154735796724,5,5,1,0,0,0,2023-09-18,2026-09-02,0,0,2,0,0,3,2,True,1.3766840215232,0.0,0.0,0.5506736086092799,0.0,0.0,0.8260104129139199,2,107.06941,-7.0535,Tidak signifikan,-0.2324,0.059
8208,Pulau Taliabu,Maluku Utara,82,2985.748179621575,2,2,0,0,0,0,2026-06-28,2026-09-01,0,0,0,0,0,2,1,True,0.669848855188279,0.0,0.0,0.0,0.0,0.0,0.669848855188279,1,124.83001,-1.83156,Low-Low,0.4356,0.023
1116,Aceh Tamiang,Aceh,11,2188.006369333602,3,3,0,0,0,0,2021-03-12,2023-07-07,1,0,2,0,0,0,3,True,1.3711111823288273,0.4570370607762758,0.0,0.9140741215525516,0.0,0.0,0.0,2,97.91204,4.20562,Tidak signifikan,-0.0484,0.319
6109,Sekadau,Kalimantan Barat,61,6037.105143370577,2,2,0,0,0,0,2022-08-11,2023-01-02,0,1,1,0,0,0,0,True,0.3312846061984237,0.0,0.16564230309921185,0.16564230309921185,0.0,0.0,0.0,1,110.94227,0.02703,Tidak signifikan,0.436,0.088
1106,Aceh Besar,Aceh,11,2891.4773918509477,94,91,0,1,0,1,2021-02-12,2026-09-09,8,7,36,10,18,15,63,True,32.509332518013196,2.7667517036606974,2.42090774070311,12.45038266647314,3.458439629575872,6.22519133323657,5.187659444363808,5,95.49561,5.35423,Tidak signifikan,0.6333,0.2
1602,Ogan Komering Ilir,Sumatera Selatan,16,17071.333108073493,15,15,0,0,0,0,2021-09-21,2026-07-19,1,1,5,5,1,2,11,True,0.8786660013626058,0.05857773342417372,0.05857773342417372,0.2928886671208686,0.2928886671208686,0.05857773342417372,0.11715546684834743,1,105.39604,-3.32847,Tidak signifikan,-0.3031,0.094
8203,Halmahera Utara,Maluku Utara,82,3404.6387889620332,1,1,0,0,0,0,2026-09-01,2026-09-01,0,0,0,0,0,1,7,True,0.29371691447622505,0.0,0.0,0.0,0.0,0.0,0.29371691447622505,1,127.88112,1.53702,Tidak signifikan,0.4945,0.056
1805,Tulang Bawang,Lampung,18,3116.06248368748,1,1,0,0,0,0,2024-08-10,2024-08-10,0,0,0,1,0,0,1,True,0.32091782665943913,0.0,0.0,0.0,0.32091782665943913,0.0,0.0,1,105.55434,-4.39768,Tidak signifikan,0.3714,0.134
6211,Pulang Pisau,Kalimantan Tengah,62,9650.863366848582,27,26,0,0,0,0,2022-01-01,2026-08-02,0,2,14,1,6,4,7,True,2.797677158371858,0.0,0.20723534506458205,1.4506474154520745,0.10361767253229102,0.6217060351937462,0.4144706901291641,3,114.0404,-2.49705,Tidak signifikan,0.0388,0.117
1174,Kota Langsa,Aceh,11,224.23526355345925,2,2,0,0,0,0,2026-04-23,2026-06-27,0,0,0,0,0,2,2,True,8.919203734087016,0.0,0.0,0.0,0.0,0.0,8.919203734087016,4,97.97698,4.48126,Tidak signifikan,-0.3514,0.178
6311,Balangan,Kalimantan Selatan,63,1828.513239911751,48,48,0,0,0,0,2021-06-23,2023-10-21,11,4,33,0,0,0,26,True,26.250835352068115,6.015816434848943,2.187569612672343,18.047449304546827,0.0,0.0,0.0,5,115.62084,-2.28703,Tidak signifikan,0.5095,0.223
6101,Sambas,Kalimantan Barat,61,5937.994952474956,13,13,2,0,0,0,2021-07-27,2026-08-02,1,0,6,2,2,2,6,True,2.1892911839848566,0.16840701415268128,0.0,1.0104420849160878,0.33681402830536256,0.33681402830536256,0.33681402830536256,2,109.40235,1.52003,Tidak signifikan,-0.0197,0.236
3674,Kota Tangerang Selatan,Banten,36,164.8595424280675,0,0,0,0,0,0,,,0,0,0,0,0,0,0,False,0.0,0.0,0.0,0.0,0.0,0.0,0.0,0,106.71199,-6.29595,Tidak signifikan,0.6422,0.051
1101,Aceh Selatan,Aceh,11,4175.374683185765,33,33,0,0,0,0,2021-02-10,2026-08-29,4,15,2,4,7,1,39,True,7.903482322889729,0.9579978573199672,3.592491964949877,0.4789989286599836,0.9579978573199672,1.6764962503099428,0.2394994643299918,4,97.46902,3.06765,Tidak signifikan,0.1613,0.275
9212,Pegunungan Arfak,Papua Barat,92,3343.172083583184,1,1,0,0,0,0,2021-11-13,2021-11-13,1,0,0,0,0,0,0,True,0.299117118412944,0.299117118412944,0.0,0.0,0.0,0.0,0.0,1,133.65943,-1.25617,Low-Low,0.6364,0.013
7105,Minahasa Selatan,Sulawesi Utara,71,1456.6899360808561,0,0,0,0,0,0,,,0,0,0,0,0,0,0,False,0.0,0.0,0.0,0.0,0.0,0.0,0.0,0,124.43569,1.07056,Tidak signifikan,0.0807,0.486
7316,Enrekang,Sulawesi Selatan,73,1806.8453682722989,15,15,0,0,0,0,2023-09-04,2026-09-19,0,0,8,0,0,7,5,True,8.301761879237604,0.0,0.0,4.427606335593389,0.0,0.0,3.874155543644215,4,119.88445,-3.5301,Tidak signifikan,0.0498,0.382
1312,Pasaman Barat,Sumatera Barat,13,3852.992830576733,0,0,0,0,0,0,,,0,0,0,0,0,0,0,False,0.0,0.0,0.0,0.0,0.0,0.0,0.0,0,99.72853,0.18487,Tidak signifikan,0.165,0.415
1271,Kota Medan,Sumatera Utara,12,278.5614963404477,0,0,0,0,0,0,,,0,0,0,0,0,0,0,False,0.0,0.0,0.0,0.0,0.0,0.0,0.0,0,98.67632,3.64061,Tidak signifikan,0.1499,0.427
5318,Sumba Barat Daya,Nusa Tenggara Timur,53,1383.3251192519126,0,0,0,0,0,0,,,0,0,0,0,0,0,0,False,0.0,0.0,0.0,0.0,0.0,0.0,0.0,0,119.16485,-9.54326,Low-Low,0.673,0.042
1404,Indragiri Hilir,Riau,14,13396.808677309677,53,53,0,0,0,0,2021-02-18,2026-08-05,5,4,26,1,11,6,41,True,3.956166074818004,0.3732232146054721,0.2985785716843776,1.9407607159484548,0.0746446429210944,0.8210910721320386,0.4478678575265665,3,103.23468,-0.29449,Tidak signifikan,0.1014,0.202
1111,Bireuen,Aceh,11,1796.9923730625299,5,5,0,0,0,0,2021-02-22,2025-03-21,3,0,1,0,1,0,2,True,2.782426945685214,1.6694561674111286,0.0,0.5564853891370428,0.0,0.5564853891370428,0.0,3,96.59192,5.0833,High-High,0.059,0.037
1201,Tapanuli Tengah,Sumatera Utara,12,2330.536929504712,12,12,0,0,0,0,2021-03-02,2025-10-29,2,0,1,2,7,0,5,True,5.149028040740059,0.8581713401233432,0.0,0.4290856700616716,0.8581713401233432,3.003599690431701,0.0,3,98.68868,1.85723,Tidak signifikan,0.2881,0.088
3279,Kota Banjar,Jawa Barat,32,131.00548619321776,0,0,0,0,0,0,,,0,0,0,0,0,0,0,False,0.0,0.0,0.0,0.0,0.0,0.0,0.0,0,108.55421,-7.3883,Tidak signifikan,-0.1856,0.296
3524,Lamongan,Jawa Timur,35,1752.7103139274795,1,1,0,0,0,0,2026-09-25,2026-09-25,0,0,0,0,0,1,1,True,0.5705449394881441,0.0,0.0,0.0,0.0,0.0,0.5705449394881441,1,112.32962,-7.12291,Tidak signifikan,-0.2591,0.175
7605,Majene,Sulawesi Barat,76,900.9158129960331,6,6,0,0,0,0,2026-08-14,2026-09-29,0,0,0,0,0,6,5,True,6.659889762670221,0.0,0.0,0.0,0.0,0.0,6.659889762670221,4,118.87314,-3.24262,Tidak signifikan,-0.0578,0.483
5105,Klungkung,Bali,51,313.9600793056908,0,0,0,0,0,0,,,0,0,0,0,0,0,0,False,0.0,0.0,0.0,0.0,0.0,0.0,0.0,0,115.53482,-8.74553,Tidak signifikan,-0.2295,0.269
7171,Kota Manado,Sulawesi Utara,71,162.353349411579,1,1,0,0,0,0,2026-09-24,2026-09-24,0,0,0,0,0,1,1,True,6.159404802083377,0.0,0.0,0.0,0.0,0.0,6.159404802083377,4,124.88638,1.50548,Tidak signifikan,0.1806,0.225
5108,Buleleng,Bali,51,1322.6820418352029,10,10,0,0,0,0,2023-08-02,2026-07-17,0,0,8,1,0,1,5,True,7.560395986117071,0.0,0.0,6.048316788893657,0.7560395986117071,0.0,0.7560395986117071,4,114.99496,-8.22218,Tidak signifikan,-0.3069,0.171
3201,Bogor,Jawa Barat,32,2991.7784306412836,7,6,0,0,0,0,2023-09-03,2026-09-07,0,0,5,0,0,2,3,True,2.339745459859994,0.0,0.0,1.6712467570428526,0.0,0.0,0.668498702817141,3,107.00179,-6.54533,Low-Low,0.0296,0.001
5306,Flores Timur,Nusa Tenggara Timur,53,1748.51655229888,2,2,0,0,0,0,2022-09-17,2023-08-25,0,1,1,0,0,0,2,True,1.1438267469475651,0.0,0.5719133734737826,0.5719133734737826,0.0,0.0,0.0,2,123.16578,-8.31843,Tidak signifikan,0.1717,0.155
3304,Banjarnegara,Jawa Tengah,33,1144.89624262973,0,0,0,0,0,0,,,0,0,0,0,0,0,0,False,0.0,0.0,0.0,0.0,0.0,0.0,0.0,0,109.6588,-7.35581,Tidak signifikan,-0.1593,0.317
3529,Sumenep,Jawa Timur,35,2084.023261693073,1,1,0,0,0,0,2024-10-26,2024-10-26,0,0,0,1,0,0,1,True,0.4798410931304068,0.0,0.0,0.0,0.4798410931304068,0.0,0.0,1,113.83781,-6.99896,Tidak signifikan,-0.097,0.325
9109,Mimika,Papua Tengah,91,19002.997021526684,0,0,0,0,0,0,,,0,0,0,0,0,0,0,False,0.0,0.0,0.0,0.0,0.0,0.0,0.0,0,136.95807,-4.59876,Low-Low,0.9216,0.001
1505,Muaro Jambi,Jambi,15,5225.796303534406,28,28,0,0,0,0,2021-02-22,2025-07-27,6,2,1,18,1,0,3,True,5.358035096213476,1.1481503777600306,0.38271679258667685,0.19135839629333842,3.444451133280092,0.19135839629333842,0.0,4,103.78608,-1.70765,Tidak signifikan,-0.0219,0.489
5314,Rote Ndao,Nusa Tenggara Timur,53,1286.4528112389105,2,2,0,0,0,0,2024-08-21,2024-09-24,0,0,0,2,0,0,0,True,1.5546625438005086,0.0,0.0,0.0,1.5546625438005086,0.0,0.0,2,123.20854,-10.68687,Tidak signifikan,0.0502,0.374
1303,Sijunjung,Sumatera Barat,13,3150.5798807005085,5,5,0,0,0,0,2021-02-26,2024-10-27,1,0,1,3,0,0,2,True,1.5870094361449063,0.3174018872289812,0.0,0.3174018872289812,0.9522056616869438,0.0,0.0,2,101.06832,-0.65121,Tidak signifikan,-0.0508,0.278
7326,Toraja Utara,Sulawesi Selatan,73,1289.1341468551798,2,2,0,0,0,0,2026-07-28,2026-08-05,0,0,0,0,0,2,2,True,1.551428922179251,0.0,0.0,0.0,0.0,0.0,1.551428922179251,2,119.84206,-2.88478,Tidak signifikan,0.0568,0.36
5102,Tabanan,Bali,51,849.3140465528664,0,0,0,0,0,0,,,0,0,0,0,0,0,0,False,0.0,0.0,0.0,0.0,0.0,0.0,0.0,0,115.07158,-8.44026,Tidak signifikan,-0.1325,0.329
7402,Konawe,Sulawesi Tenggara,74,5357.963451293418,1,1,0,0,0,0,2023-01-17,2023-01-17,0,0,1,0,0,0,1,True,0.18663807789853418,0.0,0.0,0.18663807789853418,0.0,0.0,0.0,1,121.6521,-3.51139,Low-Low,0.7235,0.007
3325,Batang,Jawa Tengah,33,857.2653880381355,3,3,0,0,0,0,2023-08-09,2023-09-06,0,0,3,0,0,0,1,True,3.499499737024895,0.0,0.0,3.499499737024895,0.0,0.0,0.0,3,109.87119,-7.03138,Tidak signifikan,0.0094,0.401
9120,Mamberamo Raya,Papua,91,26810.98523219897,0,0,0,0,0,0,,,0,0,0,0,0,0,0,False,0.0,0.0,0.0,0.0,0.0,0.0,0.0,0,137.72809,-2.44136,Low-Low,0.9216,0.001
5313,Lembata,Nusa Tenggara Timur,53,1268.1048979845164,8,8,0,0,0,0,2021-07-28,2024-09-04,1,0,0,7,0,0,4,True,6.3086263705115675,0.7885782963139459,0.0,0.0,5.520048074197621,0.0,0.0,4,123.54467,-8.37804,High-Low,-0.4316,0.03
3303,Purbalingga,Jawa Tengah,33,805.7565048768774,2,2,0,0,0,0,2026-08-29,2026-09-16,0,0,0,0,0,2,2,True,2.4821394402588255,0.0,0.0,0.0,0.0,0.0,2.4821394402588255,3,109.39997,-7.32843,Tidak signifikan,0.0002,0.331
3514,Pasuruan,Jawa Timur,35,1493.291258645363,20,20,0,0,0,0,2023-05-25,2026-09-27,0,0,2,12,1,5,11,True,13.393234497430173,0.0,0.0,1.3393234497430173,8.035940698458104,0.6696617248715087,3.3483086243575433,4,112.81846,-7.75081,Tidak signifikan,0.7776,0.071
3523,Tuban,Jawa Timur,35,1973.501464958392,1,1,0,0,0,0,2026-09-26,2026-09-26,0,0,0,0,0,1,1,True,0.50671358382857,0.0,0.0,0.0,0.0,0.0,0.50671358382857,1,111.89373,-6.95955,Tidak signifikan,-0.0243,0.42
2171,Kota Batam,Kepulauan Riau,21,1034.4623234561614,2,2,0,0,0,0,2023-10-09,2026-08-22,0,0,1,0,0,1,1,True,1.9333715251397035,0.0,0.0,0.9666857625698517,0.0,0.0,0.9666857625698517,2,104.03518,1.08995,Low-High,-0.2171,0.001
3513,Probolinggo,Jawa Timur,35,1724.5102196441178,19,18,0,0,0,0,2023-09-06,2026-09-10,0,0,2,11,1,5,8,True,11.017620993815262,0.0,0.0,1.1597495782963434,6.378622680629888,0.5798747891481717,2.8993739457408583,4,113.30514,-7.86302,Tidak signifikan,-0.1564,0.419
9107,Puncak Jaya,Papua Tengah,91,5069.9716040887215,0,0,0,0,0,0,,,0,0,0,0,0,0,0,False,0.0,0.0,0.0,0.0,0.0,0.0,0.0,0,137.80454,-3.4475,Low-Low,0.9216,0.001
1506,Tanjung Jabung Barat,Jambi,15,5034.847935122081,11,11,0,0,0,0,2023-01-01,2025-07-27,0,0,7,3,1,0,8,True,2.184773034209479,0.0,0.0,1.3903101126787594,0.5958471911480397,0.19861573038267993,0.0,2,103.07042,-1.09275,Tidak signifikan,0.0073,0.459
3503,Trenggalek,Jawa Timur,35,1249.2267711316172,30,28,0,0,0,0,2024-07-21,2026-09-21,0,0,0,16,0,14,7,True,24.014855183438293,0.0,0.0,0.0,12.807922764500423,0.0,11.20693241893787,5,111.65359,-8.13099,Tidak signifikan,0.6799,0.156
3521,Ngawi,Jawa Timur,35,1395.8036238940272,3,3,0,0,0,0,2023-09-29,2026-09-14,0,0,1,1,0,1,3,True,2.1492994778381282,0.0,0.0,0.7164331592793762,0.7164331592793762,0.0,0.7164331592793762,2,111.39072,-7.43241,Low-High,-0.0746,0.025
8204,Halmahera Selatan,Maluku Utara,82,8096.396866464392,0,0,0,0,0,0,,,0,0,0,0,0,0,0,False,0.0,0.0,0.0,0.0,0.0,0.0,0.0,0,127.71646,-1.5343,Tidak signifikan,0.6494,0.053
9201,Sorong,Papua Barat Daya,92,8261.130228704507,3,3,0,0,0,0,2026-08-15,2026-08-24,0,0,0,0,0,3,1,True,0.36314643601381086,0.0,0.0,0.0,0.0,0.0,0.36314643601381086,1,131.53568,-1.14897,Tidak signifikan,0.1822,0.334
7107,Minahasa Tenggara,Sulawesi Utara,71,753.1357268788473,2,2,0,0,0,0,2023-09-01,2026-08-02,0,0,1,0,0,1,3,True,2.6555638361340526,0.0,0.0,1.3277819180670263,0.0,0.0,1.3277819180670263,3,124.7306,0.9883,Tidak signifikan,-0.011,0.299
8104,Buru,Maluku,81,4915.849924878327,3,3,0,0,0,0,2023-09-25,2023-10-10,0,0,3,0,0,0,2,True,0.6102708678752542,0.0,0.0,0.6102708678752542,0.0,0.0,0.0,1,126.72326,-3.36386,Tidak signifikan,0.2883,0.149
6303,Banjar,Kalimantan Selatan,63,4588.43770895689,101,101,0,0,0,0,2021-08-17,2026-09-11,18,4,73,3,0,3,103,True,22.01184943686656,3.9229038600356243,0.8717564133412499,15.90955454347781,0.6538173100059373,0.0,0.6538173100059373,5,115.02933,-3.27924,High-High,2.9833,0.001
9119,Supiori,Papua,91,660.9616549930292,0,0,0,0,0,0,,,0,0,0,0,0,0,0,False,0.0,0.0,0.0,0.0,0.0,0.0,0.0,0,135.60689,-0.75365,Low-Low,0.7742,0.014
3307,Wonosobo,Jawa Tengah,33,1011.622838555089,3,3,0,0,0,0,2023-09-01,2026-09-22,0,0,1,1,0,1,5,True,2.965532099181282,0.0,0.0,0.9885106997270939,0.9885106997270939,0.0,0.9885106997270939,3,109.9203,-7.39936,Tidak signifikan,0.0654,0.093
8171,Kota Ambon,Maluku,81,236.65991578301387,2,2,0,0,0,0,2024-02-15,2026-01-27,0,0,0,1,0,1,1,True,8.450945287387569,0.0,0.0,0.0,4.225472643693784,0.0,4.225472643693784,4,128.24314,-3.68473,Tidak signifikan,-0.436,0.101
7209,Tojo Una Una,Sulawesi Tengah,72,5572.856312848497,18,16,0,0,0,0,2023-10-29,2026-09-27,0,0,1,0,0,17,6,True,3.2299415218189114,0.0,0.0,0.17944119565660618,0.0,0.0,3.050500326162305,3,121.64005,-1.22655,Tidak signifikan,-0.1017,0.058
7410,Buton Utara,Sulawesi Tenggara,74,1755.8772758811028,0,0,0,0,0,0,,,0,0,0,0,0,0,0,False,0.0,0.0,0.0,0.0,0.0,0.0,0.0,0,122.95926,-4.75648,Low-Low,0.6762,0.044
6305,Tapin,Kalimantan Selatan,63,2155.93892252331,71,71,0,0,0,0,2021-06-24,2026-07-19,25,2,43,0,0,1,61,True,32.932287301025035,11.595875810220084,0.9276700648176067,19.944906393578542,0.0,0.0,0.46383503240880336,5,115.00828,-2.86136,High-High,2.4961,0.004
1709,Bengkulu Tengah,Bengkulu,17,1132.379761834784,1,1,0,0,0,0,2023-09-11,2023-09-11,0,0,1,0,0,0,0,True,0.8830959663034861,0.0,0.0,0.8830959663034861,0.0,0.0,0.0,1,102.38919,-3.67379,Tidak signifikan,0.1578,0.257
1471,Kota Pekanbaru,Riau,14,638.3313208323284,46,36,0,0,0,0,2021-02-28,2026-08-08,2,1,10,0,28,5,24,True,72.0628903811582,3.133169147006878,1.566584573503439,15.665845735034388,0.0,43.86436805809628,7.832922867517194,5,101.48347,0.55575,Tidak signifikan,1.3292,0.115
9101,Merauke,Papua Selatan,91,45013.34515907656,2,2,0,0,0,0,2026-09-13,2026-09-15,0,0,0,0,0,2,0,True,0.04443126794802801,0.0,0.0,0.0,0.0,0.0,0.04443126794802801,1,140.0096,-7.86864,Low-Low,0.8894,0.001
6172,Kota Singkawang,Kalimantan Barat,61,550.1869101877276,4,4,0,0,0,0,2023-01-02,2026-02-01,0,0,3,0,0,1,1,True,7.270256572689402,0.0,0.0,5.452692429517051,0.0,0.0,1.8175641431723506,4,109.03557,0.88164,Tidak signifikan,0.0999,0.338
7104,Kepulauan Talaud,Sulawesi Utara,71,1012.1401036990154,2,2,0,0,0,0,2026-09-03,2026-09-29,0,0,0,0,0,2,1,True,1.9760110212911284,0.0,0.0,0.0,0.0,0.0,1.9760110212911284,2,126.81359,4.26932,Low-Low,0.0852,0.041
3510,Banyuwangi,Jawa Timur,35,3592.898182649766,11,11,0,0,0,0,2024-02-21,2026-09-03,0,0,0,9,0,2,8,True,3.061595247290723,0.0,0.0,0.0,2.504941565965137,0.0,0.5566536813255859,3,114.14127,-8.33219,Tidak signifikan,0.0838,0.079
3504,Tulungagung,Jawa Timur,35,1144.5252635385812,1,1,0,0,0,0,2024-08-12,2024-08-12,0,0,0,1,0,0,1,True,0.8737247065287612,0.0,0.0,0.0,0.8737247065287612,0.0,0.0,1,111.89837,-8.07287,Tidak signifikan,-0.2852,0.107
3572,Kota Blitar,Jawa Timur,35,33.20317338622002,0,0,0,0,0,0,,,0,0,0,0,0,0,0,False,0.0,0.0,0.0,0.0,0.0,0.0,0.0,0,112.16802,-8.09567,Tidak signifikan,-0.6463,0.086
6403,Berau,Kalimantan Timur,64,21056.52861776342,58,58,0,0,0,0,2021-04-21,2026-09-07,19,1,27,1,1,9,17,True,2.7544901181418306,0.902332969736117,0.04749120893347984,1.2822626412039557,0.04749120893347984,0.04749120893347984,0.42742088040131854,3,117.26972,1.77669,Tidak signifikan,0.0486,0.053
3603,Tangerang,Banten,36,1027.7569491260506,1,1,0,0,0,0,2026-06-30,2026-06-30,0,0,0,0,0,1,2,True,0.9729926913657421,0.0,0.0,0.0,0.0,0.0,0.9729926913657421,2,106.46971,-6.18374,Tidak signifikan,0.2919,0.056
1671,Kota Palembang,Sumatera Selatan,16,352.5059537764896,3,3,0,0,0,0,2022-01-01,2026-07-10,0,1,1,0,0,1,0,True,8.51049455437619,0.0,2.836831518125397,2.836831518125397,0.0,0.0,2.836831518125397,4,104.74404,-2.97812,High-High,0.748,0.027
7602,Mamuju,Sulawesi Barat,76,4942.252097495672,1,1,0,0,0,0,2026-06-04,2026-06-04,0,0,0,0,0,1,1,True,0.20233690638863158,0.0,0.0,0.0,0.0,0.0,0.20233690638863158,1,119.3889,-2.53874,Tidak signifikan,0.4265,0.119
1509,Tebo,Jambi,15,6103.736850702494,2,2,0,0,0,0,2023-01-01,2025-07-27,0,0,1,0,1,0,0,True,0.32766812346600677,0.0,0.0,0.16383406173300338,0.0,0.16383406173300338,0.0,1,102.41697,-1.38873,Tidak signifikan,-0.1083,0.343
3310,Klaten,Jawa Tengah,33,701.5106387191933,76,75,0,4,0,0,2023-06-08,2026-09-28,0,0,31,8,6,31,32,True,108.3376299734521,0.0,0.0,44.19034906811862,11.403961049837063,8.552970787377799,44.19034906811862,5,110.62862,-7.67363,High-High,5.646,0.001
1205,Langkat,Sumatera Utara,12,6140.035328452494,19,19,0,0,0,0,2023-07-29,2025-07-21,0,0,1,16,2,0,2,True,3.094444735839765,0.0,0.0,0.16286551241261918,2.605848198601907,0.32573102482523836,0.0,3,98.17632,3.76101,Tidak signifikan,-0.0231,0.384
3277,Kota Cimahi,Jawa Barat,32,42.43200279145847,2,2,0,0,0,0,2023-09-03,2023-09-09,0,0,2,0,0,0,1,True,47.1342352099062,0.0,0.0,47.1342352099062,0.0,0.0,0.0,5,107.54435,-6.88012,Tidak signifikan,0.7661,0.205
3601,Pandeglang,Banten,36,2771.4141698747662,3,3,0,0,0,0,2024-08-09,2026-08-23,0,0,0,2,0,1,2,True,1.0824798518424128,0.0,0.0,0.0,0.7216532345616085,0.0,0.36082661728080423,2,105.79953,-6.54874,Tidak signifikan,-0.0183,0.43
3374,Kota Semarang,Jawa Tengah,33,370.0027593643092,11,11,0,0,0,0,2023-06-16,2026-09-30,0,0,9,0,0,2,5,True,29.72950801474771,0.0,0.0,24.324142921157218,0.0,0.0,5.405365093590493,5,110.38488,-7.02445,High-High,1.4156,0.045
1613,Musi Rawas Utara,Sumatera Selatan,16,5937.802962329198,9,8,0,0,0,0,2022-01-01,2026-01-01,0,1,3,4,0,1,3,True,1.5157121341172977,0.0,0.1684124593463664,0.5052373780390992,0.6736498373854656,0.0,0.1684124593463664,2,102.74629,-2.71166,Tidak signifikan,0.0855,0.239
9122,Yalimo,Papua Pegunungan,91,3716.8921759362365,0,0,0,0,0,0,,,0,0,0,0,0,0,0,False,0.0,0.0,0.0,0.0,0.0,0.0,0.0,0,139.41065,-3.83188,Low-Low,0.8731,0.004
3213,Subang,Jawa Barat,32,2165.5481714236166,37,36,0,0,0,0,2023-07-02,2026-09-26,0,0,25,4,0,8,10,True,17.08574322577939,0.0,0.0,11.544421098499587,1.847107375759934,0.0,3.694214751519868,5,107.73478,-6.49799,Tidak signifikan,0.71,0.121
1210,Labuhanbatu,Sumatera Utara,12,2772.384012143854,25,24,0,0,0,0,2023-08-04,2025-07-20,0,0,3,21,1,0,3,True,9.017509800407403,0.0,0.0,1.0821011760488883,7.574708232342219,0.36070039201629617,0.0,4,100.18934,2.26326,Tidak signifikan,0.1567,0.32
3401,Kulon Progo,Daerah Istimewa Yogyakarta,34,577.223811682025,32,31,0,0,0,0,2023-08-01,2024-09-26,0,0,17,15,0,0,0,True,55.43776842253317,0.0,0.0,29.451314474470745,25.986453948062422,0.0,0.0,5,110.14765,-7.81375,High-High,4.0484,0.001
5302,Timor Tengah Selatan,Nusa Tenggara Timur,53,3922.339767470048,0,0,0,0,0,0,,,0,0,0,0,0,0,0,False,0.0,0.0,0.0,0.0,0.0,0.0,0.0,0,124.43563,-9.82292,Tidak signifikan,0.2003,0.353
3519,Madiun,Jawa Timur,35,1113.6269946567843,4,4,0,0,0,0,2021-08-16,2026-08-09,1,0,0,2,0,1,6,True,3.5918669529313854,0.8979667382328463,0.0,0.0,1.7959334764656927,0.0,0.8979667382328463,3,111.67162,-7.61099,High-High,0.2397,0.016
3578,Kota Surabaya,Jawa Timur,35,335.92479497259694,3,3,0,0,0,0,2024-07-15,2026-07-19,0,0,0,2,0,1,2,True,8.930570308883347,0.0,0.0,0.0,5.953713539255565,0.0,2.9768567696277826,4,112.7348,-7.27091,Tidak signifikan,-0.0956,0.439
3512,Situbondo,Jawa Timur,35,1653.7222038526756,55,52,0,0,0,0,2021-08-06,2026-09-13,2,20,6,14,7,6,15,True,33.2583065474156,1.2093929653605675,12.093929653605674,3.628178896081702,8.465750757523972,4.232875378761986,3.628178896081702,5,114.26477,-7.79872,Tidak signifikan,0.6524,0.212
7109,Kepulauan Siau Tagulandang Biaro,Sulawesi Utara,71,217.2867491335556,0,0,0,0,0,0,,,0,0,0,0,0,0,0,False,0.0,0.0,0.0,0.0,0.0,0.0,0.0,0,125.42036,2.34943,Tidak signifikan,-0.1934,0.32
7203,Donggala,Sulawesi Tengah,72,5126.585552987459,0,0,0,0,0,0,,,0,0,0,0,0,0,0,False,0.0,0.0,0.0,0.0,0.0,0.0,0.0,0,119.67584,-1.04777,Tidak signifikan,0.6126,0.064
3525,Gresik,Jawa Timur,35,1256.3636291845953,1,1,0,0,0,0,2026-07-18,2026-07-18,0,0,0,0,0,1,1,True,0.7959479061400556,0.0,0.0,0.0,0.0,0.0,0.7959479061400556,1,112.65969,-5.79359,Tidak signifikan,0.2409,0.152
3302,Banyumas,Jawa Tengah,33,1391.1529829309777,20,20,0,0,0,0,2021-09-02,2026-09-20,1,0,7,4,0,8,19,True,14.37656407698786,0.718828203849393,0.0,5.031797426945751,2.875312815397572,0.0,5.750625630795144,4,109.11627,-7.45606,Tidak signifikan,-0.0142,0.478
1211,Dairi,Sumatera Utara,12,2083.6042963118903,11,11,0,0,0,0,2021-07-30,2025-08-17,3,0,1,5,2,0,3,True,5.279313360732979,1.439812734745358,0.0,0.4799375782484527,2.3996878912422632,0.9598751564969054,0.0,4,98.31182,2.82914,Tidak signifikan,0.104,0.297
9207,Teluk Wondama,Papua Barat,92,4847.3033105601435,0,0,0,0,0,0,,,0,0,0,0,0,0,0,False,0.0,0.0,0.0,0.0,0.0,0.0,0.0,0,134.56607,-2.63226,Low-Low,0.694,0.041
1804,Lampung Barat,Lampung,18,2107.9935147356273,2,2,0,0,0,0,2023-09-12,2023-09-28,0,0,2,0,0,0,2,True,0.948769522306063,0.0,0.0,0.948769522306063,0.0,0.0,0.0,1,104.30225,-5.10513,Tidak signifikan,0.2168,0.141
1310,Dharmasraya,Sumatera Barat,13,2920.9249917427774,0,0,0,0,0,0,,,0,0,0,0,0,0,0,False,0.0,0.0,0.0,0.0,0.0,0.0,0.0,0,101.59059,-1.25845,Tidak signifikan,0.1162,0.44
7571,Kota Gorontalo,Gorontalo,75,70.93294652414707,0,0,0,0,0,0,,,0,0,0,0,0,0,0,False,0.0,0.0,0.0,0.0,0.0,0.0,0.0,0,123.04213,0.53494,Low-Low,0.8513,0.003
5204,Sumbawa,Nusa Tenggara Barat,52,6655.917235965001,0,0,0,0,0,0,,,0,0,0,0,0,0,0,False,0.0,0.0,0.0,0.0,0.0,0.0,0.0,0,117.49169,-8.73408,Tidak signifikan,0.4835,0.135
1808,Way Kanan,Lampung,18,3522.54273785549,8,8,0,0,0,0,2023-08-19,2026-09-10,0,0,5,0,0,3,3,True,2.2710867107521224,0.0,0.0,1.4194291942200765,0.0,0.0,0.8516575165320458,2,104.51813,-4.56684,Low-Low,0.0355,0.028
6502,Malinau,Kalimantan Utara,65,38901.83285662098,0,0,0,0,0,0,,,0,0,0,0,0,0,0,False,0.0,0.0,0.0,0.0,0.0,0.0,0.0,0,115.69181,2.61776,Tidak signifikan,0.3526,0.217
9209,Tambrauw,Papua Barat Daya,92,11263.393047127402,0,0,0,0,0,0,,,0,0,0,0,0,0,0,False,0.0,0.0,0.0,0.0,0.0,0.0,0.0,0,132.85481,-0.85049,Low-Low,0.7976,0.016
3175,Kota Administrasi Jakarta Timur,DKI Jakarta,31,185.07144635458621,0,0,0,0,0,0,,,0,0,0,0,0,0,0,False,0.0,0.0,0.0,0.0,0.0,0.0,0.0,0,106.88199,-6.26197,Low-Low,0.9216,0.001
7322,Luwu Utara,Sulawesi Selatan,73,7422.4392427703,1,1,0,0,0,0,2026-07-30,2026-07-30,0,0,0,0,0,1,1,True,0.13472659961131148,0.0,0.0,0.0,0.0,0.0,0.13472659961131148,1,120.13236,-2.43192,Tidak signifikan,0.0255,0.49
3207,Ciamis,Jawa Barat,32,1595.937016501121,5,5,0,0,0,0,2023-10-01,2026-08-07,0,0,4,0,0,1,3,True,3.1329557171133438,0.0,0.0,2.506364573690675,0.0,0.0,0.6265911434226688,3,108.40594,-7.31319,Tidak signifikan,-0.0548,0.185
3509,Jember,Jawa Timur,35,3313.4595936192077,6,6,0,0,0,0,2023-10-01,2026-09-08,0,0,1,3,0,2,4,True,1.8107961876325018,0.0,0.0,0.301799364605417,0.9053980938162509,0.0,0.603598729210834,2,113.63416,-8.26221,Tidak signifikan,-0.0495,0.265
6202,Kotawaringin Timur,Kalimantan Tengah,62,15543.823162401945,29,24,0,0,0,0,2022-01-01,2026-08-02,0,1,13,1,8,6,36,True,1.865692866999827,0.0,0.06433423679309748,0.8363450783102673,0.06433423679309748,0.5146738943447798,0.3860054207585849,2,112.78643,-2.24567,Tidak signifikan,-0.0438,0.267
1217,Samosir,Sumatera Utara,12,1850.0350729164531,26,26,0,0,0,0,2023-06-09,2026-08-22,0,0,11,11,3,1,3,True,14.053787617665424,0.0,0.0,5.9458332228584485,5.9458332228584485,1.6215908789613953,0.5405302929871317,4,98.73701,2.57684,Tidak signifikan,0.2049,0.326
3215,Karawang,Jawa Barat,32,1913.7128189272487,2,2,0,0,0,0,2023-09-26,2023-10-15,0,0,2,0,0,0,1,True,1.045088887015514,0.0,0.0,1.045088887015514,0.0,0.0,0.0,2,107.42928,-6.26523,Tidak signifikan,0.0902,0.35
5305,Alor,Nusa Tenggara Timur,53,2928.5588185043093,0,0,0,0,0,0,,,0,0,0,0,0,0,0,False,0.0,0.0,0.0,0.0,0.0,0.0,0.0,0,124.77785,-8.29113,Tidak signifikan,0.2836,0.277
9125,Puncak,Papua Tengah,91,6779.040955231721,0,0,0,0,0,0,,,0,0,0,0,0,0,0,False,0.0,0.0,0.0,0.0,0.0,0.0,0.0,0,137.51825,-3.62113,Low-Low,0.9216,0.001
5201,Lombok Barat,Nusa Tenggara Barat,52,923.0579628250131,1,1,0,0,0,0,2026-09-22,2026-09-22,0,0,0,0,0,1,1,True,1.083355585752715,0.0,0.0,0.0,0.0,0.0,1.083355585752715,2,116.13023,-8.65721,Tidak signifikan,0.0245,0.486
3324,Kendal,Jawa Tengah,33,1008.1242410686382,8,8,0,0,0,0,2021-09-03,2024-08-30,1,0,5,2,0,0,5,True,7.935529842551737,0.9919412303189671,0.0,4.959706151594836,1.9838824606379342,0.0,0.0,4,110.1437,-7.01738,Tidak signifikan,0.544,0.071
7108,Bolaang Mongondow Utara,Sulawesi Utara,71,1644.3770499143495,1,1,0,0,0,0,2021-10-10,2021-10-10,1,0,0,0,0,0,1,True,0.6081330313215494,0.6081330313215494,0.0,0.0,0.0,0.0,0.0,1,123.48383,0.76039,Low-Low,0.4852,0.017
6209,Lamandau,Kalimantan Tengah,62,7632.394295023535,7,7,0,0,0,0,2022-01-01,2026-07-24,0,1,1,1,2,2,1,True,0.9171433929408144,0.0,0.13102048470583064,0.13102048470583064,0.13102048470583064,0.2620409694116613,0.2620409694116613,1,111.41732,-1.77887,Tidak signifikan,-0.0972,0.305
9111,Keerom,Papua,91,8990.60837801593,0,0,0,0,0,0,,,0,0,0,0,0,0,0,False,0.0,0.0,0.0,0.0,0.0,0.0,0.0,0,140.67988,-3.41359,Low-Low,0.9216,0.001
5107,Karangasem,Bali,51,839.3174475169168,13,13,0,0,0,0,2023-08-03,2026-09-26,0,0,3,9,0,1,3,True,15.488776074487573,0.0,0.0,3.574332940266363,10.72299882079909,0.0,1.191444313422121,5,115.54719,-8.35856,Tidak signifikan,-0.2314,0.378
7505,Gorontalo Utara,Gorontalo,75,1703.628131531644,0,0,0,0,0,0,,,0,0,0,0,0,0,0,False,0.0,0.0,0.0,0.0,0.0,0.0,0.0,0,123.04948,0.86615,Low-Low,0.8513,0.003
5103,Badung,Bali,51,398.74924909515727,0,0,0,0,0,0,,,0,0,0,0,0,0,0,False,0.0,0.0,0.0,0.0,0.0,0.0,0.0,0,115.19839,-8.54411,Tidak signifikan,-0.1325,0.342
6402,Kutai Kartanegara,Kalimantan Timur,64,26926.494203602557,77,69,0,0,0,0,2023-06-26,2026-09-02,0,0,28,37,1,11,14,True,2.859637033242077,0.0,0.0,1.0398680120880281,1.3741113016877513,0.037138143288858144,0.40851957617743956,3,116.15322,0.1953,High-High,0.0686,0.046
3573,Kota Malang,Jawa Timur,35,111.07652865005532,1,1,0,0,0,0,2026-09-23,2026-09-23,0,0,0,0,0,1,1,True,9.002802051462039,0.0,0.0,0.0,0.0,0.0,9.002802051462039,4,112.64544,-7.98121,Tidak signifikan,0.3756,0.159
1207,Deli Serdang,Sumatera Utara,12,2581.961297491724,4,4,0,0,0,0,2024-03-14,2025-08-04,0,0,0,3,1,0,1,True,1.5492098986479177,0.0,0.0,0.0,1.1619074239859384,0.3873024746619794,0.0,2,98.71591,3.47449,Tidak signifikan,0.0667,0.298
5202,Lombok Tengah,Nusa Tenggara Barat,52,1169.5218723570886,0,0,0,0,0,0,,,0,0,0,0,0,0,0,False,0.0,0.0,0.0,0.0,0.0,0.0,0.0,0,116.28113,-8.68225,Tidak signifikan,-0.049,0.426
9206,Teluk Bintuni,Papua Barat,92,19936.41614089248,1,1,0,0,0,0,2026-08-11,2026-08-11,0,0,0,0,0,1,0,True,0.05015946662293304,0.0,0.0,0.0,0.0,0.0,0.05015946662293304,1,133.15257,-2.18421,Tidak signifikan,0.6289,0.054
1208,Simalungun,Sumatera Utara,12,4601.477303591125,17,16,0,0,1,0,2023-08-03,2026-08-06,0,0,1,5,7,4,9,True,3.6944656853425557,0.0,0.0,0.21732151090250326,1.0866075545125162,1.5212505763175228,0.869286043610013,3,98.78432,2.95071,Tidak signifikan,0.153,0.091
3208,Kuningan,Jawa Barat,32,1192.8966859371799,14,14,0,0,0,0,2022-09-25,2026-09-07,0,1,10,1,0,2,6,True,11.736137894457414,0.0,0.8382955638898152,8.382955638898153,0.8382955638898152,0.0,1.6765911277796304,4,108.55304,-6.98785,High-High,1.0606,0.018
3314,Sragen,Jawa Tengah,33,994.5728536698717,54,53,0,1,0,0,2021-09-02,2026-09-29,1,0,30,3,6,14,23,True,54.29466509240177,1.0054567609704033,0.0,30.163702829112097,3.01637028291121,6.03274056582242,14.076394653585645,5,110.95304,-7.39257,High-High,2.6558,0.008
1225,Nias Barat,Sumatera Utara,12,464.18615097941944,1,1,0,0,0,0,2025-06-01,2025-06-01,0,0,0,0,1,0,0,True,2.154308132394792,0.0,0.0,0.0,0.0,2.154308132394792,0.0,2,97.5021,1.0399,Tidak signifikan,0.0119,0.407
1408,Siak,Riau,14,7862.982700284529,51,41,0,0,0,0,2021-02-18,2026-08-29,3,1,10,0,29,8,32,True,6.486088287864924,0.381534605168525,0.12717820172284167,1.2717820172284167,0.0,3.688167849962408,1.0174256137827333,4,101.84632,0.81807,High-High,0.5172,0.043
5310,Manggarai,Nusa Tenggara Timur,53,1343.8341480270128,0,0,0,0,0,0,,,0,0,0,0,0,0,0,False,0.0,0.0,0.0,0.0,0.0,0.0,0.0,0,120.43952,-8.5482,Tidak signifikan,0.5686,0.081
7309,Maros,Sulawesi Selatan,73,1442.9463184183917,0,0,0,0,0,0,,,0,0,0,0,0,0,0,False,0.0,0.0,0.0,0.0,0.0,0.0,0.0,0,119.69217,-4.96509,Tidak signifikan,0.447,0.146
1308,Pasaman,Sumatera Barat,13,3902.443947091187,2,2,0,0,0,0,2022-07-02,2025-08-01,0,1,0,0,1,0,1,True,0.5124993535117307,0.0,0.25624967675586535,0.0,0.0,0.25624967675586535,0.0,1,100.02365,0.39782,Tidak signifikan,0.0168,0.487
1406,Rokan Hulu,Riau,14,7606.980062641882,22,22,0,0,0,0,2021-02-28,2026-06-07,1,3,9,0,7,2,14,True,2.892080670494023,0.13145821229518287,0.3943746368855486,1.183123910656646,0.0,0.9202074860662801,0.26291642459036574,3,100.45445,0.90672,Tidak signifikan,0.0412,0.152
5203,Lombok Timur,Nusa Tenggara Barat,52,1606.4700112458368,5,5,0,0,0,0,2023-11-02,2026-08-20,0,0,2,0,0,3,1,True,3.112414153391161,0.0,0.0,1.2449656613564644,0.0,0.0,1.8674484920346968,3,116.51198,-8.58341,Tidak signifikan,-0.0216,0.399
1276,Kota Tebing Tinggi,Sumatera Utara,12,39.169685871987255,0,0,0,0,0,0,,,0,0,0,0,0,0,0,False,0.0,0.0,0.0,0.0,0.0,0.0,0.0,0,99.15582,3.32623,Tidak signifikan,0.1009,0.451
9105,Kepulauan Yapen,Papua,91,2429.030022686311,0,0,0,0,0,0,,,0,0,0,0,0,0,0,False,0.0,0.0,0.0,0.0,0.0,0.0,0.0,0,136.36627,-1.75596,Low-Low,0.8985,0.002
5301,Kupang,Nusa Tenggara Timur,53,5136.510087211344,4,4,0,0,0,0,2023-08-02,2023-09-03,0,0,4,0,0,0,4,True,0.778738858112831,0.0,0.0,0.778738858112831,0.0,0.0,0.0,1,123.87801,-9.84757,Tidak signifikan,0.2136,0.18
6203,Kapuas,Kalimantan Tengah,62,17041.24922126808,26,26,0,0,0,0,2022-01-01,2026-07-18,0,1,17,0,5,3,4,True,1.5257097447733516,0.0,0.05868114402974429,0.9975794485056529,0.0,0.29340572014872146,0.17604343208923287,2,114.33741,-1.92455,Tidak signifikan,-0.1189,0.15
3311,Sukoharjo,Jawa Tengah,33,493.5299616266359,27,27,0,0,0,0,2023-07-22,2026-09-22,0,0,11,3,2,11,6,True,54.70792474485262,0.0,0.0,22.288413784939955,6.078658304983625,4.052438869989084,22.288413784939955,5,110.86986,-7.68192,High-High,3.8367,0.001
1224,Nias Utara,Sumatera Utara,12,1236.338672623059,3,3,0,0,0,0,2025-02-04,2025-07-04,0,0,0,0,3,0,1,True,2.426519582724931,0.0,0.0,0.0,0.0,2.426519582724931,0.0,3,97.33809,1.3126,Tidak signifikan,0.0019,0.389
7204,Toli Toli,Sulawesi Tengah,72,3700.3689510002077,3,3,0,0,0,0,2026-08-24,2026-09-11,0,0,0,0,0,3,4,True,0.8107299676669002,0.0,0.0,0.0,0.0,0.0,0.8107299676669002,1,120.87511,0.97169,Tidak signifikan,0.2911,0.087
3403,Gunungkidul,Daerah Istimewa Yogyakarta,34,1475.133057931248,39,29,0,0,0,0,2023-08-16,2026-08-12,0,0,37,0,0,2,0,True,26.43829300028993,0.0,0.0,25.082483102839166,0.0,0.0,1.3558098974507657,5,110.55819,-7.99298,High-High,3.5798,0.001
3326,Pekalongan,Jawa Tengah,33,892.9136904407645,3,3,0,0,0,0,2023-09-18,2026-09-19,0,0,1,0,0,2,2,True,3.3597872136097777,0.0,0.0,1.1199290712032592,0.0,0.0,2.2398581424065185,3,109.61902,-7.04248,Tidak signifikan,-0.0588,0.237
5106,Bangli,Bali,51,526.7640505394412,4,4,0,0,0,0,2021-10-22,2024-08-18,1,0,2,1,0,0,2,True,7.593532618453623,1.8983831546134058,0.0,3.7967663092268116,1.8983831546134058,0.0,0.0,4,115.36806,-8.33352,Tidak signifikan,-0.0645,0.458
3577,Kota Madiun,Jawa Timur,35,36.12598493868077,2,2,0,0,0,0,2024-08-12,2026-09-13,0,0,0,1,0,1,2,True,55.36181237396692,0.0,0.0,0.0,27.68090618698346,0.0,27.68090618698346,5,111.5258,-7.62957,Tidak signifikan,1.4127,0.087
1903,Bangka Selatan,Kepulauan Bangka Belitung,19,3598.2334599956966,2,2,0,0,0,0,2022-02-22,2022-02-27,0,2,0,0,0,0,1,True,0.555828303592728,0.0,0.555828303592728,0.0,0.0,0.0,0.0,1,106.29396,-2.77837,Tidak signifikan,-0.408,0.089
1904,Bangka Tengah,Kepulauan Bangka Belitung,19,2259.9869186406827,36,34,0,0,1,0,2021-03-07,2026-08-31,8,6,19,0,1,2,7,True,15.929295741965166,3.539843498214481,2.654882623660861,8.407128308259392,0.0,0.44248043727681013,0.8849608745536203,5,106.10394,-2.43285,Tidak signifikan,0.5161,0.179
3501,Pacitan,Jawa Timur,35,1433.598919174058,4,4,0,0,0,0,2024-09-30,2026-09-01,0,0,0,2,0,2,3,True,2.7901806750137115,0.0,0.0,0.0,1.3950903375068557,0.0,1.3950903375068557,3,111.14347,-8.10013,High-High,0.0938,0.006
1213,Mandailing Natal,Sumatera Utara,12,6547.257398920056,8,8,1,0,0,0,2021-02-05,2026-09-14,2,0,0,2,2,2,5,True,1.221885670986384,0.305471417746596,0.0,0.0,0.305471417746596,0.305471417746596,0.305471417746596,2,99.44073,0.78702,Tidak signifikan,-0.0099,0.45
1202,Tapanuli Utara,Sumatera Utara,12,3895.6042175594866,4,4,0,0,0,0,2021-10-11,2025-08-18,2,0,0,0,2,0,2,True,1.0267983544041634,0.5133991772020817,0.0,0.0,0.0,0.5133991772020817,0.0,2,99.06275,2.02415,Tidak signifikan,-0.3156,0.062
1401,Kampar,Riau,14,10346.526376647176,99,83,0,0,0,0,2021-02-28,2026-08-13,6,6,34,2,48,3,60,True,9.568428706995793,0.5799047701209571,0.5799047701209571,3.2861270306854236,0.19330159004031905,4.639238160967657,0.28995238506047855,4,101.11739,0.29249,Tidak signifikan,0.5219,0.102
1410,Kepulauan Meranti,Riau,14,3623.5359757252318,26,26,0,0,0,0,2021-02-18,2026-08-02,3,1,13,1,5,3,18,True,7.175311677372331,0.827920578158346,0.27597352605278197,3.5876558386861657,0.27597352605278197,1.37986763026391,0.827920578158346,4,102.70937,0.85401,High-High,0.6444,0.028
3308,Magelang,Jawa Tengah,33,1129.9832905356375,26,24,0,1,0,0,2021-07-25,2026-09-22,3,0,21,0,0,2,18,True,23.009189797554807,2.654906515102478,0.0,18.584345605717342,0.0,0.0,1.7699376767349853,5,110.21864,-7.51468,High-High,2.3089,0.005
9128,Deiyai,Papua Tengah,91,2576.7179980134656,0,0,0,0,0,0,,,0,0,0,0,0,0,0,False,0.0,0.0,0.0,0.0,0.0,0.0,0.0,0,136.36344,-4.18774,Low-Low,0.8985,0.003
1871,Kota Bandar Lampung,Lampung,18,183.745100011889,1,1,0,0,0,0,2023-10-13,2023-10-13,0,0,1,0,0,0,1,True,5.44232199898281,0.0,0.0,5.44232199898281,0.0,0.0,0.0,4,105.26078,-5.4223,Tidak signifikan,-0.0798,0.391
3212,Indramayu,Jawa Barat,32,2076.0555306544347,0,0,0,0,0,0,,,0,0,0,0,0,0,0,False,0.0,0.0,0.0,0.0,0.0,0.0,0.0,0,108.17684,-6.44251,Low-High,-1.6239,0.002
3329,Brebes,Jawa Tengah,33,1742.8104649267357,0,0,0,0,0,0,,,0,0,0,0,0,0,0,False,0.0,0.0,0.0,0.0,0.0,0.0,0.0,0,108.88914,-7.05484,Low-High,-1.3773,0.006
6110,Melawi,Kalimantan Barat,61,10122.513389546333,11,11,0,0,0,0,2022-02-28,2024-09-08,0,1,7,3,0,0,4,True,1.0866866337129137,0.0,0.09878969397390125,0.6915278578173086,0.29636908192170375,0.0,0.0,2,111.65596,-0.7239,Tidak signifikan,0.195,0.133
3673,Kota Serang,Banten,36,265.78672926245304,0,0,0,0,0,0,,,0,0,0,0,0,0,0,False,0.0,0.0,0.0,0.0,0.0,0.0,0.0,0,106.15674,-6.11705,Tidak signifikan,-0.3239,0.239
1610,Ogan Ilir,Sumatera Selatan,16,2302.85792650281,127,114,0,4,11,3,2021-02-25,2026-07-20,11,8,9,58,35,6,18,True,55.14886460792918,4.776673312497803,3.4739442272711294,3.90818725568002,25.18609564771569,15.19850599431119,2.605458170453347,5,104.64231,-3.41936,Tidak signifikan,1.0742,0.141
9121,Mamberamo Tengah,Papua Pegunungan,91,3342.663243194257,0,0,0,0,0,0,,,0,0,0,0,0,0,0,False,0.0,0.0,0.0,0.0,0.0,0.0,0.0,0,139.07916,-3.56631,Low-Low,0.8731,0.004
1402,Indragiri Hulu,Riau,14,7996.304089859697,50,49,0,0,0,0,2021-02-17,2026-08-29,7,2,25,1,7,8,39,True,6.252888764373805,0.8754044270123326,0.2501155505749522,3.1264443821869023,0.1250577752874761,0.8754044270123326,1.0004622022998089,4,102.29913,-0.50577,Tidak signifikan,-0.0345,0.486
1708,Kepahiang,Bengkulu,17,738.9653701553071,7,7,0,0,0,0,2023-09-13,2025-07-26,0,0,6,0,1,0,1,True,9.472703705356073,0.0,0.0,8.119460318876634,0.0,1.353243386479439,0.0,4,102.65983,-3.64817,Tidak signifikan,-0.5087,0.084
7106,Minahasa Utara,Sulawesi Utara,71,995.557222065194,1,1,0,0,0,0,2026-09-19,2026-09-19,0,0,0,0,0,1,1,True,1.0044626042946982,0.0,0.0,0.0,0.0,0.0,1.0044626042946982,2,125.00041,1.51844,Tidak signifikan,-0.2208,0.137
2102,Karimun,Kepulauan Riau,21,930.7449143647463,20,20,0,0,0,0,2023-02-05,2024-04-06,0,0,8,12,0,0,6,True,21.488164685434178,0.0,0.0,8.595265874173672,12.892898811260508,0.0,0.0,5,103.42814,0.76678,High-High,1.9368,0.008
1113,Gayo Lues,Aceh,11,5541.284531753194,9,9,0,0,0,0,2021-02-15,2024-07-27,7,1,0,1,0,0,5,True,1.6241721478886975,1.2632450039134313,0.18046357198763305,0.0,0.18046357198763305,0.0,0.0,2,97.33278,3.97673,Tidak signifikan,0.001,0.472
1809,Pesawaran,Lampung,18,1288.1156418323467,10,10,0,0,0,0,2023-09-04,2026-09-15,0,0,8,0,0,2,5,True,7.763278136872077,0.0,0.0,6.210622509497662,0.0,0.0,1.5526556273744154,4,105.08481,-5.4557,Tidak signifikan,-0.1877,0.312
1501,Kerinci,Jambi,15,3445.1959343632207,5,5,0,0,0,0,2021-04-07,2025-01-02,1,0,3,0,1,0,4,True,1.4512962673991299,0.290259253479826,0.0,0.870777760439478,0.0,0.290259253479826,0.0,2,101.60301,-2.06211,Tidak signifikan,-0.0221,0.399
7403,Muna,Sulawesi Tenggara,74,1858.265048104813,0,0,0,0,0,0,,,0,0,0,0,0,0,0,False,0.0,0.0,0.0,0.0,0.0,0.0,0.0,0,122.70168,-4.92242,Low-Low,0.9216,0.002
1371,Kota Padang,Sumatera Barat,13,694.3365148707583,1,1,0,0,0,0,2025-06-27,2025-06-27,0,0,0,0,1,0,1,True,1.4402238375525116,0.0,0.0,0.0,0.0,1.4402238375525116,0.0,2,100.44915,-0.93078,Tidak signifikan,0.0455,0.388
1607,Banyuasin,Sumatera Selatan,16,12244.497424798948,42,42,0,0,0,0,2021-07-30,2025-09-26,3,4,3,31,1,0,18,True,3.430112200026832,0.2450080142876309,0.3266773523835078,0.2450080142876309,2.5317494809721857,0.08166933809587695,0.0,3,105.01112,-2.39745,Tidak signifikan,0.0834,0.171
7407,Wakatobi,Sulawesi Tenggara,74,454.82933060448363,0,0,0,0,0,0,,,0,0,0,0,0,0,0,False,0.0,0.0,0.0,0.0,0.0,0.0,0.0,0,123.58503,-5.31567,Low-Low,0.9216,0.002
1807,Lampung Timur,Lampung,18,3860.9105994086717,5,5,0,0,0,0,2024-08-20,2026-09-22,0,0,0,2,0,3,5,True,1.2950312811609233,0.0,0.0,0.0,0.5180125124643693,0.0,0.7770187686965538,2,105.5951,-5.11994,Tidak signifikan,0.09,0.291
5371,Kota Kupang,Nusa Tenggara Timur,53,159.33404102679722,2,2,0,0,0,0,2023-08-26,2024-07-05,0,0,1,1,0,0,1,True,12.55224550329226,0.0,0.0,6.27612275164613,6.27612275164613,0.0,0.0,4,123.59086,-10.20838,High-Low,-0.7619,0.04
1377,Kota Pariaman,Sumatera Barat,13,64.76723588132388,0,0,0,0,0,0,,,0,0,0,0,0,0,0,False,0.0,0.0,0.0,0.0,0.0,0.0,0.0,0,100.14792,-0.61278,Tidak signifikan,0.3597,0.21
1215,Pakpak Bharat,Sumatera Utara,12,1365.6073560263544,1,1,0,0,0,0,2024-07-19,2024-07-19,0,0,0,1,0,0,0,True,0.7322749072689538,0.0,0.0,0.0,0.7322749072689538,0.0,0.0,1,98.25536,2.52465,Tidak signifikan,-0.1066,0.321
6206,Katingan,Kalimantan Tengah,62,20382.26025315178,25,25,0,0,0,4,2021-10-24,2026-07-24,1,2,13,1,5,3,9,True,1.2265568042746469,0.04906227217098587,0.09812454434197174,0.6378095382228163,0.04906227217098587,0.24531136085492933,0.14718681651295762,2,113.33728,-1.86091,Tidak signifikan,-0.0425,0.376
6204,Barito Selatan,Kalimantan Tengah,62,6332.963744216471,42,40,0,0,0,0,2022-01-01,2026-08-02,0,3,19,1,15,4,9,True,6.631965963543714,0.0,0.47371185453883674,3.0001750787459662,0.1579039515129456,2.3685592726941835,0.6316158060517824,4,114.78014,-1.92332,Tidak signifikan,0.2834,0.165
1472,Kota Dumai,Riau,14,2059.6127461942324,37,36,0,0,0,0,2021-02-17,2026-06-11,5,3,8,3,16,2,8,True,17.964542154037876,2.42764083162674,1.456584498976044,3.884225330602784,1.456584498976044,7.768450661205568,0.971056332650696,5,101.24168,1.84095,Tidak signifikan,0.5709,0.178
1606,Musi Banyuasin,Sumatera Selatan,16,14550.787676265003,30,29,0,0,0,0,2021-12-01,2026-07-08,1,5,3,17,1,3,9,True,2.061744055886094,0.0687248018628698,0.343624009314349,0.20617440558860942,1.1683216316687868,0.0687248018628698,0.20617440558860942,2,103.7075,-2.49036,Tidak signifikan,-0.0307,0.261
1173,Kota Lhokseumawe,Aceh,11,135.31358363104582,21,21,0,0,0,0,2021-03-01,2026-09-06,7,2,0,0,2,10,12,True,155.19506199214905,51.73168733071635,14.780482094490385,0.0,0.0,14.780482094490385,73.90241047245193,5,97.10841,5.16106,Tidak signifikan,0.5356,0.326
7307,Sinjai,Sulawesi Selatan,73,865.242182162191,4,4,0,0,0,0,2023-10-19,2023-11-26,0,0,4,0,0,0,3,True,4.622983116708697,0.0,0.0,4.622983116708697,0.0,0.0,0.0,3,120.1441,-5.20011,Tidak signifikan,-0.1326,0.225
7210,Sigi,Sulawesi Tengah,72,5225.4345388060265,1,1,0,0,0,0,2026-09-28,2026-09-28,0,0,0,0,0,1,2,True,0.1913716443242427,0.0,0.0,0.0,0.0,0.0,0.1913716443242427,1,119.93132,-1.45591,Low-Low,0.6308,0.027
6471,Kota Balikpapan,Kalimantan Timur,64,509.7018063939091,15,15,0,0,0,0,2021-02-21,2026-09-09,3,0,5,5,1,1,2,True,29.428971629752592,5.885794325950518,0.0,9.80965720991753,9.80965720991753,1.9619314419835063,1.9619314419835063,5,116.89987,-1.14781,High-High,2.3814,0.004
1273,Kota Sibolga,Sumatera Utara,12,11.471042610925466,3,3,0,0,0,0,2021-02-23,2025-08-19,2,0,0,0,1,0,2,True,261.5281018259564,174.35206788397096,0.0,0.0,0.0,87.17603394198548,0.0,5,98.79097,1.73986,Tidak signifikan,0.7409,0.304
7301,Kepulauan Selayar,Sulawesi Selatan,73,1160.3586012314183,2,2,0,0,0,0,2023-09-29,2023-10-12,0,0,2,0,0,0,1,True,1.7236050974910007,0.0,0.0,1.7236050974910007,0.0,0.0,0.0,2,120.95052,-7.29574,Low-Low,0.1308,0.045
7202,Poso,Sulawesi Tengah,72,7545.908895027353,8,8,0,2,0,2,2023-08-19,2026-09-25,0,0,4,0,1,3,6,True,1.0601771252859793,0.0,0.0,0.5300885626429896,0.0,0.1325221406607474,0.39756642198224224,2,120.54333,-1.67492,Low-Low,0.3265,0.021
5303,Timor Tengah Utara,Nusa Tenggara Timur,53,2623.199831563779,0,0,0,0,0,0,,,0,0,0,0,0,0,0,False,0.0,0.0,0.0,0.0,0.0,0.0,0.0,0,124.61077,-9.34048,Tidak signifikan,0.5859,0.078
6207,Seruyan,Kalimantan Tengah,62,15215.157887433861,28,28,0,0,0,0,2021-08-17,2026-08-01,1,1,21,1,1,3,6,True,1.840270091651503,0.06572393184469653,0.06572393184469653,1.3802025687386272,0.06572393184469653,0.06572393184469653,0.19717179553408962,2,112.16484,-2.11983,Tidak signifikan,-0.0287,0.335
3211,Sumedang,Jawa Barat,32,1566.204379249042,20,20,0,0,0,0,2021-09-18,2026-09-05,1,1,15,0,1,2,5,True,12.769725500058637,0.6384862750029319,0.6384862750029319,9.577294125043979,0.0,0.6384862750029319,1.2769725500058637,4,107.98238,-6.80981,Tidak signifikan,0.7736,0.07
9202,Manokwari,Papua Barat,92,2718.65543630298,0,0,0,0,0,0,,,0,0,0,0,0,0,0,False,0.0,0.0,0.0,0.0,0.0,0.0,0.0,0,133.75378,-0.97796,Low-Low,0.767,0.021
6213,Barito Timur,Kalimantan Tengah,62,3146.63573622135,3,3,0,0,0,0,2021-07-23,2026-08-02,1,0,1,0,0,1,1,True,0.9533992020323783,0.31779973401079276,0.0,0.31779973401079276,0.0,0.0,0.31779973401079276,1,115.17736,-2.00527,Low-High,-0.3861,0.048
7310,Pangkajene Kepulauan,Sulawesi Selatan,73,888.9125872356227,0,0,0,0,0,0,,,0,0,0,0,0,0,0,False,0.0,0.0,0.0,0.0,0.0,0.0,0.0,0,119.58908,-4.75377,Low-Low,0.7573,0.022
3205,Garut,Jawa Barat,32,3101.2353019414195,7,7,0,0,0,0,2023-07-02,2026-09-05,0,0,4,1,0,2,6,True,2.257165070840608,0.0,0.0,1.2898086119089192,0.3224521529772298,0.0,0.6449043059544596,2,107.70291,-7.3428,Tidak signifikan,-0.0167,0.241
7308,Bone,Sulawesi Selatan,73,4567.362944170197,3,2,0,0,0,0,2023-10-06,2023-11-06,0,0,3,0,0,0,3,True,0.6568341593761918,0.0,0.0,0.6568341593761918,0.0,0.0,0.0,1,120.09476,-4.68065,Tidak signifikan,0.3429,0.084
8105,Seram Bagian Timur,Maluku,81,5725.446596876881,9,9,0,0,0,0,2023-09-09,2026-09-29,0,0,1,0,0,8,5,True,1.571929778352893,0.0,0.0,0.17465886426143254,0.0,0.0,1.3972709140914603,2,130.39123,-3.42362,Tidak signifikan,0.0923,0.205
7504,Pohuwato,Gorontalo,75,4370.358675441855,6,6,0,0,0,0,2023-08-23,2023-09-11,0,0,6,0,0,0,4,True,1.3728850297151833,0.0,0.0,1.3728850297151833,0.0,0.0,0.0,2,121.6471,0.70168,Low-Low,0.2447,0.015
7110,Bolaang Mongondow Timur,Sulawesi Utara,71,866.5014727894892,0,0,0,0,0,0,,,0,0,0,0,0,0,0,False,0.0,0.0,0.0,0.0,0.0,0.0,0.0,0,124.48953,0.71151,Tidak signifikan,0.5925,0.077
