no,kode_identitas,tanggal,tahun,bulan,tahun_bulan,kode_kabkota,kabkota,provinsi,kode_kabkota_asal,metode_cocok,kecamatan,n_kecamatan,penyebab,meninggal,terluka,rumah_rusak,fasum_rusak,dugaan_duplikat
1,,2026-09-30,2026,9,2026-09,7317,Luwu,Sulawesi Selatan,7317,kode,Walenrang,1,,,,0,0,False
2,,2026-09-30,2026,9,2026-09,3520,Magetan,Jawa Timur,3520,kode,Kawedanan,1,,,,0,0,False
3,,2026-09-30,2026,9,2026-09,3374,Kota Semarang,Jawa Tengah,3374,kode,Mijen,1,,,,0,0,False
4,,2026-09-30,2026,9,2026-09,7314,Sidenreng Rappang,Sulawesi Selatan,7314,kode,Watang Pulu,1,,,,0,0,False
5,,2026-09-30,2026,9,2026-09,7208,Parigi Moutong,Sulawesi Tengah,7208,kode,Bolano,1,,,,0,0,False
6,,2026-09-30,2026,9,2026-09,3312,Wonogiri,Jawa Tengah,3312,kode,Wonogiri; Selogiri,2,,,,0,0,False
7,,2026-09-30,2026,9,2026-09,3317,Rembang,Jawa Tengah,3317,kode,Lasem,1,,,,0,0,False
8,,2026-09-29,2026,9,2026-09,7104,Kepulauan Talaud,Sulawesi Utara,7104,kode,Beo Selatan,1,,,,0,0,False
9,,2026-09-29,2026,9,2026-09,3314,Sragen,Jawa Tengah,3314,kode,Kalijambe,1,,,,0,0,False
10,,2026-09-29,2026,9,2026-09,7605,Majene,Sulawesi Barat,7605,kode,Banggae,1,,,,0,0,False
11,,2026-09-29,2026,9,2026-09,8105,Seram Bagian Timur,Maluku,8105,kode,,0,,,,0,0,False
12,,2026-09-28,2026,9,2026-09,7210,Sigi,Sulawesi Tengah,7210,kode,Dolo Selatan; Dolo Barat,2,,,,0,0,False
13,,2026-09-28,2026,9,2026-09,1971,Kota Pangkal Pinang,Kepulauan Bangka Belitung,1971,kode,Bukit Intan,1,,,,0,0,False
14,,2026-09-28,2026,9,2026-09,1905,Bangka Barat,Kepulauan Bangka Belitung,1905,kode,Muntok,1,,,,0,0,False
15,,2026-09-28,2026,9,2026-09,3310,Klaten,Jawa Tengah,3310,kode,Bayat,1,,,,0,0,False
16,,2026-09-28,2026,9,2026-09,3322,Semarang,Jawa Tengah,3322,kode,Ungaran Timur,1,,,,0,0,False
17,,2026-09-28,2026,9,2026-09,7102,Minahasa,Sulawesi Utara,7102,kode,Pineleng,1,,,,0,0,False
18,,2026-09-27,2026,9,2026-09,7406,Bombana,Sulawesi Tenggara,7406,kode,Lantari Jaya,1,,,,0,0,False
19,,2026-09-27,2026,9,2026-09,3514,Pasuruan,Jawa Timur,3514,kode,Kraton,1,,,,0,0,False
20,,2026-09-27,2026,9,2026-09,3272,Kota Sukabumi,Jawa Barat,3272,kode,Lembursitu,1,,,,0,0,False
21,,2026-09-27,2026,9,2026-09,3517,Jombang,Jawa Timur,3517,kode,Jombang,1,,,,0,0,False
22,,2026-09-27,2026,9,2026-09,7209,Tojo Una Una,Sulawesi Tengah,7209,kode,Tojo,1,,,,0,0,False
23,,2026-09-26,2026,9,2026-09,3523,Tuban,Jawa Timur,3523,kode,Jenu,1,,,,0,0,False
24,,2026-09-26,2026,9,2026-09,3312,Wonogiri,Jawa Tengah,3312,kode,Ngadirojo,1,,,,0,0,False
25,,2026-09-26,2026,9,2026-09,1905,Bangka Barat,Kepulauan Bangka Belitung,1905,kode,Muntok,1,,,,0,0,False
26,,2026-09-26,2026,9,2026-09,1906,Belitung Timur,Kepulauan Bangka Belitung,1906,kode,Gantung; Damar,2,,,,0,0,False
27,,2026-09-26,2026,9,2026-09,3520,Magetan,Jawa Timur,3520,kode,Kawedanan,1,,,,0,0,False
28,,2026-09-26,2026,9,2026-09,7315,Pinrang,Sulawesi Selatan,7315,kode,Patampanua,1,,,,0,0,False
29,,2026-09-26,2026,9,2026-09,3202,Sukabumi,Jawa Barat,3202,kode,Cibadak; Nyalindung; Parakansalak Desa Parakansalak,3,,,,0,0,False
30,,2026-09-26,2026,9,2026-09,5107,Karangasem,Bali,5107,kode,Kubu,1,,,,0,0,False
31,,2026-09-26,2026,9,2026-09,3213,Subang,Jawa Barat,3213,kode,Cijambe,1,,,,0,0,False
32,,2026-09-26,2026,9,2026-09,7208,Parigi Moutong,Sulawesi Tengah,7208,kode,Bolano,1,,,,0,0,False
33,,2026-09-25,2026,9,2026-09,3524,Lamongan,Jawa Timur,3524,kode,Kembangbahu,1,,,,0,0,False
34,,2026-09-25,2026,9,2026-09,7172,Kota Bitung,Sulawesi Utara,7172,kode,Aertembaga,1,,,,0,0,False
35,,2026-09-25,2026,9,2026-09,3306,Purworejo,Jawa Tengah,3306,kode,Purworejo; Gebang; Kutoarjo,3,,,,0,0,False
36,,2026-09-25,2026,9,2026-09,7202,Poso,Sulawesi Tengah,7202,kode,Pamona Utara,1,,,,0,0,False
37,,2026-09-25,2026,9,2026-09,3315,Grobogan,Jawa Tengah,3315,kode,Toroh,1,,,,0,0,False
38,,2026-09-25,2026,9,2026-09,7208,Parigi Moutong,Sulawesi Tengah,7208,kode,Tomini,1,,,,0,0,False
39,,2026-09-25,2026,9,2026-09,3520,Magetan,Jawa Timur,3520,kode,Plaosan; Kawedanan; Maospati,3,,,,0,0,False
40,,2026-09-25,2026,9,2026-09,3314,Sragen,Jawa Tengah,3314,kode,Masaran; Sukodono,2,,,,0,0,False
41,,2026-09-25,2026,9,2026-09,1906,Belitung Timur,Kepulauan Bangka Belitung,1906,kode,Damar,1,,,,0,0,False
42,,2026-09-25,2026,9,2026-09,1813,Pesisir Barat,Lampung,1813,kode,Bengkunat,1,,,,0,0,False
43,,2026-09-24,2026,9,2026-09,7318,Tana Toraja,Sulawesi Selatan,7318,kode,Bonggakaradeng,1,,,,0,0,False
44,,2026-09-24,2026,9,2026-09,3322,Semarang,Jawa Tengah,3322,kode,Bawen,1,,,,0,0,False
45,,2026-09-24,2026,9,2026-09,7102,Minahasa,Sulawesi Utara,7102,kode,Kawangkoan; Tondano Timur,2,,,,0,0,False
46,,2026-09-24,2026,9,2026-09,7315,Pinrang,Sulawesi Selatan,7315,kode,Patampanua,1,,,,0,0,False
47,,2026-09-24,2026,9,2026-09,3314,Sragen,Jawa Tengah,3314,kode,Tanon,1,,,,0,0,False
48,,2026-09-24,2026,9,2026-09,7171,Kota Manado,Sulawesi Utara,7171,kode,Tuminting,1,,,,0,0,False
49,,2026-09-24,2026,9,2026-09,3372,Kota Surakarta,Jawa Tengah,3372,kode,Jebres,1,,,,0,0,False
50,,2026-09-24,2026,9,2026-09,7373,Kota Palopo,Sulawesi Selatan,7373,kode,Wara Barat; Wara Utara,2,,,,0,0,False
51,,2026-09-24,2026,9,2026-09,7314,Sidenreng Rappang,Sulawesi Selatan,7314,kode,Watang Pulu,1,,,,0,0,False
52,,2026-09-23,2026,9,2026-09,3573,Kota Malang,Jawa Timur,3573,kode,Bumiaji,1,,,,0,0,False
53,,2026-09-23,2026,9,2026-09,3502,Ponorogo,Jawa Timur,3502,kode,Jenangan; Jenangan,2,,,,0,0,False
54,,2026-09-23,2026,9,2026-09,1971,Kota Pangkal Pinang,Kepulauan Bangka Belitung,1971,kode,Bukit Intan,1,,,,0,0,False
55,,2026-09-23,2026,9,2026-09,7102,Minahasa,Sulawesi Utara,7102,kode,Tombulu,1,,,,0,0,False
56,,2026-09-23,2026,9,2026-09,3309,Boyolali,Jawa Tengah,3309,kode,Boyolali; Teras,2,,,,0,0,False
57,,2026-09-23,2026,9,2026-09,3505,Blitar,Jawa Timur,3505,kode,Kesamben,1,,,,0,0,False
58,,2026-09-23,2026,9,2026-09,3579,Kota Batu,Jawa Timur,3579,kode,Bumiaji,1,,,,0,0,False
59,,2026-09-23,2026,9,2026-09,3522,Bojonegoro,Jawa Timur,3522,kode,Bojonegoro,1,,,,0,0,False
60,,2026-09-23,2026,9,2026-09,1810,Pringsewu,Lampung,1810,kode,Pringsewu,1,,,,0,0,False
61,,2026-09-22,2026,9,2026-09,3311,Sukoharjo,Jawa Tengah,3311,kode,Bulu,1,,,,0,0,False
62,,2026-09-22,2026,9,2026-09,3307,Wonosobo,Jawa Tengah,3307,kode,Kaliwiro,1,,,,0,0,False
63,,2026-09-22,2026,9,2026-09,5201,Lombok Barat,Nusa Tenggara Barat,5201,kode,Bayan,1,,,,0,0,False
64,,2026-09-22,2026,9,2026-09,5208,Lombok Utara,Nusa Tenggara Barat,5208,kode,Bayan,1,,,,0,0,False
65,,2026-09-22,2026,9,2026-09,3315,Grobogan,Jawa Tengah,3315,kode,Toroh,1,,,,0,0,False
66,,2026-09-22,2026,9,2026-09,3308,Magelang,Jawa Tengah,3308,kode,Pakis; Mertoyudan; Borobudur,3,,,,0,0,False
67,,2026-09-22,2026,9,2026-09,5308,Ende,Nusa Tenggara Timur,5308,kode,Ende Selatan,1,,,,0,0,False
68,,2026-09-22,2026,9,2026-09,1807,Lampung Timur,Lampung,1807,kode,,0,,,,0,0,False
69,,2026-09-22,2026,9,2026-09,3308,Magelang,Jawa Tengah,3308,kode,Srumbung,1,,,,0,0,False
70,,2026-09-22,2026,9,2026-09,1971,Kota Pangkal Pinang,Kepulauan Bangka Belitung,1971,kode,Bukit Intan,1,,,,0,0,False
71,,2026-09-22,2026,9,2026-09,3517,Jombang,Jawa Timur,3517,kode,Megaluh,1,,,,0,0,False
72,,2026-09-22,2026,9,2026-09,3310,Klaten,Jawa Tengah,3310,kode,Ngawen; Bayat; Ceper; Jogonalan; Polanharjo; Klaten Utara; Pedan,7,,,,0,0,False
73,,2026-09-22,2026,9,2026-09,3507,Malang,Jawa Timur,3507,kode,Kalipare,1,,,,0,0,False
74,,2026-09-21,2026,9,2026-09,3502,Ponorogo,Jawa Timur,3502,kode,Slahung,1,,,,0,0,False
75,,2026-09-21,2026,9,2026-09,3503,Trenggalek,Jawa Timur,3503,kode,Trenggalek,1,,,,0,0,False
76,,2026-09-21,2026,9,2026-09,8103,Kepulauan Tanimbar,Maluku,8103,kode,Tanimbar Selatan,1,,,,0,0,False
77,,2026-09-20,2026,9,2026-09,7209,Tojo Una Una,Sulawesi Tengah,7209,kode,Tojo; Ampana,2,,,,0,0,False
78,,2026-09-20,2026,9,2026-09,3302,Banyumas,Jawa Tengah,3302,kode,Ajibarang; Wangon,2,,,,0,0,False
79,,2026-09-20,2026,9,2026-09,3310,Klaten,Jawa Tengah,3310,kode,Delanggu; Jogonala,2,,,,0,0,False
80,,2026-09-20,2026,9,2026-09,3301,Cilacap,Jawa Tengah,3301,kode,Sidareja,1,,,,0,0,False
81,,2026-09-20,2026,9,2026-09,1811,Mesuji,Lampung,1811,kode,Panca Jaya,1,,,,0,0,False
82,,2026-09-20,2026,9,2026-09,3503,Trenggalek,Jawa Timur,3503,kode,Pogalan,1,,,,0,0,False
83,,2026-09-20,2026,9,2026-09,1906,Belitung Timur,Kepulauan Bangka Belitung,1906,kode,Manggar,1,,,,0,0,False
84,,2026-09-20,2026,9,2026-09,7317,Luwu,Sulawesi Selatan,7317,kode,Ponrang,1,,,,0,0,False
85,,2026-09-20,2026,9,2026-09,7102,Minahasa,Sulawesi Utara,7102,kode,Kombi,1,,,,0,0,False
86,,2026-09-20,2026,9,2026-09,3312,Wonogiri,Jawa Tengah,3312,kode,Tirtomoyo,1,,,,0,0,False
87,,2026-09-20,2026,9,2026-09,3305,Kebumen,Jawa Tengah,3305,kode,Alian,1,,,,0,0,False
88,,2026-09-20,2026,9,2026-09,7202,Poso,Sulawesi Tengah,7202,kode,Lage,1,,,,0,0,False
89,,2026-09-19,2026,9,2026-09,7106,Minahasa Utara,Sulawesi Utara,7106,kode,Airmadidi,1,,,,0,0,False
90,,2026-09-19,2026,9,2026-09,9104,Nabire,Papua Tengah,9401,nama+provinsi,,0,,,,0,0,False
91,,2026-09-19,2026,9,2026-09,1807,Lampung Timur,Lampung,1807,kode,Purbolinggo,1,,,,0,0,False
92,,2026-09-19,2026,9,2026-09,3326,Pekalongan,Jawa Tengah,3326,kode,Kandangserang,1,,,,0,0,False
93,,2026-09-19,2026,9,2026-09,7606,Mamuju Tengah,Sulawesi Barat,7606,kode,Tobadak,1,,,,0,0,False
94,,2026-09-19,2026,9,2026-09,1971,Kota Pangkal Pinang,Kepulauan Bangka Belitung,1971,kode,Bukit Intan,1,,,,0,0,False
95,,2026-09-19,2026,9,2026-09,7605,Majene,Sulawesi Barat,7605,kode,Malunda,1,,,,0,0,False
96,,2026-09-19,2026,9,2026-09,7207,Banggai Kepulauan,Sulawesi Tengah,7207,kode,Buko,1,,,,0,0,False
97,,2026-09-19,2026,9,2026-09,7317,Luwu,Sulawesi Selatan,7317,kode,Bua,1,,,,0,0,False
98,,2026-09-19,2026,9,2026-09,7316,Enrekang,Sulawesi Selatan,7316,kode,Cendana,1,,,,0,0,False
99,,2026-09-19,2026,9,2026-09,3317,Rembang,Jawa Tengah,3317,kode,Rembang,1,,,,0,0,False
100,,2026-09-19,2026,9,2026-09,3302,Banyumas,Jawa Tengah,3302,kode,Kalibagor; Patikraja,2,,,,0,0,False
101,,2026-09-18,2026,9,2026-09,1906,Belitung Timur,Kepulauan Bangka Belitung,1906,kode,Simpang Renggiang,1,,,,0,0,False
102,,2026-09-18,2026,9,2026-09,7314,Sidenreng Rappang,Sulawesi Selatan,7314,kode,Watang Pulu,1,,,,0,0,False
103,,2026-09-17,2026,9,2026-09,7604,Polewali Mandar,Sulawesi Barat,7604,kode,Campalagian; Balanipa; Binuang; Tinambung,4,,,,0,0,False
104,,2026-09-17,2026,9,2026-09,3306,Purworejo,Jawa Tengah,3306,kode,Bagelen,1,,,,0,0,False
105,,2026-09-17,2026,9,2026-09,3314,Sragen,Jawa Tengah,3314,kode,Japah; Masaran,2,,,,0,0,False
106,,2026-09-17,2026,9,2026-09,7324,Luwu Timur,Sulawesi Selatan,7324,kode,Malili,1,,,,0,0,False
107,,2026-09-17,2026,9,2026-09,8107,Kepulauan Aru,Maluku,8107,kode,Pulau-Pulau Aru,1,,,,0,0,False
108,,2026-09-17,2026,9,2026-09,3310,Klaten,Jawa Tengah,3310,kode,Jatinom,1,,,,0,0,False
109,,2026-09-17,2026,9,2026-09,3316,Blora,Jawa Tengah,3316,kode,Japah,1,,,,0,0,False
110,,2026-09-16,2026,9,2026-09,3518,Nganjuk,Jawa Timur,3518,kode,Sawahan,1,,,,0,0,False
111,,2026-09-16,2026,9,2026-09,3374,Kota Semarang,Jawa Tengah,3374,kode,Semarang Barat,1,,,,0,0,False
112,,2026-09-16,2026,9,2026-09,3315,Grobogan,Jawa Tengah,3315,kode,Toroh,1,,,,0,0,False
113,,2026-09-16,2026,9,2026-09,7208,Parigi Moutong,Sulawesi Tengah,7208,kode,Ongka Malino,1,,,,0,0,False
114,,2026-09-16,2026,9,2026-09,7604,Polewali Mandar,Sulawesi Barat,7604,kode,Balanipa; Bulo; Samasundu,3,,,,0,0,False
115,,2026-09-16,2026,9,2026-09,3303,Purbalingga,Jawa Tengah,3303,kode,Mrebet,1,,,,0,0,False
116,,2026-09-16,2026,9,2026-09,3310,Klaten,Jawa Tengah,3310,kode,Wonosari,1,,,,0,0,False
117,,2026-09-16,2026,9,2026-09,1811,Mesuji,Lampung,1811,kode,Tanjung Raya; Mesuji Timur,2,,,,0,0,False
118,,2026-09-16,2026,9,2026-09,3503,Trenggalek,Jawa Timur,3503,kode,Suruh; Durenan,2,,,,0,0,False
119,,2026-09-16,2026,9,2026-09,3311,Sukoharjo,Jawa Tengah,3311,kode,Bendosari,1,,,,0,0,False
120,,2026-09-16,2026,9,2026-09,3312,Wonogiri,Jawa Tengah,3312,kode,Jatiroto; Sidoharjo,2,,,,0,0,False
121,,2026-09-15,2026,9,2026-09,7315,Pinrang,Sulawesi Selatan,7315,kode,Paleteang; Watang Sawitto,2,,1.0,,0,0,False
122,,2026-09-15,2026,9,2026-09,7209,Tojo Una Una,Sulawesi Tengah,7209,kode,Ulubongka,1,,,,0,0,False
123,,2026-09-15,2026,9,2026-09,1809,Pesawaran,Lampung,1809,kode,Gedong Tataan,1,,,,0,0,False
124,,2026-09-15,2026,9,2026-09,3302,Banyumas,Jawa Tengah,3302,kode,Purwojati,1,,,,0,0,False
125,,2026-09-15,2026,9,2026-09,7205,Buol,Sulawesi Tengah,7205,kode,Bunobogu,1,,,,0,0,False
126,,2026-09-15,2026,9,2026-09,8272,Kota Tidore Kepulauan,Maluku Utara,8272,kode,Tidore,1,,,,0,0,False
127,,2026-09-15,2026,9,2026-09,7605,Majene,Sulawesi Barat,7605,kode,Banggae,1,,,,0,0,False
128,,2026-09-15,2026,9,2026-09,9101,Merauke,Papua Selatan,9301,nama+provinsi,,0,,,,0,0,False
129,,2026-09-15,2026,9,2026-09,3503,Trenggalek,Jawa Timur,3503,kode,Durenan,1,,,,0,0,False
130,,2026-09-14,2026,9,2026-09,7604,Polewali Mandar,Sulawesi Barat,7604,kode,Campalagian; Polewali,2,,,,0,0,False
131,,2026-09-14,2026,9,2026-09,7373,Kota Palopo,Sulawesi Selatan,7373,kode,Sendana,1,,,,0,0,False
132,,2026-09-14,2026,9,2026-09,1213,Mandailing Natal,Sumatera Utara,1213,kode,Panyabungan,1,,,,0,0,False
133,,2026-09-14,2026,9,2026-09,1801,Lampung Selatan,Lampung,1801,kode,Kalianda,1,,,,0,0,False
134,,2026-09-14,2026,9,2026-09,6501,Bulungan,Kalimantan Utara,6501,kode,Tanjung Selor,1,,,,0,0,False
135,,2026-09-14,2026,9,2026-09,9208,Kaimana,Papua Barat,9208,kode,,0,,,,0,0,False
136,,2026-09-14,2026,9,2026-09,7315,Pinrang,Sulawesi Selatan,7315,kode,Mattiro Bullu,1,,,,0,0,False
137,,2026-09-14,2026,9,2026-09,3309,Boyolali,Jawa Tengah,3309,kode,Mojosongo; Cepongo,2,,,,0,0,False
138,,2026-09-14,2026,9,2026-09,8101,Maluku Tengah,Maluku,8101,kode,Amahi Nagari Banda Baru,1,,,,0,0,False
139,,2026-09-14,2026,9,2026-09,3520,Magetan,Jawa Timur,3520,kode,Panekan; Sidorejo,2,,,,0,0,False
140,,2026-09-14,2026,9,2026-09,3521,Ngawi,Jawa Timur,3521,kode,Kendal,1,,,,0,0,False
141,,2026-09-14,2026,9,2026-09,3322,Semarang,Jawa Tengah,3322,kode,Ungaran Timur,1,,,,0,0,False
142,,2026-09-14,2026,9,2026-09,3273,Kota Bandung,Jawa Barat,3273,kode,Cidadap,1,,,,0,0,False
143,,2026-09-14,2026,9,2026-09,3309,Boyolali,Jawa Tengah,3309,kode,Selo; Ngemplak,2,,,,0,0,False
144,,2026-09-13,2026,9,2026-09,3505,Blitar,Jawa Timur,3505,kode,Wlingi,1,,,,0,0,False
145,,2026-09-13,2026,9,2026-09,7209,Tojo Una Una,Sulawesi Tengah,7209,kode,Tojo Barat; Tojo; Ampana,3,,,,0,0,False
146,,2026-09-13,2026,9,2026-09,2104,Lingga,Kepulauan Riau,2104,kode,Lingga Timur; Singkep; Lingga Utara,3,,,,0,0,False
147,,2026-09-13,2026,9,2026-09,7314,Sidenreng Rappang,Sulawesi Selatan,7314,kode,Kulo; Watang Pulu; Baranti,3,,,,0,0,False
148,,2026-09-13,2026,9,2026-09,7209,Tojo Una Una,Sulawesi Tengah,7209,kode,Tojo,1,,,,0,0,False
149,,2026-09-13,2026,9,2026-09,3512,Situbondo,Jawa Timur,3512,kode,Panarukan,1,,,,0,0,False
150,,2026-09-13,2026,9,2026-09,7604,Polewali Mandar,Sulawesi Barat,7604,kode,Binuang,1,,,,0,0,False
151,,2026-09-13,2026,9,2026-09,3577,Kota Madiun,Jawa Timur,3577,kode,Taman,1,,,,0,0,False
152,,2026-09-13,2026,9,2026-09,7605,Majene,Sulawesi Barat,7605,kode,Sendana; Banggae,2,,,,0,0,False
153,,2026-09-13,2026,9,2026-09,1906,Belitung Timur,Kepulauan Bangka Belitung,1906,kode,Manggar; Gantung,2,,,,0,0,False
154,,2026-09-13,2026,9,2026-09,1811,Mesuji,Lampung,1811,kode,Mesuji Timur,1,,,,0,0,False
155,,2026-09-13,2026,9,2026-09,3312,Wonogiri,Jawa Tengah,3312,kode,Kismantoro; Jatiroto,2,,,,0,0,False
156,,2026-09-13,2026,9,2026-09,3315,Grobogan,Jawa Tengah,3315,kode,Toroh,1,,,,0,0,False
157,,2026-09-13,2026,9,2026-09,3517,Jombang,Jawa Timur,3517,kode,Jombang,1,,,,0,1,False
158,,2026-09-13,2026,9,2026-09,8206,Halmahera Timur,Maluku Utara,8206,kode,Wasile,1,,,,0,0,False
159,,2026-09-13,2026,9,2026-09,9101,Merauke,Papua Selatan,9301,nama+provinsi,,0,,,,0,0,False
160,,2026-09-12,2026,9,2026-09,3310,Klaten,Jawa Tengah,3310,kode,Bayat; Prambanan; Wonosari; Juwiring,4,,,,0,0,False
161,,2026-09-12,2026,9,2026-09,7209,Tojo Una Una,Sulawesi Tengah,7209,kode,Tojo,1,,,,0,0,False
162,,2026-09-12,2026,9,2026-09,7605,Majene,Sulawesi Barat,7605,kode,Banggae Timur,1,,,,0,0,False
163,,2026-09-12,2026,9,2026-09,7202,Poso,Sulawesi Tengah,7202,kode,Pamona Selatan,1,,,2.0,0,2,False
164,,2026-09-12,2026,9,2026-09,7209,Tojo Una Una,Sulawesi Tengah,7209,kode,Ampana Tete,1,,,,0,0,False
165,,2026-09-11,2026,9,2026-09,3310,Klaten,Jawa Tengah,3310,kode,Bayat,1,,,,0,0,False
166,,2026-09-11,2026,9,2026-09,3514,Pasuruan,Jawa Timur,3514,kode,Bugul Kidul,1,,,,0,0,False
167,,2026-09-11,2026,9,2026-09,6411,Mahakam Ulu,Kalimantan Timur,6411,kode,Long Bagun,1,,,,0,0,False
168,,2026-09-11,2026,9,2026-09,7604,Polewali Mandar,Sulawesi Barat,7604,kode,Binuang; Balanipa; Limboro; Luyo; Tapango; Tinambung,6,,,,0,0,False
169,,2026-09-11,2026,9,2026-09,7204,Toli Toli,Sulawesi Tengah,7204,kode,Lampasio,1,,,,0,0,False
170,,2026-09-11,2026,9,2026-09,1906,Belitung Timur,Kepulauan Bangka Belitung,1906,kode,Manggar,1,,,,0,0,False
171,,2026-09-11,2026,9,2026-09,7373,Kota Palopo,Sulawesi Selatan,7373,kode,Sendana,1,,,,0,0,False
172,,2026-09-11,2026,9,2026-09,8109,Buru Selatan,Maluku,8109,kode,Waesama,1,,,,0,0,False
173,,2026-09-11,2026,9,2026-09,6303,Banjar,Kalimantan Selatan,6303,kode,Sungai Tabuk; Martapura,2,,,,0,0,False
174,,2026-09-11,2026,9,2026-09,1674,Kota Prabumulih,Sumatera Selatan,1674,kode,Rambang Kapak Tengah  Kel Gunung Ibul Selatan; Prabumulih Timur Kec Prabumulih Barat,2,,,,0,0,False
175,,2026-09-11,2026,9,2026-09,6501,Bulungan,Kalimantan Utara,6501,kode,Tanjung Palas Timur,1,,,,0,0,False
176,,2026-09-11,2026,9,2026-09,7314,Sidenreng Rappang,Sulawesi Selatan,7314,kode,Watang Pulu,1,,,,0,0,False
177,,2026-09-11,2026,9,2026-09,3520,Magetan,Jawa Timur,3520,kode,Lembeyan; Kawedanan,2,,,,0,0,False
178,,2026-09-11,2026,9,2026-09,7411,Kolaka Timur,Sulawesi Tenggara,7411,kode,Mowewe; Tirawuta; Ladongi; Lalolae; Tinondo; Lambandia,6,,,,0,0,False
179,,2026-09-10,2026,9,2026-09,9271,Kota Sorong,Papua Barat Daya,9671,nama+provinsi,,0,,,,0,0,False
180,,2026-09-10,2026,9,2026-09,3513,Probolinggo,Jawa Timur,3513,kode,Sukapura,1,,,,0,0,False
181,,2026-09-10,2026,9,2026-09,7204,Toli Toli,Sulawesi Tengah,7204,kode,Basi Dondo,1,,,,0,0,False
182,,2026-09-10,2026,9,2026-09,3672,Kota Cilegon,Banten,3672,kode,Purwakarta,1,,,,0,0,False
183,,2026-09-10,2026,9,2026-09,7306,Gowa,Sulawesi Selatan,7306,kode,Parigi; Pattallassang; Bontomarannu,3,,,,0,0,False
184,,2026-09-10,2026,9,2026-09,7317,Luwu,Sulawesi Selatan,7317,kode,Suli,1,,,,0,0,False
185,,2026-09-10,2026,9,2026-09,1808,Way Kanan,Lampung,1808,kode,Blambangan Umpu,1,,,,0,0,False
186,,2026-09-10,2026,9,2026-09,3502,Ponorogo,Jawa Timur,3502,kode,Bungkal,1,,,,0,0,False
187,,2026-09-10,2026,9,2026-09,5271,Kota Mataram,Nusa Tenggara Barat,5271,kode,Sarbela,1,,,,0,0,False
188,,2026-09-10,2026,9,2026-09,3310,Klaten,Jawa Tengah,3310,kode,Tulung,1,,,,0,0,False
189,,2026-09-10,2026,9,2026-09,1906,Belitung Timur,Kepulauan Bangka Belitung,1906,kode,Damar,1,,,,0,0,False
190,,2026-09-09,2026,9,2026-09,7208,Parigi Moutong,Sulawesi Tengah,7208,kode,Parigi; Moutong; Bolano; Mepanga,4,,,,0,0,False
191,,2026-09-09,2026,9,2026-09,7316,Enrekang,Sulawesi Selatan,7316,kode,Anggareja,1,,,,0,0,False
192,,2026-09-09,2026,9,2026-09,1106,Aceh Besar,Aceh,1106,kode,,0,,,,0,0,False
193,,2026-09-09,2026,9,2026-09,6471,Kota Balikpapan,Kalimantan Timur,6471,kode,Balikpapan Timur,1,,,,0,0,False
194,,2026-09-09,2026,9,2026-09,6108,Landak,Kalimantan Barat,6108,kode,Kuala Behe,1,,,,0,0,False
195,,2026-09-08,2026,9,2026-09,3311,Sukoharjo,Jawa Tengah,3311,kode,Bulu,1,,,,0,0,False
196,,2026-09-08,2026,9,2026-09,3520,Magetan,Jawa Timur,3520,kode,Kartoharjo,1,,,,0,0,False
197,,2026-09-08,2026,9,2026-09,1106,Aceh Besar,Aceh,1106,kode,Ingin Jaya,1,,,,0,0,False
198,,2026-09-08,2026,9,2026-09,6472,Kota Samarinda,Kalimantan Timur,6472,kode,Samarinda Ulu,1,,,,0,0,False
199,,2026-09-08,2026,9,2026-09,7102,Minahasa,Sulawesi Utara,7102,kode,Tondano Utara; Tondano Selatan,2,,,,0,0,False
200,,2026-09-08,2026,9,2026-09,7412,Konawe Kepulauan,Sulawesi Tenggara,7412,kode,Wawonii Tengah,1,,,,0,0,False
201,,2026-09-08,2026,9,2026-09,7209,Tojo Una Una,Sulawesi Tengah,7209,kode,,0,,,,0,0,False
202,,2026-09-08,2026,9,2026-09,3310,Klaten,Jawa Tengah,3310,kode,Bayat; Delanggu,2,,,,0,0,False
203,,2026-09-08,2026,9,2026-09,3517,Jombang,Jawa Timur,3517,kode,,0,,,,0,0,False
204,,2026-09-08,2026,9,2026-09,3509,Jember,Jawa Timur,3509,kode,Tempurejo,1,,,,0,0,False
205,,2026-09-07,2026,9,2026-09,2104,Lingga,Kepulauan Riau,2104,kode,Singkep Barat; Lingga Utara; Lingga Timur; Katang Bidare; Singkep Selatan; Singkep Pesisir; Singkep,7,,,,0,0,False
206,,2026-09-07,2026,9,2026-09,6407,Kutai Barat,Kalimantan Timur,6407,kode,Barong Tongkok,1,,,,0,0,False
207,,2026-09-07,2026,9,2026-09,6409,Penajam Paser Utara,Kalimantan Timur,6409,kode,Sepaku; Penajam; Pemaluan,3,,,,0,0,False
208,,2026-09-07,2026,9,2026-09,6403,Berau,Kalimantan Timur,6403,kode,Sambaliung; Biatan; Kelay,3,,,,0,0,False
209,,2026-09-07,2026,9,2026-09,1106,Aceh Besar,Aceh,1106,kode,Sukamakmur Gp. Kayee Adang,1,,,,0,0,False
210,,2026-09-07,2026,9,2026-09,3201,Bogor,Jawa Barat,3201,kode,Cibungbulang,1,,,,0,0,False
211,,2026-09-07,2026,9,2026-09,1811,Mesuji,Lampung,1811,kode,Panca Jaya; Mesuji,2,,,,0,0,False
212,,2026-09-07,2026,9,2026-09,3201,Bogor,Jawa Barat,3201,kode,Cibungbulang,1,,,,0,0,False
213,,2026-09-07,2026,9,2026-09,7207,Banggai Kepulauan,Sulawesi Tengah,7207,kode,Tinangkung Utara,1,,,,0,0,False
214,,2026-09-07,2026,9,2026-09,3310,Klaten,Jawa Tengah,3310,kode,Bayat; Delanggu,2,,,,0,0,False
215,,2026-09-07,2026,9,2026-09,3305,Kebumen,Jawa Tengah,3305,kode,Kebumen,1,,,,0,0,False
216,,2026-09-07,2026,9,2026-09,3208,Kuningan,Jawa Barat,3208,kode,Pasawahan,1,,,,0,0,False
217,,2026-09-07,2026,9,2026-09,6401,Paser,Kalimantan Timur,6401,kode,Tanjung Harapan; Batu Sopang; Tanah Grogot; Muara Komam; Pasir Belengkong; Batu Sopang; Muara Samu; Batu Engau; Longikis; Kuaro; Longkali,11,,,,0,0,False
218,,2026-09-06,2026,9,2026-09,1407,Rokan Hilir,Riau,1407,kode,Batu Hampar,1,,,,0,0,False
219,,2026-09-06,2026,9,2026-09,3314,Sragen,Jawa Tengah,3314,kode,Kalijambe; Plupuh,2,,,,0,0,False
220,,2026-09-06,2026,9,2026-09,1173,Kota Lhokseumawe,Aceh,1173,kode,Muara Dua Gp.  Cot Girek Kandang,1,,,,0,0,False
221,,2026-09-06,2026,9,2026-09,3213,Subang,Jawa Barat,3213,kode,Cikaum,1,,,,0,0,False
222,,2026-09-06,2026,9,2026-09,3310,Klaten,Jawa Tengah,3310,kode,Bayat,1,,,,0,0,False
223,,2026-09-06,2026,9,2026-09,3323,Temanggung,Jawa Tengah,3323,kode,Kledung,1,,,,0,0,False
224,,2026-09-06,2026,9,2026-09,3503,Trenggalek,Jawa Timur,3503,kode,Karangan,1,,,,0,0,False
225,,2026-09-06,2026,9,2026-09,7373,Kota Palopo,Sulawesi Selatan,7373,kode,Wara Barat,1,,,,0,0,False
226,,2026-09-06,2026,9,2026-09,3311,Sukoharjo,Jawa Tengah,3311,kode,Bulu; Polokarto,2,,,,0,0,False
227,,2026-09-06,2026,9,2026-09,7317,Luwu,Sulawesi Selatan,7317,kode,Bua; Suli,2,,,,0,0,False
228,,2026-09-05,2026,9,2026-09,3205,Garut,Jawa Barat,3205,kode,Tarogong Kaler; Cikajang,2,,,,0,0,False
229,,2026-09-05,2026,9,2026-09,7103,Kepulauan Sangihe,Sulawesi Utara,7103,kode,Tahuna; Tahuna Barat; Kendahe Kp. Kendahe 1 Kp. Kendahe 2 Kp. Talawid Kp. Pemparalaeng Kp. Mohongsawang Kp. Tariang Lama Kp. Kalasuge; Tabukan Utara Kp. Kalasuge Kp. Beha Kp. Bahu Kp. Kalekube Kp. Utaurano Kp. Mala Kp. Tolendano,4,,,,0,0,False
230,,2026-09-05,2026,9,2026-09,3211,Sumedang,Jawa Barat,3211,kode,Cimalaka; Cikole,2,,,,0,0,False
231,,2026-09-05,2026,9,2026-09,1809,Pesawaran,Lampung,1809,kode,Kedondong; Way Lima,2,,,,0,0,False
232,,2026-09-04,2026,9,2026-09,7306,Gowa,Sulawesi Selatan,7306,kode,Bontomarannu,1,,,,0,0,False
233,,2026-09-04,2026,9,2026-09,3326,Pekalongan,Jawa Tengah,3326,kode,Reban,1,,,,0,0,False
234,,2026-09-04,2026,9,2026-09,3306,Purworejo,Jawa Tengah,3306,kode,Kaligesing,1,,,,0,0,False
235,,2026-09-04,2026,9,2026-09,1906,Belitung Timur,Kepulauan Bangka Belitung,1906,kode,Kelapa Kampit; Manggar; Damar,3,,,,0,0,False
236,,2026-09-04,2026,9,2026-09,3507,Malang,Jawa Timur,3507,kode,Pujon,1,,,,0,0,False
237,,2026-09-04,2026,9,2026-09,3505,Blitar,Jawa Timur,3505,kode,Wlingi,1,,,,0,0,False
238,,2026-09-04,2026,9,2026-09,8105,Seram Bagian Timur,Maluku,8105,kode,Bula Negeri Adm. Tansi Ambon Negeri Salas Negeri Adm. Kampung Wailola,1,,,,0,0,False
239,,2026-09-04,2026,9,2026-09,1808,Way Kanan,Lampung,1808,kode,Blambangan Umpu,1,,,,0,0,False
240,,2026-09-04,2026,9,2026-09,6409,Penajam Paser Utara,Kalimantan Timur,6409,kode,Penajam,1,,,,0,0,False
241,,2026-09-04,2026,9,2026-09,1220,Padang Lawas Utara,Sumatera Utara,1220,kode,Padang Bolak,1,,,,0,0,False
242,,2026-09-03,2026,9,2026-09,7209,Tojo Una Una,Sulawesi Tengah,7209,kode,Ampana Kota; Ampana Tete,2,,,,0,0,False
243,,2026-09-03,2026,9,2026-09,6501,Bulungan,Kalimantan Utara,6501,kode,Tanjung Palas Timur; Tanjung Selor,2,,,,0,0,False
244,,2026-09-03,2026,9,2026-09,1905,Bangka Barat,Kepulauan Bangka Belitung,1905,kode,Mentok,1,,,,0,0,False
245,,2026-09-03,2026,9,2026-09,3511,Bondowoso,Jawa Timur,3511,kode,Ijen,1,,,,0,0,False
246,,2026-09-03,2026,9,2026-09,3511,Bondowoso,Jawa Timur,3511,kode,Ijen; Licin,2,,,,0,0,False
247,,2026-09-03,2026,9,2026-09,1806,Tanggamus,Lampung,1806,kode,Air Naningan,1,,,,0,0,False
248,,2026-09-03,2026,9,2026-09,3213,Subang,Jawa Barat,3213,kode,Subang,1,,,,0,0,False
249,,2026-09-03,2026,9,2026-09,7104,Kepulauan Talaud,Sulawesi Utara,7104,kode,,0,,,,0,0,False
250,,2026-09-03,2026,9,2026-09,3510,Banyuwangi,Jawa Timur,3510,kode,Licin,1,,,,0,0,False
251,,2026-09-02,2026,9,2026-09,3203,Cianjur,Jawa Barat,3203,kode,Cilaku,1,,,,0,0,False
252,,2026-09-02,2026,9,2026-09,3372,Kota Surakarta,Jawa Tengah,3372,kode,Jebres TPA Putri Cempo Mojosongo,1,,,,0,0,False
253,,2026-09-02,2026,9,2026-09,3513,Probolinggo,Jawa Timur,3513,kode,Gending,1,,,,0,0,False
254,,2026-09-02,2026,9,2026-09,6402,Kutai Kartanegara,Kalimantan Timur,6402,kode,Loa Kulu,1,,,,0,0,False
255,,2026-09-02,2026,9,2026-09,8206,Halmahera Timur,Maluku Utara,8206,kode,Wasile Timur,1,,,,0,0,False
256,,2026-09-02,2026,9,2026-09,3502,Ponorogo,Jawa Timur,3502,kode,Bungkal,1,,,,0,0,False
257,,2026-09-02,2026,9,2026-09,1104,Aceh Tengah,Aceh,1104,kode,Silih Nara Gp. Arul Gele; Pengasing Gp. Pedekok,2,,,,0,0,False
258,,2026-09-02,2026,9,2026-09,1106,Aceh Besar,Aceh,1106,kode,Leupung Gp. Deah Mamplam,1,,,,0,0,False
259,,2026-09-02,2026,9,2026-09,3520,Magetan,Jawa Timur,3520,kode,Magetan,1,,,,0,0,False
260,,2026-09-02,2026,9,2026-09,1811,Mesuji,Lampung,1811,kode,Mesuji Timur,1,,,,0,0,False
261,,2026-09-02,2026,9,2026-09,6401,Paser,Kalimantan Timur,6401,kode,Tanah Grogot; Pasir Belengkong; Long Ikis; Muara Samu,4,,,,0,0,False
262,,2026-09-02,2026,9,2026-09,7209,Tojo Una Una,Sulawesi Tengah,7209,kode,Ulubongka,1,,,,0,0,False
263,,2026-09-02,2026,9,2026-09,1810,Pringsewu,Lampung,1810,kode,Ambarawa,1,,,,0,0,False
264,,2026-09-02,2026,9,2026-09,9205,Raja Ampat,Papua Barat Daya,9603,nama+provinsi,,0,,,,0,0,False
265,,2026-09-01,2026,9,2026-09,7412,Konawe Kepulauan,Sulawesi Tenggara,7412,kode,Wawonii Tengah,1,,,,0,0,False
266,,2026-09-01,2026,9,2026-09,6402,Kutai Kartanegara,Kalimantan Timur,6402,kode,Muara Jawa,1,,,,0,0,False
267,,2026-09-01,2026,9,2026-09,3501,Pacitan,Jawa Timur,3501,kode,Pacitan; Arjosari,2,,,,0,0,False
268,,2026-09-01,2026,9,2026-09,3310,Klaten,Jawa Tengah,3310,kode,Delanggu,1,,,,0,0,False
269,,2026-09-01,2026,9,2026-09,3309,Boyolali,Jawa Tengah,3309,kode,Klego,1,,,,0,0,False
270,,2026-09-01,2026,9,2026-09,1105,Aceh Barat,Aceh,1105,kode,Johan Pahlawan Gp. Blang Beurandang; Samatiga Gp. Mesjid Baro Gp. Leukeun; Woyla Gp. Aron Tunong; Kaway XVI Gp. Simpang,4,,,,0,0,False
271,,2026-09-01,2026,9,2026-09,2104,Lingga,Kepulauan Riau,2104,kode,Singkep Barat,1,,,,0,0,False
272,,2026-09-01,2026,9,2026-09,6409,Penajam Paser Utara,Kalimantan Timur,6409,kode,Penajam; Sepaku; Loa Janan; Samboja; Muara Jawa; Samboja Barat,6,,,,0,0,False
273,,2026-09-01,2026,9,2026-09,6402,Kutai Kartanegara,Kalimantan Timur,6402,kode,Loa Janan; Samboja; Muara Jawa,3,,,,0,0,False
274,,2026-09-01,2026,9,2026-09,3322,Semarang,Jawa Tengah,3322,kode,Unggaran Timur,1,,,,0,0,False
275,,2026-09-01,2026,9,2026-09,3322,Semarang,Jawa Tengah,3322,kode,Ungaran Timur,1,,,,0,0,False
276,,2026-09-01,2026,9,2026-09,7208,Parigi Moutong,Sulawesi Tengah,7208,kode,Sausu,1,,,,0,0,False
277,,2026-09-01,2026,9,2026-09,3579,Kota Batu,Jawa Timur,3579,kode,Batu (Petak 100 Dekat Pos 3 Pendakian Gunung Butak),1,,,,0,0,False
278,,2026-09-01,2026,9,2026-09,8105,Seram Bagian Timur,Maluku,8105,kode,Bula Barat Negeri Adm. Way Ketam Baru; Teluk Waru Negeri Dawang,2,,,,0,0,False
279,,2026-09-01,2026,9,2026-09,8272,Kota Tidore Kepulauan,Maluku Utara,8272,kode,Tidore,1,,,,0,0,False
280,,2026-09-01,2026,9,2026-09,8206,Halmahera Timur,Maluku Utara,8206,kode,Wasile Timur; Maba,2,,,,0,0,False
281,,2026-09-01,2026,9,2026-09,8201,Halmahera Barat,Maluku Utara,8201,kode,Jailolo; Sahu Timur,2,,,,0,0,False
282,,2026-09-01,2026,9,2026-09,8208,Pulau Taliabu,Maluku Utara,8208,kode,Taliabu Barat,1,,,,0,0,False
283,,2026-09-01,2026,9,2026-09,8203,Halmahera Utara,Maluku Utara,8203,kode,Tobelo Barat; Tobelo; Kao Utara; Kao; Kao Teluk; Loloda Kepulauan; Tidore,7,,,,0,0,False
284,,2026-09-01,2026,9,2026-09,3502,Ponorogo,Jawa Timur,3502,kode,Jenangan,1,,,,0,0,False
285,,2026-08-31,2026,8,2026-08,3310,Klaten,Jawa Tengah,3310,kode,Bayat; Ceper; Delanggu,3,,,,0,0,False
286,,2026-08-31,2026,8,2026-08,5171,Kota Denpasar,Bali,5171,kode,Denpasar Barat; Kuta,2,,,,0,0,False
287,,2026-08-31,2026,8,2026-08,7316,Enrekang,Sulawesi Selatan,7316,kode,Anggeraja,1,,,,0,0,False
288,,2026-08-31,2026,8,2026-08,7209,Tojo Una Una,Sulawesi Tengah,7209,kode,Ampana Tete,1,,,,0,0,False
289,,2026-08-31,2026,8,2026-08,1904,Bangka Tengah,Kepulauan Bangka Belitung,1904,kode,Koba,1,,,,1,0,False
290,,2026-08-31,2026,8,2026-08,6403,Berau,Kalimantan Timur,6403,kode,Sambaliung; Teluk Bayur; Pulau Derawan; Tabalar; Biatan; Biduk Biduk; Batu Putih; Talisayan; Tanjung Redeb; Segah; Kelay; Gunung Tabur; Maratua,13,,,,0,0,False
291,,2026-08-30,2026,8,2026-08,7406,Bombana,Sulawesi Tenggara,7406,kode,Poleang Utara,1,,,,0,0,False
292,,2026-08-30,2026,8,2026-08,9271,Kota Sorong,Papua Barat Daya,9671,nama+provinsi,,0,,,,0,0,False
293,,2026-08-30,2026,8,2026-08,3310,Klaten,Jawa Tengah,3310,kode,Bayat,1,,,,0,0,False
294,,2026-08-30,2026,8,2026-08,3518,Nganjuk,Jawa Timur,3518,kode,Ngetos,1,,,,0,0,False
295,,2026-08-30,2026,8,2026-08,3506,Kediri,Jawa Timur,3506,kode,Pace; Banyakan,2,,,,0,0,False
296,,2026-08-30,2026,8,2026-08,6501,Bulungan,Kalimantan Utara,6501,kode,Tanjung Palas Timur,1,,,,0,0,False
297,,2026-08-29,2026,8,2026-08,1101,Aceh Selatan,Aceh,1101,kode,Bakongan Gp. Drien Gp. Ujong Mangki; Kluet Selatan Gp. Pasie Limbang; Labuhanhaji Timur Gp. Kemumu,3,,,,0,0,False
298,,2026-08-29,2026,8,2026-08,8206,Halmahera Timur,Maluku Utara,8206,kode,Wasile Timur,1,,,,0,0,False
299,,2026-08-29,2026,8,2026-08,3505,Blitar,Jawa Timur,3505,kode,Talun; Binangun,2,,,,0,0,False
300,,2026-08-29,2026,8,2026-08,1117,Bener Meriah,Aceh,1117,kode,Weh Pesam Kp. Uning Gelime,1,,,,0,0,False
301,,2026-08-29,2026,8,2026-08,6472,Kota Samarinda,Kalimantan Timur,6472,kode,Sambutan,1,,,,0,0,False
302,,2026-08-29,2026,8,2026-08,3303,Purbalingga,Jawa Tengah,3303,kode,Karanganyar,1,,,,0,0,False
303,,2026-08-29,2026,8,2026-08,1408,Siak,Riau,1408,kode,Sungai Mandau,1,,,,0,0,False
304,,2026-08-29,2026,8,2026-08,1402,Indragiri Hulu,Riau,1402,kode,Rengat,1,,,,0,0,False
305,,2026-08-29,2026,8,2026-08,7317,Luwu,Sulawesi Selatan,7317,kode,Bua,1,,,,0,0,False
306,,2026-08-29,2026,8,2026-08,7314,Sidenreng Rappang,Sulawesi Selatan,7314,kode,Kulo; Watang Sidenreng; Watang Pulu,3,,,,0,0,False
307,,2026-08-29,2026,8,2026-08,9271,Kota Sorong,Papua Barat Daya,9671,nama+provinsi,,0,,,,0,0,False
308,,2026-08-29,2026,8,2026-08,7315,Pinrang,Sulawesi Selatan,7315,kode,Suppa; Duampanua,2,,,,0,0,False
309,,2026-08-29,2026,8,2026-08,3321,Demak,Jawa Tengah,3321,kode,Mijen; Mranggen,2,,,,0,0,False
310,,2026-08-29,2026,8,2026-08,1104,Aceh Tengah,Aceh,1104,kode,Linge Gp. SP 3 Uning,1,,,,0,0,False
311,,2026-08-28,2026,8,2026-08,6407,Kutai Barat,Kalimantan Timur,6407,kode,Barong Tongkok Kp. Pepas Eheng,1,,,,0,0,False
312,,2026-08-28,2026,8,2026-08,8206,Halmahera Timur,Maluku Utara,8206,kode,Maba Selatan,1,,,,0,0,False
313,,2026-08-28,2026,8,2026-08,3311,Sukoharjo,Jawa Tengah,3311,kode,Bulu,1,,,,0,0,False
314,,2026-08-28,2026,8,2026-08,3315,Grobogan,Jawa Tengah,3315,kode,Klambu,1,,,,0,0,False
315,,2026-08-28,2026,8,2026-08,3302,Banyumas,Jawa Tengah,3302,kode,Purwojati,1,,,,0,0,False
316,,2026-08-28,2026,8,2026-08,3322,Semarang,Jawa Tengah,3322,kode,Ungaran Timur; Banyubiru,2,,,,0,0,False
317,,2026-08-28,2026,8,2026-08,1106,Aceh Besar,Aceh,1106,kode,,0,,,,0,0,False
318,,2026-08-28,2026,8,2026-08,6409,Penajam Paser Utara,Kalimantan Timur,6409,kode,Sepaku; Penajam; Babulu,3,,,,0,0,False
319,,2026-08-28,2026,8,2026-08,7305,Takalar,Sulawesi Selatan,7305,kode,Polombangkeng Timur,1,,,,0,0,False
320,,2026-08-28,2026,8,2026-08,7315,Pinrang,Sulawesi Selatan,7315,kode,Watang Sawitto,1,,,,0,0,False
321,,2026-08-28,2026,8,2026-08,1408,Siak,Riau,1408,kode,"Sungai Mandau, Kab. Siak",1,,,,0,0,False
322,,2026-08-28,2026,8,2026-08,3310,Klaten,Jawa Tengah,3310,kode,Bayat; Ceper; Delanggu; Tulung Agung; Gantiwarno; Juwiring,6,,,,0,0,False
323,,2026-08-27,2026,8,2026-08,7316,Enrekang,Sulawesi Selatan,7316,kode,Buntu Batu,1,,,,0,0,False
324,,2026-08-27,2026,8,2026-08,7102,Minahasa,Sulawesi Utara,7102,kode,Kombi; Tondano Timuhalmar; Tondano Barat,3,,,,0,0,False
325,,2026-08-27,2026,8,2026-08,7102,Minahasa,Sulawesi Utara,7102,kode,Kombi; Tondano; Tondano Barat,3,,,,0,0,False
326,,2026-08-27,2026,8,2026-08,3514,Pasuruan,Jawa Timur,3514,kode,Tosari,1,,,,0,0,False
327,,2026-08-27,2026,8,2026-08,3508,Lumajang,Jawa Timur,3508,kode,Pasrujambe; Senduro,2,,,,0,0,False
328,,2026-08-27,2026,8,2026-08,3302,Banyumas,Jawa Tengah,3302,kode,Rawalo,1,,,,0,0,False
329,,2026-08-27,2026,8,2026-08,3502,Ponorogo,Jawa Timur,3502,kode,Sambit; Jambon; Slahung,3,,,,0,0,False
330,,2026-08-27,2026,8,2026-08,1106,Aceh Besar,Aceh,1106,kode,Lhoknga; Blang Bintang Gp. Data Makmur; Seulimum Gp. Lambaro Tunong,3,,,,0,0,False
331,,2026-08-26,2026,8,2026-08,6402,Kutai Kartanegara,Kalimantan Timur,6402,kode,Marangkayu,1,,,,0,0,False
332,,2026-08-26,2026,8,2026-08,1106,Aceh Besar,Aceh,1106,kode,Suka Makmur,1,,,,0,0,False
333,,2026-08-26,2026,8,2026-08,2104,Lingga,Kepulauan Riau,2104,kode,Singkep Barat; Singkep,2,,,,0,0,False
334,,2026-08-26,2026,8,2026-08,1408,Siak,Riau,1408,kode,Dayun,1,,,,0,0,False
335,,2026-08-25,2026,8,2026-08,3310,Klaten,Jawa Tengah,3310,kode,Juwiring; Delanggu; Karanganom; Jogonalan; Wonosari; Jatinom; Bayat; Klaten Selatan,8,,,,0,0,False
336,,2026-08-25,2026,8,2026-08,1906,Belitung Timur,Kepulauan Bangka Belitung,1906,kode,Gantung,1,,,1.0,0,0,False
337,,2026-08-25,2026,8,2026-08,1104,Aceh Tengah,Aceh,1104,kode,,0,,,,0,0,False
338,,2026-08-25,2026,8,2026-08,3202,Sukabumi,Jawa Barat,3202,kode,Pabuaran,1,,,,0,0,False
339,,2026-08-25,2026,8,2026-08,3672,Kota Cilegon,Banten,3672,kode,Purwakarta,1,,,,0,0,False
340,,2026-08-25,2026,8,2026-08,3213,Subang,Jawa Barat,3213,kode,Kalijati,1,,,,0,0,False
341,,2026-08-25,2026,8,2026-08,7315,Pinrang,Sulawesi Selatan,7315,kode,Suppa; Patampanua,2,,,,0,0,False
342,,2026-08-25,2026,8,2026-08,6409,Penajam Paser Utara,Kalimantan Timur,6409,kode,Penajam,1,,,,0,0,False
343,,2026-08-25,2026,8,2026-08,3517,Jombang,Jawa Timur,3517,kode,Jombang,1,,,,0,0,False
344,,2026-08-24,2026,8,2026-08,1808,Way Kanan,Lampung,1808,kode,Blambangan Umpu,1,,,,0,0,False
345,,2026-08-24,2026,8,2026-08,6407,Kutai Barat,Kalimantan Timur,6407,kode,Muara Pahu,1,,,,0,0,False
346,,2026-08-24,2026,8,2026-08,3516,Mojokerto,Jawa Timur,3516,kode,Jetis,1,,,,0,0,False
347,,2026-08-24,2026,8,2026-08,3511,Bondowoso,Jawa Timur,3511,kode,Ijen,1,,,,0,0,False
348,,2026-08-24,2026,8,2026-08,8206,Halmahera Timur,Maluku Utara,8206,kode,Wasile; Maba,2,,,,0,0,False
349,,2026-08-24,2026,8,2026-08,7317,Luwu,Sulawesi Selatan,7317,kode,Bua,1,,,,0,0,False
350,,2026-08-24,2026,8,2026-08,7204,Toli Toli,Sulawesi Tengah,7204,kode,Basidondo; Baolan,2,,,,0,0,False
351,,2026-08-24,2026,8,2026-08,9201,Sorong,Papua Barat Daya,9601,nama+provinsi,,0,,,,0,0,False
352,,2026-08-24,2026,8,2026-08,2103,Natuna,Kepulauan Riau,2103,kode,Bunguran Batubi,1,,,,0,0,False
353,,2026-08-24,2026,8,2026-08,6401,Paser,Kalimantan Timur,6401,kode,Tanah Grogot; Paser Belengkong; Muara Komam,3,,,,0,0,False
354,,2026-08-24,2026,8,2026-08,1906,Belitung Timur,Kepulauan Bangka Belitung,1906,kode,Damar,1,,,,0,0,False
355,,2026-08-24,2026,8,2026-08,7314,Sidenreng Rappang,Sulawesi Selatan,7314,kode,Watang Pulu,1,,,,0,0,False
356,,2026-08-24,2026,8,2026-08,7209,Tojo Una Una,Sulawesi Tengah,7209,kode,Ampana Tete,1,,,,0,0,False
357,,2026-08-23,2026,8,2026-08,6408,Kutai Timur,Kalimantan Timur,6408,kode,Damai,1,,,,0,0,False
358,,2026-08-23,2026,8,2026-08,3601,Pandeglang,Banten,3601,kode,Cigeulis,1,,,,0,0,False
359,,2026-08-23,2026,8,2026-08,8206,Halmahera Timur,Maluku Utara,8206,kode,Wasile Timur,1,,,,0,0,False
360,,2026-08-23,2026,8,2026-08,3520,Magetan,Jawa Timur,3520,kode,Parang,1,,,,0,0,False
361,,2026-08-23,2026,8,2026-08,3322,Semarang,Jawa Tengah,3322,kode,Susukan,1,,,,0,0,False
362,,2026-08-23,2026,8,2026-08,1106,Aceh Besar,Aceh,1106,kode,Lembah Seulawah Gampong. Lamtamot; Blang Bintang Gampong. Data Makmur,2,,,,0,0,False
363,,2026-08-23,2026,8,2026-08,7316,Enrekang,Sulawesi Selatan,7316,kode,Enrekang; Anggeraja,2,,,,0,0,False
364,,2026-08-23,2026,8,2026-08,1811,Mesuji,Lampung,1811,kode,Tanjung Raya; Mesuji Timur,2,,,,0,0,False
365,,2026-08-23,2026,8,2026-08,1807,Lampung Timur,Lampung,1807,kode,Braja Selebah; Labuhan Maringgai,2,,,,0,0,False
366,,2026-08-22,2026,8,2026-08,7317,Luwu,Sulawesi Selatan,7317,kode,Bua; Belopa,2,,,,0,0,False
367,,2026-08-22,2026,8,2026-08,8206,Halmahera Timur,Maluku Utara,8206,kode,Wasile,1,,,,0,0,False
368,,2026-08-22,2026,8,2026-08,1217,Samosir,Sumatera Utara,1217,kode,Harian,1,,,,0,0,False
369,,2026-08-22,2026,8,2026-08,1104,Aceh Tengah,Aceh,1104,kode,Atu Lintang Gp. Atu Lintang,1,,,,0,0,False
370,,2026-08-22,2026,8,2026-08,3372,Kota Surakarta,Jawa Tengah,3372,kode,Kalikotes,1,,,,0,0,False
371,,2026-08-22,2026,8,2026-08,8105,Seram Bagian Timur,Maluku,8105,kode,Bula Dusun Wailola Negeri Adm Englas Dusun Kp. gorom,1,,,,0,0,False
372,,2026-08-22,2026,8,2026-08,2171,Kota Batam,Kepulauan Riau,2171,kode,Sagulung,1,,,,0,0,False
373,,2026-08-22,2026,8,2026-08,9201,Sorong,Papua Barat Daya,9601,nama+provinsi,Sorong Utara,1,,,,0,0,False
374,,2026-08-22,2026,8,2026-08,6409,Penajam Paser Utara,Kalimantan Timur,6409,kode,Babulu; Sepaku,2,,,,0,0,False
375,,2026-08-22,2026,8,2026-08,6501,Bulungan,Kalimantan Utara,6501,kode,Tanjung Palas Timur; Tanjung Selor,2,,,,0,0,False
376,,2026-08-21,2026,8,2026-08,2103,Natuna,Kepulauan Riau,2103,kode,Bunguran Utara,1,,,,0,0,False
377,,2026-08-21,2026,8,2026-08,9271,Kota Sorong,Papua Barat Daya,9671,nama+provinsi,Sorong Timur,1,,,,0,0,False
378,,2026-08-20,2026,8,2026-08,1906,Belitung Timur,Kepulauan Bangka Belitung,1906,kode,Renggiang; Manggar; Damar; Gantung,4,,,,0,0,False
379,,2026-08-20,2026,8,2026-08,3502,Ponorogo,Jawa Timur,3502,kode,Slahung,1,,,,0,0,False
380,,2026-08-20,2026,8,2026-08,5203,Lombok Timur,Nusa Tenggara Barat,5203,kode,Sembalun,1,,,,0,0,False
381,,2026-08-20,2026,8,2026-08,7411,Kolaka Timur,Sulawesi Tenggara,7411,kode,Lalolae,1,,,,0,0,False
382,,2026-08-20,2026,8,2026-08,1117,Bener Meriah,Aceh,1117,kode,Bukit  Kp. Bale Atu,1,,,,0,0,False
383,,2026-08-20,2026,8,2026-08,9104,Nabire,Papua Tengah,9401,nama+provinsi,,0,,,,4,2,False
384,,2026-08-20,2026,8,2026-08,9271,Kota Sorong,Papua Barat Daya,9671,nama+provinsi,,0,,,,0,0,False
385,,2026-08-19,2026,8,2026-08,3514,Pasuruan,Jawa Timur,3514,kode,Prigen,1,,,,0,0,False
386,,2026-08-19,2026,8,2026-08,6472,Kota Samarinda,Kalimantan Timur,6472,kode,Samarinda Utara,1,,,,1,0,False
387,,2026-08-19,2026,8,2026-08,1106,Aceh Besar,Aceh,1106,kode,Indrapuri,1,,,,0,0,False
388,,2026-08-19,2026,8,2026-08,3511,Bondowoso,Jawa Timur,3511,kode,Ijen,1,,,,0,0,False
389,,2026-08-19,2026,8,2026-08,6407,Kutai Barat,Kalimantan Timur,6407,kode,Tering; Barong Tongkok; Damai; Melak,4,,,,0,0,False
390,,2026-08-19,2026,8,2026-08,3505,Blitar,Jawa Timur,3505,kode,Sutojayan,1,,,,0,0,False
391,,2026-08-19,2026,8,2026-08,3520,Magetan,Jawa Timur,3520,kode,Parang; Kawedanan,2,,,,0,0,False
392,,2026-08-19,2026,8,2026-08,6403,Berau,Kalimantan Timur,6403,kode,Teluk Bayur; Sambaliung; Maratua; Derawan Kec Gunung Tabur; Kelay; Tanjung Redeb; Tabalar; Biantan; Talisayan; Batu Putih; Biduk-biduk,11,,,,0,0,False
393,,2026-08-19,2026,8,2026-08,6409,Penajam Paser Utara,Kalimantan Timur,6409,kode,Penajam,1,,,,0,0,False
394,,2026-08-19,2026,8,2026-08,6409,Penajam Paser Utara,Kalimantan Timur,6409,kode,Penajam,1,,,,0,0,False
395,,2026-08-19,2026,8,2026-08,9271,Kota Sorong,Papua Barat Daya,9671,nama+provinsi,,0,,,,0,0,False
396,,2026-08-19,2026,8,2026-08,7172,Kota Bitung,Sulawesi Utara,7172,kode,Ranowulu; Aertembaga; Maesa; Matuari; Girian; Pinokalan,6,,,,0,0,False
397,,2026-08-19,2026,8,2026-08,6401,Paser,Kalimantan Timur,6401,kode,Tanah Grogot,1,,,,0,0,False
398,,2026-08-18,2026,8,2026-08,9271,Kota Sorong,Papua Barat Daya,9671,nama+provinsi,,0,,,,0,0,False
399,,2026-08-18,2026,8,2026-08,7316,Enrekang,Sulawesi Selatan,7316,kode,Enrekang,1,,,,0,0,False
400,,2026-08-18,2026,8,2026-08,7209,Tojo Una Una,Sulawesi Tengah,7209,kode,Ampana Tete; Ampana; Ulubongka; Ampana Kota,4,,,,0,0,False
401,,2026-08-18,2026,8,2026-08,3503,Trenggalek,Jawa Timur,3503,kode,Karangan; Trenggalek,2,,,,0,0,False
402,,2026-08-18,2026,8,2026-08,3502,Ponorogo,Jawa Timur,3502,kode,Jenangan,1,,,,0,0,False
403,,2026-08-18,2026,8,2026-08,6402,Kutai Kartanegara,Kalimantan Timur,6402,kode,Loa Kulu; Tenggarong; Sanga-sanga; Muara Muntai; Muara Jawa; Kota Bangun,6,,,,0,0,False
404,,2026-08-18,2026,8,2026-08,7412,Konawe Kepulauan,Sulawesi Tenggara,7412,kode,Wawonii Tengah; Wawonii Barat,2,,,,0,0,False
405,,2026-08-18,2026,8,2026-08,6501,Bulungan,Kalimantan Utara,6501,kode,Tanjung Selor; Tanjung Palas Timur,2,,,,0,0,False
406,,2026-08-18,2026,8,2026-08,7101,Bolaang Mongondow,Sulawesi Utara,7101,kode,Bolaang; Lolak,2,,,,0,0,False
407,,2026-08-17,2026,8,2026-08,7311,Barru,Sulawesi Selatan,7311,kode,Tanete Rilau,1,,,,0,0,False
408,,2026-08-17,2026,8,2026-08,3520,Magetan,Jawa Timur,3520,kode,Parang,1,,,,0,0,False
409,,2026-08-17,2026,8,2026-08,3310,Klaten,Jawa Tengah,3310,kode,Wedi,1,,,,0,0,False
410,,2026-08-16,2026,8,2026-08,7209,Tojo Una Una,Sulawesi Tengah,7209,kode,Tojo; Ulubongka; Ampana Tete,3,,,,0,0,False
411,,2026-08-16,2026,8,2026-08,3322,Semarang,Jawa Tengah,3322,kode,Ungaran Timur,1,,,,0,0,False
412,,2026-08-16,2026,8,2026-08,3520,Magetan,Jawa Timur,3520,kode,Magetan; Kawedanan,2,,,,0,0,False
413,,2026-08-16,2026,8,2026-08,7318,Tana Toraja,Sulawesi Selatan,7318,kode,,0,,,,0,0,False
414,,2026-08-16,2026,8,2026-08,3213,Subang,Jawa Barat,3213,kode,Cibogo,1,,,,0,0,False
415,,2026-08-16,2026,8,2026-08,7102,Minahasa,Sulawesi Utara,7102,kode,Tondano Barat; Kombi,2,,,,0,0,False
416,,2026-08-15,2026,8,2026-08,3310,Klaten,Jawa Tengah,3310,kode,Delanggu; Karanganom,2,,,,0,0,False
417,,2026-08-15,2026,8,2026-08,3314,Sragen,Jawa Tengah,3314,kode,Tangen,1,,,,0,0,False
418,,2026-08-15,2026,8,2026-08,8105,Seram Bagian Timur,Maluku,8105,kode,Bula,1,,,,0,0,False
419,,2026-08-15,2026,8,2026-08,9201,Sorong,Papua Barat Daya,9601,nama+provinsi,,0,,,,0,0,False
420,,2026-08-14,2026,8,2026-08,6571,Kota Tarakan,Kalimantan Utara,6571,kode,Tarakan Barat,1,,,,0,0,False
421,,2026-08-14,2026,8,2026-08,6409,Penajam Paser Utara,Kalimantan Timur,6409,kode,Penajam,1,,,,0,0,False
422,,2026-08-14,2026,8,2026-08,3502,Ponorogo,Jawa Timur,3502,kode,Slahung,1,,,,0,0,False
423,,2026-08-14,2026,8,2026-08,6402,Kutai Kartanegara,Kalimantan Timur,6402,kode,Tenggarong Seberang KM 10 Jalan poros Tenggarong – Samarinda,1,,,,0,0,False
424,,2026-08-14,2026,8,2026-08,6401,Paser,Kalimantan Timur,6401,kode,Tanah Grogot,1,,,,0,0,False
425,,2026-08-14,2026,8,2026-08,3507,Malang,Jawa Timur,3507,kode,Pagak,1,,,,0,0,False
426,,2026-08-14,2026,8,2026-08,1409,Kuantan Singingi,Riau,1409,kode,Kuantan Mudik,1,,,,0,0,False
427,,2026-08-14,2026,8,2026-08,7605,Majene,Sulawesi Barat,7605,kode,Jepara,1,,,,0,0,False
428,,2026-08-14,2026,8,2026-08,1906,Belitung Timur,Kepulauan Bangka Belitung,1906,kode,Manggar; Damar; Gantung,3,,,,0,0,False
429,,2026-08-13,2026,8,2026-08,1401,Kampar,Riau,1401,kode,Tambang,1,,,,0,0,False
430,,2026-08-13,2026,8,2026-08,3312,Wonogiri,Jawa Tengah,3312,kode,Sidoharjo; Eromoko,2,,,,0,0,False
431,,2026-08-13,2026,8,2026-08,3511,Bondowoso,Jawa Timur,3511,kode,Wringin,1,,,,0,0,False
432,,2026-08-13,2026,8,2026-08,1307,Lima Puluh Kota,Sumatera Barat,1307,kode,,0,,,,0,0,False
433,,2026-08-13,2026,8,2026-08,7209,Tojo Una Una,Sulawesi Tengah,7209,kode,,0,,,,0,0,False
434,,2026-08-13,2026,8,2026-08,6501,Bulungan,Kalimantan Utara,6501,kode,Tanjung Selor,1,,,,0,0,False
435,,2026-08-13,2026,8,2026-08,3502,Ponorogo,Jawa Timur,3502,kode,Jenangan; Sawo,2,,,,0,0,False
436,,2026-08-13,2026,8,2026-08,3314,Sragen,Jawa Tengah,3314,kode,Sumber Lawang,1,,,,0,0,False
437,,2026-08-13,2026,8,2026-08,7471,Kota Kendari,Sulawesi Tenggara,7471,kode,Poasia; Baruga; Nambo; Kadia; Kambu,5,,,,0,0,False
438,,2026-08-13,2026,8,2026-08,6401,Paser,Kalimantan Timur,6401,kode,Tanah Grogot; Pasir Belengkong,2,,,,0,0,False
439,,2026-08-12,2026,8,2026-08,3319,Kudus,Jawa Tengah,3319,kode,Bae,1,,,,0,0,False
440,,2026-08-12,2026,8,2026-08,3403,Gunungkidul,Daerah Istimewa Yogyakarta,3403,kode,,0,,,,0,0,False
441,,2026-08-12,2026,8,2026-08,8105,Seram Bagian Timur,Maluku,8105,kode,,0,,,,0,0,False
442,,2026-08-12,2026,8,2026-08,3310,Klaten,Jawa Tengah,3310,kode,Gantiwarno,1,,,,0,0,False
443,,2026-08-12,2026,8,2026-08,3310,Klaten,Jawa Tengah,3310,kode,Bayat; Wedi,2,,,,0,0,False
444,,2026-08-12,2026,8,2026-08,3208,Kuningan,Jawa Barat,3208,kode,Jalaksana,1,,,,0,0,False
445,,2026-08-11,2026,8,2026-08,9206,Teluk Bintuni,Papua Barat,9206,kode,,0,,,,0,0,False
446,,2026-08-11,2026,8,2026-08,6403,Berau,Kalimantan Timur,6403,kode,Sambaliung; Biatan; Segah; Pulau Derawan,4,,,,0,0,False
447,,2026-08-11,2026,8,2026-08,3503,Trenggalek,Jawa Timur,3503,kode,Karangan,1,,,,0,0,False
448,,2026-08-11,2026,8,2026-08,3314,Sragen,Jawa Tengah,3314,kode,Kalijambe,1,,,,0,0,False
449,,2026-08-11,2026,8,2026-08,6402,Kutai Kartanegara,Kalimantan Timur,6402,kode,Sanga sanga,1,,,,0,0,False
450,,2026-08-11,2026,8,2026-08,6571,Kota Tarakan,Kalimantan Utara,6571,kode,Tarakan Timur,1,,,,0,0,False
451,,2026-08-11,2026,8,2026-08,6401,Paser,Kalimantan Timur,6401,kode,Muara Komam,1,,,,0,0,False
452,,2026-08-11,2026,8,2026-08,6401,Paser,Kalimantan Timur,6401,kode,Muara Komam; Tanah Grogot; Pasir Belengkong,3,,,,0,0,False
453,,2026-08-11,2026,8,2026-08,8106,Seram Bagian Barat,Maluku,8106,kode,Bula,1,,,,0,0,False
454,,2026-08-10,2026,8,2026-08,6501,Bulungan,Kalimantan Utara,6501,kode,Tanjung Selor,1,,,,0,0,False
455,,2026-08-10,2026,8,2026-08,3203,Cianjur,Jawa Barat,3203,kode,Cibeber,1,,,,0,0,False
456,,2026-08-10,2026,8,2026-08,7317,Luwu,Sulawesi Selatan,7317,kode,Bua,1,,,,0,0,False
457,,2026-08-10,2026,8,2026-08,3310,Klaten,Jawa Tengah,3310,kode,,0,,,,0,0,False
458,,2026-08-09,2026,8,2026-08,3519,Madiun,Jawa Timur,3519,kode,Wungu,1,,,,0,0,False
459,,2026-08-09,2026,8,2026-08,3520,Magetan,Jawa Timur,3520,kode,Parang,1,,,,0,0,False
460,,2026-08-09,2026,8,2026-08,3516,Mojokerto,Jawa Timur,3516,kode,Gondang,1,,,,0,0,False
461,,2026-08-09,2026,8,2026-08,3213,Subang,Jawa Barat,3213,kode,Jalancagak,1,,,,0,0,False
462,,2026-08-09,2026,8,2026-08,3312,Wonogiri,Jawa Tengah,3312,kode,,0,,,,0,0,False
463,,2026-08-09,2026,8,2026-08,3302,Banyumas,Jawa Tengah,3302,kode,Cilongok,1,,,,0,0,False
464,,2026-08-09,2026,8,2026-08,3517,Jombang,Jawa Timur,3517,kode,Jogoroto,1,,,,0,0,False
465,,2026-08-09,2026,8,2026-08,1106,Aceh Besar,Aceh,1106,kode,"Blang Bintang Gp. Lamsim/Cot Pukat; Montasik Gp. Teubang Phui; Ingin Jaya Gp. Bada; Kuta Malaka Gp. Lam Ara Teunong; Peukan Bada Gp. Lam Hasan; Kota Jantho Gp. Tereubeh, Barueh; Seulimeum Gp. Alue Gintong; Darul Imarah Gp. Glee Taron; Lembah Seulawah Gp. aree; Indrapuri",10,,,,0,0,False
466,,2026-08-09,2026,8,2026-08,1906,Belitung Timur,Kepulauan Bangka Belitung,1906,kode,Manggar,1,,,,0,0,False
467,,2026-08-08,2026,8,2026-08,3509,Jember,Jawa Timur,3509,kode,Wuluhan,1,,,,0,0,False
468,,2026-08-08,2026,8,2026-08,9271,Kota Sorong,Papua Barat Daya,9671,nama+provinsi,,0,,,,0,0,False
469,,2026-08-08,2026,8,2026-08,3320,Jepara,Jawa Tengah,3320,kode,Keling,1,,,,0,0,False
470,,2026-08-08,2026,8,2026-08,3502,Ponorogo,Jawa Timur,3502,kode,Sambit,1,,,,0,0,False
471,,2026-08-08,2026,8,2026-08,5203,Lombok Timur,Nusa Tenggara Barat,5203,kode,,0,,,,0,0,False
472,,2026-08-08,2026,8,2026-08,3310,Klaten,Jawa Tengah,3310,kode,Ceper; Pedan; Klaten Selatan; Bayat; Wedi,5,,,,0,0,False
473,,2026-08-08,2026,8,2026-08,8206,Halmahera Timur,Maluku Utara,8206,kode,Wasile Timur; Wasile Selatan; Wasile,3,,,,0,0,False
474,,2026-08-08,2026,8,2026-08,3503,Trenggalek,Jawa Timur,3503,kode,Trenggalek,1,,,,0,0,False
475,,2026-08-08,2026,8,2026-08,1471,Kota Pekanbaru,Riau,1471,kode,Payung Sekaki; Bina Widya; Marpoyan Damai,3,,,,0,0,False
476,,2026-08-08,2026,8,2026-08,3311,Sukoharjo,Jawa Tengah,3311,kode,Bulu,1,,,,0,0,False
477,,2026-08-07,2026,8,2026-08,7317,Luwu,Sulawesi Selatan,7317,kode,Lamasi; Bua,2,,,,0,0,False
478,,2026-08-07,2026,8,2026-08,3207,Ciamis,Jawa Barat,3207,kode,Banjaranyar,1,,,,0,0,False
479,,2026-08-07,2026,8,2026-08,6403,Berau,Kalimantan Timur,6403,kode,Sambaliung; Biatan; Segah; Pulau Derawan; Teluk Bayur; Batu Putih; Biduk-Biduk,7,,,,0,0,False
480,,2026-08-07,2026,8,2026-08,7318,Tana Toraja,Sulawesi Selatan,7318,kode,Mengkendek,1,,,,0,0,False
481,,2026-08-07,2026,8,2026-08,1408,Siak,Riau,1408,kode,Sungai Apit,1,,,,0,0,False
482,,2026-08-07,2026,8,2026-08,7207,Banggai Kepulauan,Sulawesi Tengah,7207,kode,Tinangkung,1,,,,0,0,False
483,,2026-08-07,2026,8,2026-08,3310,Klaten,Jawa Tengah,3310,kode,Bayat,1,,,,0,0,False
484,,2026-08-06,2026,8,2026-08,3202,Sukabumi,Jawa Barat,3202,kode,,0,,,,0,0,False
485,,2026-08-06,2026,8,2026-08,1208,Simalungun,Sumatera Utara,1208,kode,Dolok Pardamean,1,,,,0,0,False
486,,2026-08-06,2026,8,2026-08,7101,Bolaang Mongondow,Sulawesi Utara,7101,kode,Lolayan; Lolak,2,,,,0,0,False
487,,2026-08-06,2026,8,2026-08,3203,Cianjur,Jawa Barat,3203,kode,,0,,,,0,0,False
488,,2026-08-06,2026,8,2026-08,9271,Kota Sorong,Papua Barat Daya,9671,nama+provinsi,,0,,,,0,0,False
489,,2026-08-05,2026,8,2026-08,1404,Indragiri Hilir,Riau,1404,kode,Kempas,1,,,,0,0,False
490,,2026-08-05,2026,8,2026-08,1118,Pidie Jaya,Aceh,1118,kode,Bandar Baru Gp. Langien Tualada,1,,,,0,0,False
491,,2026-08-05,2026,8,2026-08,9271,Kota Sorong,Papua Barat Daya,9671,nama+provinsi,Sorong Utara,1,,,,0,0,False
492,,2026-08-05,2026,8,2026-08,3314,Sragen,Jawa Tengah,3314,kode,Gesi,1,,,,0,0,False
493,,2026-08-05,2026,8,2026-08,3503,Trenggalek,Jawa Timur,3503,kode,Karangan,1,,,,0,0,False
494,,2026-08-05,2026,8,2026-08,1106,Aceh Besar,Aceh,1106,kode,Lembah Seulawah Gp. Panca,1,,,,0,0,False
495,,2026-08-05,2026,8,2026-08,7372,Kota Pare Pare,Sulawesi Selatan,7372,kode,Soreang,1,,,,0,0,False
496,,2026-08-05,2026,8,2026-08,1906,Belitung Timur,Kepulauan Bangka Belitung,1906,kode,Gantung; Manggar; Damar,3,,,,0,0,False
497,,2026-08-05,2026,8,2026-08,7326,Toraja Utara,Sulawesi Selatan,7326,kode,Kesu,1,,,,0,0,False
498,,2026-08-05,2026,8,2026-08,7411,Kolaka Timur,Sulawesi Tenggara,7411,kode,Tirawuta,1,,,,0,0,False
499,,2026-08-04,2026,8,2026-08,1404,Indragiri Hilir,Riau,1404,kode,Kempas,1,,,,0,0,False
500,,2026-08-04,2026,8,2026-08,3320,Jepara,Jawa Tengah,3320,kode,Mlonggo,1,,,,0,0,False
501,,2026-08-04,2026,8,2026-08,3310,Klaten,Jawa Tengah,3310,kode,Pedan,1,,,,0,0,False
502,,2026-08-04,2026,8,2026-08,6401,Paser,Kalimantan Timur,6401,kode,Pasir Belengkong; Tanah Grogot; Muara Komam,3,,,,0,0,False
503,,2026-08-04,2026,8,2026-08,9211,Manokwari Selatan,Papua Barat,9211,kode,,0,,,,0,0,False
504,,2026-08-04,2026,8,2026-08,6403,Berau,Kalimantan Timur,6403,kode,Sambaliung,1,,,,0,0,False
505,,2026-08-04,2026,8,2026-08,3301,Cilacap,Jawa Tengah,3301,kode,Wanareja,1,,,,0,0,False
506,,2026-08-04,2026,8,2026-08,1402,Indragiri Hulu,Riau,1402,kode,Rengat Barat; Rengat Barat,2,,,,0,0,False
507,,2026-08-04,2026,8,2026-08,6474,Kota Bontang,Kalimantan Timur,6474,kode,Bontang Selatan,1,,,,0,0,False
508,,2026-08-04,2026,8,2026-08,3218,Pangandaran,Jawa Barat,3218,kode,Padaherang,1,,,,0,0,False
509,,2026-08-03,2026,8,2026-08,3508,Lumajang,Jawa Timur,3508,kode,Sukapura; Senduro,2,,,,0,0,False
510,,2026-08-03,2026,8,2026-08,3311,Sukoharjo,Jawa Tengah,3311,kode,Bulu; Bendosari,2,,,,0,0,False
511,,2026-08-03,2026,8,2026-08,3513,Probolinggo,Jawa Timur,3513,kode,Sukapura Kawasan Gunung Bromo Watu Gede,1,,,,0,0,False
512,,2026-08-03,2026,8,2026-08,3514,Pasuruan,Jawa Timur,3514,kode,Tosari,1,,,,0,0,False
513,,2026-08-03,2026,8,2026-08,3507,Malang,Jawa Timur,3507,kode,,0,,,,0,0,False
514,,2026-08-03,2026,8,2026-08,1603,Muara Enim,Sumatera Selatan,1603,kode,,0,,,,0,0,False
515,,2026-08-03,2026,8,2026-08,3314,Sragen,Jawa Tengah,3314,kode,Miri; Kalijambe; Karangmalang,3,,,,0,0,False
516,,2026-08-03,2026,8,2026-08,1471,Kota Pekanbaru,Riau,1471,kode,Bina Widya,1,,,,0,0,False
517,,2026-08-03,2026,8,2026-08,1402,Indragiri Hulu,Riau,1402,kode,Rengat; Seberida,2,,,,0,0,False
518,,2026-08-03,2026,8,2026-08,6201,Kotawaringin Barat,Kalimantan Tengah,6201,kode,"Kumai - Sekitar SMPN 4 Kumai, Desa Kubu,; Kumai - Lingkungan Perumahan Tora, Desa Pasir Panjang,; Arut Selatan",3,,,,0,0,False
519,,2026-08-03,2026,8,2026-08,7209,Tojo Una Una,Sulawesi Tengah,7209,kode,Tojo,1,,,,0,0,False
520,,2026-08-03,2026,8,2026-08,7315,Pinrang,Sulawesi Selatan,7315,kode,Lembang; Lanrisang; Watang Sawitto; Mattiro Bulu,4,,,,0,0,False
521,,2026-08-02,2026,8,2026-08,6101,Sambas,Kalimantan Barat,6101,kode,,0,,,,0,0,False
522,,2026-08-02,2026,8,2026-08,7107,Minahasa Tenggara,Sulawesi Utara,7107,kode,Silian Raya; Tombatu Utara,2,,,,0,0,False
523,,2026-08-02,2026,8,2026-08,7102,Minahasa,Sulawesi Utara,7102,kode,Silian Raya,1,,,,0,0,False
524,,2026-08-02,2026,8,2026-08,3512,Situbondo,Jawa Timur,3512,kode,Suboh,1,,,,0,0,False
525,,2026-08-02,2026,8,2026-08,1905,Bangka Barat,Kepulauan Bangka Belitung,1905,kode,Muntok; simpang Teritip,2,,,,0,0,False
526,,2026-08-02,2026,8,2026-08,3205,Garut,Jawa Barat,3205,kode,Banyuresmi,1,,,,0,0,False
527,,2026-08-02,2026,8,2026-08,6208,Sukamara,Kalimantan Tengah,6208,kode,Pantai Lunci,1,,,,0,0,False
528,,2026-08-02,2026,8,2026-08,6201,Kotawaringin Barat,Kalimantan Tengah,6201,kode,"Pangkalan Banteng - Jl. Tatas,; Arut Selatan - Jl. Langlang Buana, Desa Pasir Panjang,; Arut Selatan",3,,,,0,0,False
529,,2026-08-02,2026,8,2026-08,7201,Banggai,Sulawesi Tengah,7201,kode,Pagimana; Bualemo,2,,,,0,0,False
530,,2026-08-02,2026,8,2026-08,3319,Kudus,Jawa Tengah,3319,kode,Jekulo,1,,,,0,0,False
531,,2026-08-02,2026,8,2026-08,6204,Barito Selatan,Kalimantan Tengah,6204,kode,"Jenamas - Desa Gagutur,; Gunung Bintang Awai",2,,,,0,0,False
532,,2026-08-02,2026,8,2026-08,6271,Kota Palangkaraya,Kalimantan Tengah,6271,kode,"Sabangau  - Jl. Merdeka,; Jekan Raya -; Sabangau - Jl. Pangeran Antasari,; Jekan Raya",4,,,,0,0,False
533,,2026-08-02,2026,8,2026-08,1906,Belitung Timur,Kepulauan Bangka Belitung,1906,kode,Damar; Gantung; Manggar,3,,,,0,0,False
534,,2026-08-02,2026,8,2026-08,6211,Pulang Pisau,Kalimantan Tengah,6211,kode,Sebangau Kuala,1,,,,0,0,False
535,,2026-08-02,2026,8,2026-08,1410,Kepulauan Meranti,Riau,1410,kode,Rangsang,1,,,,0,0,False
536,,2026-08-02,2026,8,2026-08,6407,Kutai Barat,Kalimantan Timur,6407,kode,Tering; Barong Tongkok; Damai,3,,,,0,0,False
537,,2026-08-02,2026,8,2026-08,6213,Barito Timur,Kalimantan Tengah,6213,kode,Pematang Karau,1,,,,0,0,False
538,,2026-08-02,2026,8,2026-08,6202,Kotawaringin Timur,Kalimantan Tengah,6202,kode,"Baamang - Jl. Tidar 4, Gg. Murai Perumahan CKM Jalur 5,; Baamang a - Jl. Jaksa Agung R. Soeprapto,; Baamang - Jl. Ir. Soekarno Km. 7,; Baamang - Jl. Bumi Raya 1 Gg. Kerta Bumi (Perum Mahardika),; Baamang - Jl. M.T. Haryono dekat Perumahan Borobudur,; Mentawa Baru Ketapang - Jl. Moh. Hatta Gg. Amin Klaru,; Mentawa Baru Ketapang - Jl. Walter Hugo,; Baamang -; Mentaya Hilir Utara  -; Teluk Sampit",10,,,,0,0,False
539,,2026-08-01,2026,8,2026-08,3310,Klaten,Jawa Tengah,3310,kode,Pedan,1,,,,0,0,False
540,,2026-08-01,2026,8,2026-08,9102,Jayawijaya,Papua Pegunungan,9501,nama+provinsi,,0,,,,5,0,False
541,,2026-08-01,2026,8,2026-08,6207,Seruyan,Kalimantan Tengah,6207,kode,Seruyan Hulu,1,,,,0,0,False
542,,2026-08-01,2026,8,2026-08,3312,Wonogiri,Jawa Tengah,3312,kode,Selogiri,1,,,,0,0,False
543,,2026-08-01,2026,8,2026-08,1404,Indragiri Hilir,Riau,1404,kode,,0,,,,0,0,False
544,,2026-07-31,2026,7,2026-07,1410,Kepulauan Meranti,Riau,1410,kode,Rangsang,1,,,,0,0,False
545,,2026-07-31,2026,7,2026-07,3503,Trenggalek,Jawa Timur,3503,kode,Trenggalek; Panggul,2,,,,0,0,False
546,,2026-07-31,2026,7,2026-07,1173,Kota Lhokseumawe,Aceh,1173,kode,Blang Mangat Gp. Alulim; Muara Dua Kota Lhokseumawe Ds Panggoi,2,,,,0,0,False
547,,2026-07-31,2026,7,2026-07,7315,Pinrang,Sulawesi Selatan,7315,kode,Lembang; Lanrisang; Watang Sawitto,3,,,,0,0,False
548,,2026-07-31,2026,7,2026-07,8105,Seram Bagian Timur,Maluku,8105,kode,Bula,1,,,,0,0,False
549,,2026-07-31,2026,7,2026-07,1906,Belitung Timur,Kepulauan Bangka Belitung,1906,kode,Manggar; Damar,2,,,,0,0,False
550,,2026-07-31,2026,7,2026-07,1405,Pelalawan,Riau,1405,kode,Pelalawan,1,,,,0,0,False
551,,2026-07-30,2026,7,2026-07,1106,Aceh Besar,Aceh,1106,kode,Lembah Seulawah; Blang Bintang,2,,,,0,0,False
552,,2026-07-30,2026,7,2026-07,3302,Banyumas,Jawa Tengah,3302,kode,Ajibarang,1,,,,0,0,False
553,,2026-07-30,2026,7,2026-07,7209,Tojo Una Una,Sulawesi Tengah,7209,kode,Ulubongka,1,,,,0,0,False
554,,2026-07-30,2026,7,2026-07,7322,Luwu Utara,Sulawesi Selatan,7322,kode,Malili,1,,,,0,0,False
555,,2026-07-30,2026,7,2026-07,9271,Kota Sorong,Papua Barat Daya,9671,nama+provinsi,,0,,,,0,0,False
556,,2026-07-30,2026,7,2026-07,1404,Indragiri Hilir,Riau,1404,kode,Batang Tuaku,1,,,,0,0,False
557,,2026-07-29,2026,7,2026-07,7318,Tana Toraja,Sulawesi Selatan,7318,kode,Mengkendek; Makale; Makale Utara,3,,,,0,0,False
558,,2026-07-29,2026,7,2026-07,7102,Minahasa,Sulawesi Utara,7102,kode,Pineleng,1,,,,0,0,False
559,,2026-07-28,2026,7,2026-07,7101,Bolaang Mongondow,Sulawesi Utara,7101,kode,Bolangitang Timur,1,,,,0,0,False
560,,2026-07-28,2026,7,2026-07,7326,Toraja Utara,Sulawesi Selatan,7326,kode,Sanggalangi,1,,,,0,0,False
561,,2026-07-28,2026,7,2026-07,3314,Sragen,Jawa Tengah,3314,kode,,0,,,,0,0,False
562,,2026-07-27,2026,7,2026-07,3315,Grobogan,Jawa Tengah,3315,kode,Tanggungharjo; Kedungjati,2,,,,0,0,False
563,,2026-07-27,2026,7,2026-07,3311,Sukoharjo,Jawa Tengah,3311,kode,Nguter,1,,,,0,0,False
564,,2026-07-27,2026,7,2026-07,1405,Pelalawan,Riau,1405,kode,Kerumutan,1,,,,0,0,False
565,,2026-07-27,2026,7,2026-07,3204,Bandung,Jawa Barat,3204,kode,Kutawaringin,1,,,,0,0,False
566,,2026-07-27,2026,7,2026-07,1117,Bener Meriah,Aceh,1117,kode,,0,,,,0,0,False
567,,2026-07-27,2026,7,2026-07,3310,Klaten,Jawa Tengah,3310,kode,Pedan,1,,,,0,0,False
568,,2026-07-26,2026,7,2026-07,3310,Klaten,Jawa Tengah,3310,kode,Bayat,1,,,,0,0,False
569,,2026-07-26,2026,7,2026-07,3312,Wonogiri,Jawa Tengah,3312,kode,Wonogiri,1,,,,0,0,False
570,,2026-07-26,2026,7,2026-07,3403,Gunungkidul,Daerah Istimewa Yogyakarta,3403,kode,,0,,,,0,0,False
571,,2026-07-26,2026,7,2026-07,1173,Kota Lhokseumawe,Aceh,1173,kode,Muara Dua Gp. Cot Girek Kandang,1,,,,0,0,False
572,,2026-07-26,2026,7,2026-07,3322,Semarang,Jawa Tengah,3322,kode,Ungaran Timur; Pringapus Ds Candirejo,2,,,,0,0,False
573,,2026-07-26,2026,7,2026-07,3316,Blora,Jawa Tengah,3316,kode,Blora,1,,,,0,0,False
574,,2026-07-26,2026,7,2026-07,7315,Pinrang,Sulawesi Selatan,7315,kode,Mattiro Bulu,1,,,,0,0,False
575,,2026-07-26,2026,7,2026-07,9204,Sorong Selatan,Papua Barat Daya,9602,nama+provinsi,,0,,,,0,0,False
576,,2026-07-25,2026,7,2026-07,3312,Wonogiri,Jawa Tengah,3312,kode,Wonogiri,1,,,,0,0,False
577,,2026-07-25,2026,7,2026-07,6372,Kota Banjarbaru,Kalimantan Selatan,6372,kode,Landasan Ulun,1,,,,0,0,False
578,,2026-07-25,2026,7,2026-07,1904,Bangka Tengah,Kepulauan Bangka Belitung,1904,kode,Koba,1,,,,0,0,False
579,,2026-07-25,2026,7,2026-07,3503,Trenggalek,Jawa Timur,3503,kode,Karangan; Trenggalek,2,,,,0,0,False
580,,2026-07-25,2026,7,2026-07,6409,Penajam Paser Utara,Kalimantan Timur,6409,kode,Babulu,1,,,,0,0,False
581,,2026-07-25,2026,7,2026-07,7315,Pinrang,Sulawesi Selatan,7315,kode,Patampanua; Suppa,2,,,,0,0,False
582,,2026-07-25,2026,7,2026-07,3513,Probolinggo,Jawa Timur,3513,kode,Sukapura,1,,,,0,0,False
583,,2026-07-24,2026,7,2026-07,3505,Blitar,Jawa Timur,3505,kode,Binangun,1,,,,0,0,False
584,,2026-07-24,2026,7,2026-07,3204,Bandung,Jawa Barat,3204,kode,Pameungpeuk,1,,,,0,0,False
585,,2026-07-24,2026,7,2026-07,6402,Kutai Kartanegara,Kalimantan Timur,6402,kode,Muara Jawa,1,,,,0,0,False
586,,2026-07-24,2026,7,2026-07,3513,Probolinggo,Jawa Timur,3513,kode,Tegalsiwalan; Gending,2,,,,0,0,False
587,,2026-07-24,2026,7,2026-07,1906,Belitung Timur,Kepulauan Bangka Belitung,1906,kode,Gantung,1,,,,0,0,False
588,,2026-07-24,2026,7,2026-07,3314,Sragen,Jawa Tengah,3314,kode,Kalijambe,1,,,,0,0,False
589,,2026-07-24,2026,7,2026-07,6207,Seruyan,Kalimantan Tengah,6207,kode,"Seruyan Hilir - Jl. Simpang K. Pembuang Sampit Pal 6,; Seruyan Hilir Timur",2,,,,0,0,False
590,,2026-07-24,2026,7,2026-07,6209,Lamandau,Kalimantan Tengah,6209,kode,Bulik,1,,,,0,0,False
591,,2026-07-24,2026,7,2026-07,6206,Katingan,Kalimantan Tengah,6206,kode,,0,,,,0,0,False
592,,2026-07-24,2026,7,2026-07,3512,Situbondo,Jawa Timur,3512,kode,Kendit,1,,,,0,0,False
593,,2026-07-24,2026,7,2026-07,3502,Ponorogo,Jawa Timur,3502,kode,Sawoo,1,,,,0,0,False
594,,2026-07-24,2026,7,2026-07,3503,Trenggalek,Jawa Timur,3503,kode,Gandusari,1,,,,0,0,False
595,,2026-07-24,2026,7,2026-07,3501,Pacitan,Jawa Timur,3501,kode,Donorojo,1,,,,0,0,False
596,,2026-07-24,2026,7,2026-07,9204,Sorong Selatan,Papua Barat Daya,9602,nama+provinsi,,0,,,,0,0,False
597,,2026-07-23,2026,7,2026-07,9205,Raja Ampat,Papua Barat Daya,9603,nama+provinsi,,0,,1.0,,1,0,False
598,,2026-07-23,2026,7,2026-07,3310,Klaten,Jawa Tengah,3310,kode,Pedan,1,,,,0,0,False
599,,2026-07-23,2026,7,2026-07,6201,Kotawaringin Barat,Kalimantan Tengah,6201,kode,,0,,,,0,0,False
600,,2026-07-23,2026,7,2026-07,9203,Fak Fak,Papua Barat,9203,kode,,0,,,,0,0,False
601,,2026-07-22,2026,7,2026-07,3314,Sragen,Jawa Tengah,3314,kode,Sambungmacan,1,,,,0,0,False
602,,2026-07-22,2026,7,2026-07,5316,Nagekeo,Nusa Tenggara Timur,5316,kode,Aesesa,1,,,,0,0,False
603,,2026-07-22,2026,7,2026-07,6208,Sukamara,Kalimantan Tengah,6208,kode,"Pantai Lunci, Kab. Sukamara",1,,,,0,0,False
604,,2026-07-22,2026,7,2026-07,6271,Kota Palangkaraya,Kalimantan Tengah,6271,kode,Jekan Raya,1,,,,0,0,False
605,,2026-07-22,2026,7,2026-07,3502,Ponorogo,Jawa Timur,3502,kode,Jambon,1,,,,0,0,False
606,,2026-07-22,2026,7,2026-07,3316,Blora,Jawa Tengah,3316,kode,Tunjungan; Banjarejo,2,,,,0,0,False
607,,2026-07-21,2026,7,2026-07,9271,Kota Sorong,Papua Barat Daya,9671,nama+provinsi,,0,,,,0,0,False
608,,2026-07-21,2026,7,2026-07,7102,Minahasa,Sulawesi Utara,7102,kode,Lembean Timur,1,,,,0,0,False
609,,2026-07-21,2026,7,2026-07,1408,Siak,Riau,1408,kode,Sabak Auh,1,,,,0,0,False
610,,2026-07-20,2026,7,2026-07,1811,Mesuji,Lampung,1811,kode,Tanjung Raya (7 Desa); Mesuji Timur (9 Desa); Mesuji (2 Desa); Panca Jaya (2 Desa); Simpang Pematang (1 Desa),5,,,,0,0,False
611,,2026-07-20,2026,7,2026-07,1610,Ogan Ilir,Sumatera Selatan,1610,kode,Indralaya utara,1,,,,0,0,False
612,,2026-07-20,2026,7,2026-07,6306,Hulu Sungai Selatan,Kalimantan Selatan,6306,kode,Kandangan; Telaga langsat,2,,,,0,0,False
613,,2026-07-20,2026,7,2026-07,6402,Kutai Kartanegara,Kalimantan Timur,6402,kode,,0,,,,0,0,False
614,,2026-07-20,2026,7,2026-07,3310,Klaten,Jawa Tengah,3310,kode,,0,,,,0,0,False
615,,2026-07-20,2026,7,2026-07,1610,Ogan Ilir,Sumatera Selatan,1610,kode,Indralaya utara,1,,,,0,0,False
616,,2026-07-19,2026,7,2026-07,1117,Bener Meriah,Aceh,1117,kode,Pintu Rime Gayo Gp. Negeri Antara,1,,,,0,0,False
617,,2026-07-19,2026,7,2026-07,6208,Sukamara,Kalimantan Tengah,6208,kode,Pantai Lunci,1,,,,0,0,False
618,,2026-07-19,2026,7,2026-07,1104,Aceh Tengah,Aceh,1104,kode,Celala Kp. Kuyun Uken,1,,,,0,0,False
619,,2026-07-19,2026,7,2026-07,1504,Batanghari,Jambi,1504,kode,Bajubang,1,,,,0,0,False
620,,2026-07-19,2026,7,2026-07,6271,Kota Palangkaraya,Kalimantan Tengah,6271,kode,Jekan Raya; Pahandut; Jeka n Raya,3,,,,0,0,False
621,,2026-07-19,2026,7,2026-07,6271,Kota Palangkaraya,Kalimantan Tengah,6271,kode,Jekan Raya - Jl. RTA. Milono Perumahan Citra Mandiri; Jekan Raya - Jl. Banteng Lanjutan; Jekan Raya - Jl. Tingang 22; Jekan Raya,4,,,,0,0,False
622,,2026-07-19,2026,7,2026-07,1173,Kota Lhokseumawe,Aceh,1173,kode,Muara Dua Gp. Blang Poroh,1,,,,0,0,False
623,,2026-07-19,2026,7,2026-07,6205,Barito Utara,Kalimantan Tengah,6205,kode,"Teweh Tengah Desa Baok,; Gunung Purei",2,,,,0,0,False
624,,2026-07-19,2026,7,2026-07,6310,Tanah Bumbu,Kalimantan Selatan,6310,kode,Simpang Empat,1,,,,0,0,False
625,,2026-07-19,2026,7,2026-07,6472,Kota Samarinda,Kalimantan Timur,6472,kode,Loa Janan Ilir; Sungai Pinang; Samarinda Ulu,3,,,,0,0,False
626,,2026-07-19,2026,7,2026-07,6302,Kotabaru,Kalimantan Selatan,6302,kode,Pamukan Selatan; Pamukan Utara,2,,,,0,0,False
627,,2026-07-19,2026,7,2026-07,7324,Luwu Timur,Sulawesi Selatan,7324,kode,Malili,1,,,,0,0,False
628,,2026-07-19,2026,7,2026-07,6305,Tapin,Kalimantan Selatan,6305,kode,Lokpaikat; Bungur; Binuang,3,,,,0,0,False
629,,2026-07-19,2026,7,2026-07,1602,Ogan Komering Ilir,Sumatera Selatan,1602,kode,Tulung Selapan; Cengal; Tanjung Lubuk,3,,,,0,0,False
630,,2026-07-19,2026,7,2026-07,3578,Kota Surabaya,Jawa Timur,3578,kode,Benowo,1,,,,0,0,False
631,,2026-07-18,2026,7,2026-07,6206,Katingan,Kalimantan Tengah,6206,kode,,0,,,,0,0,False
632,,2026-07-18,2026,7,2026-07,6208,Sukamara,Kalimantan Tengah,6208,kode,Sukamara,1,,,,0,0,False
633,,2026-07-18,2026,7,2026-07,6202,Kotawaringin Timur,Kalimantan Tengah,6202,kode,"Baamang - Jl. Wenga Metrpolitan, Perumahan Wengga Desa Baamang Tengah; Baamang - Jl. Cilik Riwut Km 9 Desa Baamang Hulu; Baamang - Jl. Bumi Raya 1, Perumahan Mahardika Desa Baamang Barat; Baamang - Jl. Cilik Riwut Desa Baamang Hulu; Baamang - Sekitar seksi AB Afd 22 dan Luar Kebun Desa Natai Baru",5,,,,0,0,False
634,,2026-07-18,2026,7,2026-07,1906,Belitung Timur,Kepulauan Bangka Belitung,1906,kode,Manggar,1,,,,0,0,False
635,,2026-07-18,2026,7,2026-07,6204,Barito Selatan,Kalimantan Tengah,6204,kode,"Dusun Selatan Desa Dangka,; Dusun Selatan Desa Sungai Jaya (Dusun BAKUTA)",2,,,,0,0,False
636,,2026-07-18,2026,7,2026-07,1402,Indragiri Hulu,Riau,1402,kode,Rengat Barat,1,,,,0,0,False
637,,2026-07-18,2026,7,2026-07,6209,Lamandau,Kalimantan Tengah,6209,kode,Bulik,1,,,,0,0,False
638,,2026-07-18,2026,7,2026-07,1118,Pidie Jaya,Aceh,1118,kode,Meurah Dua,1,,,,0,0,False
639,,2026-07-18,2026,7,2026-07,6204,Barito Selatan,Kalimantan Tengah,6204,kode,Jenamas - Desa Dangka; Dusun Selatan,2,,,,0,0,False
640,,2026-07-18,2026,7,2026-07,3525,Gresik,Jawa Timur,3525,kode,Driyorejo,1,,,,0,0,False
641,,2026-07-18,2026,7,2026-07,6271,Kota Palangkaraya,Kalimantan Tengah,6271,kode,,0,,,,0,0,False
642,,2026-07-18,2026,7,2026-07,6201,Kotawaringin Barat,Kalimantan Tengah,6201,kode,Arut Selatan - Desa Kubu; Kumai,2,,,,0,0,False
643,,2026-07-18,2026,7,2026-07,6203,Kapuas,Kalimantan Tengah,6203,kode,Kapuas -,1,,,,0,0,False
644,,2026-07-17,2026,7,2026-07,1610,Ogan Ilir,Sumatera Selatan,1610,kode,Pemulutan,1,,,,0,0,False
645,,2026-07-17,2026,7,2026-07,7372,Kota Pare Pare,Sulawesi Selatan,7372,kode,Bacukiki,1,,,,0,0,False
646,,2026-07-17,2026,7,2026-07,5108,Buleleng,Bali,5108,kode,Gerokgak,1,,,,0,0,False
647,,2026-07-17,2026,7,2026-07,1971,Kota Pangkal Pinang,Kepulauan Bangka Belitung,1971,kode,Bukit Intan,1,,,,0,0,False
648,,2026-07-17,2026,7,2026-07,1105,Aceh Barat,Aceh,1105,kode,Meureubo Gp. Gunong Kleng; Johan Pahlawan Gp. Lapang Gp. Ujong Tanoh Darat ADB; Samatiga Gp. Cot Seumeureung Gp. Paya Lumpat; Woyla Barat Gp. Blang Luah; Bubon Gp. Peulante; Arongan Lambalek Gp. Keub,6,,,,0,0,False
649,,2026-07-16,2026,7,2026-07,1403,Bengkalis,Riau,1403,kode,Mandau,1,,,,0,0,False
650,,2026-07-16,2026,7,2026-07,6301,Tanah Laut,Kalimantan Selatan,6301,kode,Bati bati,1,,,,0,0,False
651,,2026-07-16,2026,7,2026-07,1403,Bengkalis,Riau,1403,kode,Mandau,1,,,,0,0,True
652,,2026-07-15,2026,7,2026-07,5315,Manggarai Barat,Nusa Tenggara Timur,5315,kode,Komodo,1,,,,0,0,False
653,,2026-07-15,2026,7,2026-07,6474,Kota Bontang,Kalimantan Timur,6474,kode,Bontang Selatan,1,,,,0,0,False
654,,2026-07-15,2026,7,2026-07,1906,Belitung Timur,Kepulauan Bangka Belitung,1906,kode,Gantung,1,,,,0,0,False
655,,2026-07-15,2026,7,2026-07,6409,Penajam Paser Utara,Kalimantan Timur,6409,kode,Penajam,1,,,,0,0,False
656,,2026-07-15,2026,7,2026-07,1117,Bener Meriah,Aceh,1117,kode,Timang Gajah,1,,,,0,0,False
657,,2026-07-14,2026,7,2026-07,1104,Aceh Tengah,Aceh,1104,kode,Atu Lintang,1,,,,0,0,False
658,,2026-07-14,2026,7,2026-07,6304,Barito Kuala,Kalimantan Selatan,6304,kode,Jejangkit; Anjir Pasar,2,,,,0,0,False
659,,2026-07-14,2026,7,2026-07,6372,Kota Banjarbaru,Kalimantan Selatan,6372,kode,Cempaka; Landasan Ulin; Liang Anggang,3,,,,0,0,False
660,,2026-07-14,2026,7,2026-07,6303,Banjar,Kalimantan Selatan,6303,kode,Martapura; Sungai Tabuk; Cintapuri Darussalam,3,,,,0,0,False
661,,2026-07-14,2026,7,2026-07,3517,Jombang,Jawa Timur,3517,kode,Ngoro,1,,,,0,0,False
662,,2026-07-14,2026,7,2026-07,3516,Mojokerto,Jawa Timur,3516,kode,Rana Mese,1,,,,0,0,False
663,,2026-07-14,2026,7,2026-07,3512,Situbondo,Jawa Timur,3512,kode,Panarukan,1,,,,0,0,False
664,,2026-07-14,2026,7,2026-07,6403,Berau,Kalimantan Timur,6403,kode,Teluk Bayur,1,,,,0,0,False
665,,2026-07-14,2026,7,2026-07,6407,Kutai Barat,Kalimantan Timur,6407,kode,Damai,1,,,,0,0,False
666,,2026-07-13,2026,7,2026-07,6208,Sukamara,Kalimantan Tengah,6208,kode,,0,,,,0,0,False
667,,2026-07-13,2026,7,2026-07,6201,Kotawaringin Barat,Kalimantan Tengah,6201,kode,,0,,,,0,0,False
668,,2026-07-13,2026,7,2026-07,3314,Sragen,Jawa Tengah,3314,kode,Kalijambe,1,,,,0,0,False
669,,2026-07-13,2026,7,2026-07,6202,Kotawaringin Timur,Kalimantan Tengah,6202,kode,Baamang,1,,,,0,0,False
670,,2026-07-13,2026,7,2026-07,6206,Katingan,Kalimantan Tengah,6206,kode,,0,,,,0,0,False
671,,2026-07-13,2026,7,2026-07,6207,Seruyan,Kalimantan Tengah,6207,kode,,0,,,,0,0,False
672,,2026-07-13,2026,7,2026-07,6211,Pulang Pisau,Kalimantan Tengah,6211,kode,"Kahayan Tengah Tikor Tumbang Nusa,; Jabiren",2,,,,0,0,False
673,,2026-07-12,2026,7,2026-07,6205,Barito Utara,Kalimantan Tengah,6205,kode,Teweh Baru,1,,,,0,0,False
674,,2026-07-12,2026,7,2026-07,8105,Seram Bagian Timur,Maluku,8105,kode,Bula,1,,,,0,0,False
675,,2026-07-12,2026,7,2026-07,1173,Kota Lhokseumawe,Aceh,1173,kode,Muara Satu Gp. Padang Sakti,1,,,,0,0,False
676,,2026-07-12,2026,7,2026-07,6271,Kota Palangkaraya,Kalimantan Tengah,6271,kode,Jekan Raya; Jekan Raya Tikor; Jekan Raya Tikor,3,,,,0,0,False
677,,2026-07-12,2026,7,2026-07,1104,Aceh Tengah,Aceh,1104,kode,Bintang,1,,,,0,0,False
678,,2026-07-11,2026,7,2026-07,3213,Subang,Jawa Barat,3213,kode,,0,,,,0,0,False
679,,2026-07-11,2026,7,2026-07,3204,Bandung,Jawa Barat,3204,kode,Nagreg,1,,,,0,0,False
680,,2026-07-11,2026,7,2026-07,3213,Subang,Jawa Barat,3213,kode,Subang,1,,,,0,0,False
681,,2026-07-10,2026,7,2026-07,3508,Lumajang,Jawa Timur,3508,kode,Pasirian,1,,,,0,0,False
682,,2026-07-10,2026,7,2026-07,3302,Banyumas,Jawa Tengah,3302,kode,Purwojati; Sokaraja; Purwokerto Utara; Purwokerto Selatan,4,,,,0,0,False
683,,2026-07-10,2026,7,2026-07,1671,Kota Palembang,Sumatera Selatan,1671,kode,,0,,,,0,0,False
684,,2026-07-10,2026,7,2026-07,1601,Ogan Komering Ulu,Sumatera Selatan,1601,kode,Baturaja Timur,1,,,,0,0,False
685,,2026-07-10,2026,7,2026-07,6372,Kota Banjarbaru,Kalimantan Selatan,6372,kode,Cempaka; Landasan Ulin; Liang Anggang,3,,,,0,0,False
686,,2026-07-10,2026,7,2026-07,3503,Trenggalek,Jawa Timur,3503,kode,Pogalan,1,,,,0,0,False
687,,2026-07-10,2026,7,2026-07,6203,Kapuas,Kalimantan Tengah,6203,kode,Kapuas Hilir,1,,,,0,0,False
688,,2026-07-10,2026,7,2026-07,6402,Kutai Kartanegara,Kalimantan Timur,6402,kode,Sangasanga; Loa Kulu,2,,,,0,0,False
689,,2026-07-10,2026,7,2026-07,1115,Nagan Raya,Aceh,1115,kode,Darul Makmur Gp. Alue Kuyun,1,,,,0,0,False
690,,2026-07-10,2026,7,2026-07,3502,Ponorogo,Jawa Timur,3502,kode,Balong,1,,,,0,0,False
691,,2026-07-09,2026,7,2026-07,6201,Kotawaringin Barat,Kalimantan Tengah,6201,kode,Arut Selatan,1,,,,0,0,False
692,,2026-07-09,2026,7,2026-07,6407,Kutai Barat,Kalimantan Timur,6407,kode,Melak Kp. Empas; Muara Lawa Kp. Dingin,2,,,1.0,0,0,False
693,,2026-07-09,2026,7,2026-07,3503,Trenggalek,Jawa Timur,3503,kode,Karangan,1,,,,0,0,False
694,,2026-07-09,2026,7,2026-07,6201,Kotawaringin Barat,Kalimantan Tengah,6201,kode,Arut Kumai,1,,,,0,0,False
695,,2026-07-09,2026,7,2026-07,6271,Kota Palangkaraya,Kalimantan Tengah,6271,kode,Jekan Raya - Jl. Tjilik Riwut Km.13 Masuk Jl. Edison Massal; Jekan Raya - Jl. Alam Lestari; Jekan Raya,3,,,,0,0,False
696,,2026-07-09,2026,7,2026-07,6201,Kotawaringin Barat,Kalimantan Tengah,6201,kode,Kumai,1,,,,0,0,False
697,,2026-07-09,2026,7,2026-07,6201,Kotawaringin Barat,Kalimantan Tengah,6201,kode,Kumai,1,,,,0,0,True
698,,2026-07-09,2026,7,2026-07,1407,Rokan Hilir,Riau,1407,kode,Simpang Kanan,1,,,,0,0,False
699,,2026-07-09,2026,7,2026-07,1602,Ogan Komering Ilir,Sumatera Selatan,1602,kode,Pedamaran Timur,1,,,,0,0,False
700,,2026-07-09,2026,7,2026-07,6201,Kotawaringin Barat,Kalimantan Tengah,6201,kode,Arut Kumai (Sekitar ex tambang pasir sungai ayam RT.09),1,,,,0,0,False
701,,2026-07-09,2026,7,2026-07,3522,Bojonegoro,Jawa Timur,3522,kode,Trucuk; Temayang,2,,,,0,0,False
702,,2026-07-09,2026,7,2026-07,6208,Sukamara,Kalimantan Tengah,6208,kode,Sukamara,1,,,,0,0,False
703,,2026-07-09,2026,7,2026-07,6202,Kotawaringin Timur,Kalimantan Tengah,6202,kode,Baamang - Jl. Ir. Soekarno (Lingkar Utara); Baamang - Jl. Bumi Raya 1; Baamang -; Kota Besi,4,,,,0,0,False
704,,2026-07-08,2026,7,2026-07,3512,Situbondo,Jawa Timur,3512,kode,Panji,1,,,,0,0,False
705,,2026-07-08,2026,7,2026-07,3502,Ponorogo,Jawa Timur,3502,kode,Badegan,1,,,,0,0,False
706,,2026-07-08,2026,7,2026-07,3311,Sukoharjo,Jawa Tengah,3311,kode,Tawangsari; Bulu,2,,,,0,0,False
707,,2026-07-08,2026,7,2026-07,1220,Padang Lawas Utara,Sumatera Utara,1220,kode,Portibi,1,,,,0,0,False
708,,2026-07-08,2026,7,2026-07,1606,Musi Banyuasin,Sumatera Selatan,1606,kode,Plakat Tinggi / Koordinat : -2.90554 103.65753  Desa Bukit Indah; Plakat Tinggi / Koordinat -3.02761 103.58276,2,,,,0,0,False
709,,2026-07-08,2026,7,2026-07,3310,Klaten,Jawa Tengah,3310,kode,Wonosari; Pedan; Ceper,3,,,,0,0,False
710,,2026-07-08,2026,7,2026-07,1610,Ogan Ilir,Sumatera Selatan,1610,kode,indralaya utara,1,,,,0,0,False
711,,2026-07-06,2026,7,2026-07,7316,Enrekang,Sulawesi Selatan,7316,kode,Anggeraja,1,,,,0,0,False
712,,2026-07-06,2026,7,2026-07,3502,Ponorogo,Jawa Timur,3502,kode,Sampung,1,,,,0,0,False
713,,2026-07-05,2026,7,2026-07,6372,Kota Banjarbaru,Kalimantan Selatan,6372,kode,Cempaka; Liang Anggang; Landasan Ulin; Banjarbaru Selatan,4,,,,0,0,False
714,,2026-07-04,2026,7,2026-07,1906,Belitung Timur,Kepulauan Bangka Belitung,1906,kode,Damar,1,,,,0,0,False
715,,2026-07-02,2026,7,2026-07,6211,Pulang Pisau,Kalimantan Tengah,6211,kode,Jabiren Raya,1,,,,0,0,False
716,,2026-07-02,2026,7,2026-07,6271,Kota Palangkaraya,Kalimantan Tengah,6271,kode,Jabiren Raya,1,,,,0,0,False
717,,2026-07-01,2026,7,2026-07,1404,Indragiri Hilir,Riau,1404,kode,Tanah Merah,1,,,,0,0,False
718,,2026-07-01,2026,7,2026-07,6306,Hulu Sungai Selatan,Kalimantan Selatan,6306,kode,Daha Barat; Daha Utara,2,,,,0,0,False
719,,2026-06-30,2026,6,2026-06,3311,Sukoharjo,Jawa Tengah,3311,kode,Polokarto; Nguter; Tawangsari,3,,,,0,0,False
720,,2026-06-30,2026,6,2026-06,3603,Tangerang,Banten,3603,kode,Mauk; Rajeg,2,,,,0,0,False
721,,2026-06-28,2026,6,2026-06,1402,Indragiri Hulu,Riau,1402,kode,Rengat,1,,,,0,0,False
722,,2026-06-28,2026,6,2026-06,6474,Kota Bontang,Kalimantan Timur,6474,kode,Bontang Utara,1,,,,0,0,False
723,,2026-06-28,2026,6,2026-06,8208,Pulau Taliabu,Maluku Utara,8208,kode,Taliabu Barat,1,,,,0,0,False
724,,2026-06-27,2026,6,2026-06,1402,Indragiri Hulu,Riau,1402,kode,Rengat,1,,,,0,0,False
725,,2026-06-27,2026,6,2026-06,3311,Sukoharjo,Jawa Tengah,3311,kode,Bulu,1,,,,0,0,False
726,,2026-06-27,2026,6,2026-06,3211,Sumedang,Jawa Barat,3211,kode,,0,,,,0,0,False
727,,2026-06-27,2026,6,2026-06,3311,Sukoharjo,Jawa Tengah,3311,kode,Bulu,1,,,,0,0,True
728,,2026-06-27,2026,6,2026-06,6407,Kutai Barat,Kalimantan Timur,6407,kode,Damai,1,,,,0,0,False
729,,2026-06-27,2026,6,2026-06,1174,Kota Langsa,Aceh,1174,kode,Langsa Baro Gp Birem Puntong,1,,,,0,0,False
730,,2026-06-26,2026,6,2026-06,1906,Belitung Timur,Kepulauan Bangka Belitung,1906,kode,Manggar,1,,,,0,0,False
731,,2026-06-25,2026,6,2026-06,1173,Kota Lhokseumawe,Aceh,1173,kode,Muara Satu   Gp.Meuria Paloh,1,,,,0,0,False
732,,2026-06-24,2026,6,2026-06,9203,Fak Fak,Papua Barat,9203,kode,,0,,,,0,0,False
733,,2026-06-23,2026,6,2026-06,3517,Jombang,Jawa Timur,3517,kode,Ngoro,1,,,,0,0,False
734,,2026-06-21,2026,6,2026-06,3309,Boyolali,Jawa Tengah,3309,kode,Teras,1,,,,0,0,False
735,,2026-06-21,2026,6,2026-06,3512,Situbondo,Jawa Timur,3512,kode,Panji,1,,,,0,0,False
736,,2026-06-20,2026,6,2026-06,6303,Banjar,Kalimantan Selatan,6303,kode,Martapura; Cintapuri Darussalam,2,,,,0,0,False
737,,2026-06-20,2026,6,2026-06,3310,Klaten,Jawa Tengah,3310,kode,Pedan,1,,,,0,0,False
738,,2026-06-15,2026,6,2026-06,6301,Tanah Laut,Kalimantan Selatan,6301,kode,Pelaihari,1,,,,0,0,False
739,,2026-06-14,2026,6,2026-06,1504,Batanghari,Jambi,1504,kode,Batin XXIV  Desa Bungku; Bajubang; Muara Bulian,3,,,,0,0,False
740,,2026-06-12,2026,6,2026-06,1117,Bener Meriah,Aceh,1117,kode,,0,,,,0,0,False
741,,2026-06-11,2026,6,2026-06,5315,Manggarai Barat,Nusa Tenggara Timur,5315,kode,,0,,,,0,0,False
742,,2026-06-11,2026,6,2026-06,1472,Kota Dumai,Riau,1472,kode,Medang Kampai,1,,,,0,0,False
743,,2026-06-11,2026,6,2026-06,5320,Sabu Raijua,Nusa Tenggara Timur,5320,kode,Sabu Tengah,1,,,,0,0,False
744,,2026-06-09,2026,6,2026-06,6403,Berau,Kalimantan Timur,6403,kode,Teluk Bayur,1,,,,0,0,False
745,,2026-06-09,2026,6,2026-06,6205,Barito Utara,Kalimantan Tengah,6205,kode,,0,,,,0,0,False
746,,2026-06-07,2026,6,2026-06,1407,Rokan Hilir,Riau,1407,kode,Pekaitan,1,,,,0,0,False
747,,2026-06-07,2026,6,2026-06,1406,Rokan Hulu,Riau,1406,kode,Bonai Darussalam,1,,,,0,0,False
748,,2026-06-04,2026,6,2026-06,7602,Mamuju,Sulawesi Barat,7602,kode,Simboro,1,,,,0,0,False
749,,2026-06-03,2026,6,2026-06,1406,Rokan Hulu,Riau,1406,kode,Tambusai Utara,1,,,,0,0,False
750,,2026-06-03,2026,6,2026-06,1606,Musi Banyuasin,Sumatera Selatan,1606,kode,Sekayu,1,,,,0,0,False
751,,2026-06-03,2026,6,2026-06,1403,Bengkalis,Riau,1403,kode,Rupat,1,,,,0,0,False
752,,2026-06-02,2026,6,2026-06,5203,Lombok Timur,Nusa Tenggara Barat,5203,kode,Sembalun,1,,,,0,0,False
753,,2026-06-01,2026,6,2026-06,1302,Solok,Sumatera Barat,1302,kode,Junjung Sirih S,1,,,,0,0,False
754,,2026-06-01,2026,6,2026-06,1104,Aceh Tengah,Aceh,1104,kode,Ketol,1,,,,0,0,False
755,,2026-06-01,2026,6,2026-06,1408,Siak,Riau,1408,kode,Kandis,1,,,,0,0,False
756,,2026-06-01,2026,6,2026-06,1110,Aceh Singkil,Aceh,1110,kode,Singkil Utara,1,,,,0,0,False
757,,2026-06-01,2026,6,2026-06,1117,Bener Meriah,Aceh,1117,kode,Wih Pesam,1,,,,0,0,False
758,,2026-05-31,2026,5,2026-05,1610,Ogan Ilir,Sumatera Selatan,1610,kode,indralaya,1,,,,0,0,False
759,,2026-05-31,2026,5,2026-05,1103,Aceh Timur,Aceh,1103,kode,Julok,1,,,,0,0,False
760,,2026-05-30,2026,5,2026-05,1104,Aceh Tengah,Aceh,1104,kode,Ketol; Bebesen; Kebayakan,3,,,,0,0,False
761,,2026-05-30,2026,5,2026-05,1105,Aceh Barat,Aceh,1105,kode,Bubon; Johan Pahlawan; Arongan Lambalek; Meureubo,4,,,,0,0,False
762,,2026-05-30,2026,5,2026-05,1407,Rokan Hilir,Riau,1407,kode,Tanah Putih,1,,,,0,0,False
763,,2026-05-29,2026,5,2026-05,1106,Aceh Besar,Aceh,1106,kode,Lembah Seulawah,1,,,,0,0,False
764,,2026-05-29,2026,5,2026-05,6304,Barito Kuala,Kalimantan Selatan,6304,kode,Cerbon,1,,,,0,0,False
765,,2026-05-29,2026,5,2026-05,1115,Nagan Raya,Aceh,1115,kode,Darul Makmur; Tripa Makmur,2,,,,0,0,False
766,,2026-05-28,2026,5,2026-05,1603,Muara Enim,Sumatera Selatan,1603,kode,Gelumbang,1,,,,0,0,False
767,,2026-05-28,2026,5,2026-05,1471,Kota Pekanbaru,Riau,1471,kode,Bina Widya,1,,,,0,0,False
768,,2026-05-26,2026,5,2026-05,1471,Kota Pekanbaru,Riau,1471,kode,Rumbai,1,,,,0,0,False
769,,2026-05-26,2026,5,2026-05,1408,Siak,Riau,1408,kode,Siak,1,,,,0,0,False
770,,2026-05-26,2026,5,2026-05,1408,Siak,Riau,1408,kode,Kandis,1,,,,0,0,False
771,,2026-05-25,2026,5,2026-05,1117,Bener Meriah,Aceh,1117,kode,Weh Pesam,1,,,,0,0,False
772,,2026-05-25,2026,5,2026-05,1173,Kota Lhokseumawe,Aceh,1173,kode,Muara Satu,1,,,,0,0,False
773,,2026-05-23,2026,5,2026-05,1173,Kota Lhokseumawe,Aceh,1173,kode,Muara Satu,1,,,,0,0,False
774,,2026-05-23,2026,5,2026-05,1401,Kampar,Riau,1401,kode,Kampar,1,,,,0,0,False
775,,2026-05-22,2026,5,2026-05,6403,Berau,Kalimantan Timur,6403,kode,Sambaliung,1,,,,0,0,False
776,,2026-05-14,2026,5,2026-05,6503,Nunukan,Kalimantan Utara,6503,kode,Nunukan Selatan,1,,,,0,0,False
777,,2026-05-11,2026,5,2026-05,6503,Nunukan,Kalimantan Utara,6503,kode,Nunukan Selatan,1,,,,0,0,False
778,,2026-05-10,2026,5,2026-05,6503,Nunukan,Kalimantan Utara,6503,kode,Nunukan Selatan,1,,,,0,0,False
779,,2026-05-07,2026,5,2026-05,6503,Nunukan,Kalimantan Utara,6503,kode,Nunukan Selatan,1,,,,0,0,False
780,,2026-05-07,2026,5,2026-05,1173,Kota Lhokseumawe,Aceh,1173,kode,Muara Dua Gp. Uteungkot,1,,,,0,0,False
781,,2026-05-01,2026,5,2026-05,2104,Lingga,Kepulauan Riau,2104,kode,Lingga Utara,1,,,,0,0,False
782,,2026-04-28,2026,4,2026-04,3510,Banyuwangi,Jawa Timur,3510,kode,Singojuruh,1,,,,0,0,False
783,,2026-04-27,2026,4,2026-04,1504,Batanghari,Jambi,1504,kode,Muara Bulian,1,,,,0,0,False
784,,2026-04-26,2026,4,2026-04,6401,Paser,Kalimantan Timur,6401,kode,Tanah Grogot,1,,,,0,0,False
785,,2026-04-26,2026,4,2026-04,6407,Kutai Barat,Kalimantan Timur,6407,kode,Melak,1,,,,0,0,False
786,,2026-04-25,2026,4,2026-04,6372,Kota Banjarbaru,Kalimantan Selatan,6372,kode,Cempaka,1,,,,0,0,False
787,,2026-04-23,2026,4,2026-04,1174,Kota Langsa,Aceh,1174,kode,Langsa Timur   Gampong Medang Ara,1,,,,0,0,False
788,,2026-04-21,2026,4,2026-04,6407,Kutai Barat,Kalimantan Timur,6407,kode,Sekolaq Darat Kp. Sekolaq Joleq,1,,,,0,0,False
789,,2026-04-21,2026,4,2026-04,6310,Tanah Bumbu,Kalimantan Selatan,6310,kode,Sungai Loban,1,,,,0,0,False
790,,2026-04-21,2026,4,2026-04,6302,Kotabaru,Kalimantan Selatan,6302,kode,Pulau Laut Timur; Kelumpang Hulu,2,,,,0,0,False
791,,2026-04-18,2026,4,2026-04,6503,Nunukan,Kalimantan Utara,6503,kode,Nunukan Selatan,1,,,,0,0,False
792,,2026-04-07,2026,4,2026-04,1610,Ogan Ilir,Sumatera Selatan,1610,kode,Indralaya,1,,,,0,0,False
793,,2026-04-01,2026,4,2026-04,6304,Barito Kuala,Kalimantan Selatan,6304,kode,Alalak,1,,,,0,0,False
794,,2026-03-29,2026,3,2026-03,2101,Bintan,Kepulauan Riau,2101,kode,Gunung Kijang; Bintan Utara,2,,,,0,0,False
795,,2026-03-28,2026,3,2026-03,6402,Kutai Kartanegara,Kalimantan Timur,6402,kode,Muara Badak,1,,,,0,0,False
796,,2026-03-27,2026,3,2026-03,1971,Kota Pangkal Pinang,Kepulauan Bangka Belitung,1971,kode,Gabek,1,,,,0,0,False
797,,2026-03-27,2026,3,2026-03,6571,Kota Tarakan,Kalimantan Utara,6571,kode,Tarakan Tengah,1,,,,0,0,False
798,,2026-03-26,2026,3,2026-03,1104,Aceh Tengah,Aceh,1104,kode,Bintang,1,,,,0,0,False
799,,2026-03-26,2026,3,2026-03,1208,Simalungun,Sumatera Utara,1208,kode,Gunung Maligas,1,,,,0,0,False
800,,2026-03-25,2026,3,2026-03,1208,Simalungun,Sumatera Utara,1208,kode,Girsang Sipangan Bolon,1,,,,0,0,False
801,,2026-03-25,2026,3,2026-03,1106,Aceh Besar,Aceh,1106,kode,Montasik,1,,,,0,0,False
802,,2026-03-24,2026,3,2026-03,1173,Kota Lhokseumawe,Aceh,1173,kode,Muara Dua  Gp. Cirek Kandang,1,,,,0,0,False
803,,2026-03-24,2026,3,2026-03,2103,Natuna,Kepulauan Riau,2103,kode,,0,,,,0,0,False
804,,2026-03-17,2026,3,2026-03,6372,Kota Banjarbaru,Kalimantan Selatan,6372,kode,Cempaka,1,,,,0,0,False
805,,2026-03-14,2026,3,2026-03,2103,Natuna,Kepulauan Riau,2103,kode,Bunguran Selatan; Bunguran Timur Kel Ranai Kota; Bunguran Utara; Bunguran Batubi; Subi,5,,,,0,0,False
806,,2026-03-13,2026,3,2026-03,1223,Labuhanbatu Utara,Sumatera Utara,1223,kode,Kuala Hulu; Kualuh Selatan,2,,,,0,0,False
807,,2026-03-12,2026,3,2026-03,1504,Batanghari,Jambi,1504,kode,Bajubang,1,,,,0,0,False
808,,2026-03-11,2026,3,2026-03,1105,Aceh Barat,Aceh,1105,kode,Samatiga Gp. Alue,1,,,,0,0,False
809,,2026-03-09,2026,3,2026-03,6503,Nunukan,Kalimantan Utara,6503,kode,Nunukan,1,,,,0,0,False
810,,2026-03-09,2026,3,2026-03,1106,Aceh Besar,Aceh,1106,kode,"Darul Imarah Gampong Glee Taron, Leu Ue",1,,,,0,0,False
811,,2026-03-09,2026,3,2026-03,1105,Aceh Barat,Aceh,1105,kode,Samatiga  Gp. Alue Raya. Gp. Suak Pante Breuh,1,,,,0,0,False
812,,2026-03-09,2026,3,2026-03,6304,Barito Kuala,Kalimantan Selatan,6304,kode,Tambang,1,,,,0,0,False
813,,2026-03-09,2026,3,2026-03,6571,Kota Tarakan,Kalimantan Utara,6571,kode,Tarakan Timur,1,,,,0,0,False
814,,2026-03-08,2026,3,2026-03,2101,Bintan,Kepulauan Riau,2101,kode,Teluk Sebong; Gunung Kijang,2,,,,0,0,False
815,,2026-03-07,2026,3,2026-03,6201,Kotawaringin Barat,Kalimantan Tengah,6201,kode,Kotawaringin Lama,1,,,,0,0,False
816,,2026-03-05,2026,3,2026-03,2101,Bintan,Kepulauan Riau,2101,kode,Gunung Kijang,1,,,,0,0,False
817,,2026-03-05,2026,3,2026-03,7324,Luwu Timur,Sulawesi Selatan,7324,kode,Malili,1,,,,0,0,False
818,,2026-03-03,2026,3,2026-03,2104,Lingga,Kepulauan Riau,2104,kode,Lingga,1,,,,0,0,False
819,,2026-03-01,2026,3,2026-03,6202,Kotawaringin Timur,Kalimantan Tengah,6202,kode,Mentaya Hilir Selatan,1,,,,0,0,False
820,,2026-02-28,2026,2,2026-02,7208,Parigi Moutong,Sulawesi Tengah,7208,kode,Parigi Barat,1,,,,0,0,False
821,,2026-02-28,2026,2,2026-02,7208,Parigi Moutong,Sulawesi Tengah,7208,kode,Parigi Barat,1,,,,0,0,True
822,,2026-02-27,2026,2,2026-02,7208,Parigi Moutong,Sulawesi Tengah,7208,kode,Parigi Utara; Parigi Barat,2,,,,0,0,False
823,,2026-02-25,2026,2,2026-02,7208,Parigi Moutong,Sulawesi Tengah,7208,kode,Kasimbar,1,,,,0,0,False
824,,2026-02-25,2026,2,2026-02,1110,Aceh Singkil,Aceh,1110,kode,Singkil,1,,,,0,0,False
825,,2026-02-12,2026,2,2026-02,2104,Lingga,Kepulauan Riau,2104,kode,,0,,,,0,0,False
826,,2026-02-12,2026,2,2026-02,7208,Parigi Moutong,Sulawesi Tengah,7208,kode,Sidoan,1,,,,0,0,False
827,,2026-02-09,2026,2,2026-02,1206,Karo,Sumatera Utara,1206,kode,Merdeka,1,,,,0,0,False
828,,2026-02-08,2026,2,2026-02,1114,Aceh Jaya,Aceh,1114,kode,Sampoiniet Gp. Lhok Krut Gp. Jeumpek,1,,,,0,0,False
829,,2026-02-08,2026,2,2026-02,7208,Parigi Moutong,Sulawesi Tengah,7208,kode,Parigi Selatan,1,,,,0,0,False
830,,2026-02-05,2026,2,2026-02,7208,Parigi Moutong,Sulawesi Tengah,7208,kode,Siniu,1,,,,0,0,False
831,,2026-02-01,2026,2,2026-02,7208,Parigi Moutong,Sulawesi Tengah,7208,kode,Parigi; Parigi Barat; Parigi Utara,3,,,,0,0,False
832,,2026-02-01,2026,2,2026-02,6172,Kota Singkawang,Kalimantan Barat,6172,kode,Singkawang Selatan,1,,,,0,0,False
833,,2026-01-31,2026,1,2026-01,7208,Parigi Moutong,Sulawesi Tengah,7208,kode,Parigi Barat,1,,,,0,0,False
834,,2026-01-31,2026,1,2026-01,7208,Parigi Moutong,Sulawesi Tengah,7208,kode,Parigi Selatan,1,,,,0,0,False
835,,2026-01-28,2026,1,2026-01,7208,Parigi Moutong,Sulawesi Tengah,7208,kode,,0,,,,0,0,False
836,,2026-01-27,2026,1,2026-01,8171,Kota Ambon,Maluku,8171,kode,Sirimau,1,,,,0,0,False
837,,2026-01-26,2026,1,2026-01,1208,Simalungun,Sumatera Utara,1208,kode,Girsang Sipangan Bolon,1,,,,0,0,False
838,,2026-01-26,2026,1,2026-01,1213,Mandailing Natal,Sumatera Utara,1213,kode,Muara Batang,1,,,,0,0,False
839,,2026-01-23,2026,1,2026-01,1402,Indragiri Hulu,Riau,1402,kode,Rakit Kulim,1,,,,0,0,False
840,,2026-01-23,2026,1,2026-01,7208,Parigi Moutong,Sulawesi Tengah,7208,kode,Sidoan,1,,,,0,0,False
841,,2026-01-22,2026,1,2026-01,6501,Bulungan,Kalimantan Utara,6501,kode,Tg Palas Timur,1,,,,0,0,False
842,,2026-01-21,2026,1,2026-01,6271,Kota Palangkaraya,Kalimantan Tengah,6271,kode,Jekan Raya,1,,,,0,0,False
843,,2026-01-19,2026,1,2026-01,2104,Lingga,Kepulauan Riau,2104,kode,Singkep; Lingga; Lingga Utara; Singkep Barat; Singkep Selatan; Singkep Pesisir,6,,,,0,0,False
844,,2026-01-18,2026,1,2026-01,6104,Ketapang,Kalimantan Barat,6104,kode,Muara Pawan,1,,,,0,0,False
845,,2026-01-16,2026,1,2026-01,6104,Ketapang,Kalimantan Barat,6104,kode,,0,,,,0,0,False
846,,2026-01-16,2026,1,2026-01,6101,Sambas,Kalimantan Barat,6101,kode,Jawai; Subah; Paloh; Selakau Timur; Salatiga,5,,,,0,0,False
847,,2026-01-16,2026,1,2026-01,6171,Kota Pontianak,Kalimantan Barat,6171,kode,,0,,,,0,0,False
848,,2026-01-16,2026,1,2026-01,6103,Sanggau,Kalimantan Barat,6103,kode,,0,,,,0,0,False
849,,2026-01-16,2026,1,2026-01,6105,Sintang,Kalimantan Barat,6105,kode,,0,,,,0,0,False
850,,2026-01-16,2026,1,2026-01,6112,Kubu Raya,Kalimantan Barat,6112,kode,,0,,,,0,0,False
851,,2026-01-16,2026,1,2026-01,6111,Kayong Utara,Kalimantan Barat,6111,kode,,0,,,,0,0,False
852,,2026-01-15,2026,1,2026-01,6203,Kapuas,Kalimantan Tengah,6203,kode,,0,,,,0,0,False
853,,2026-01-15,2026,1,2026-01,6208,Sukamara,Kalimantan Tengah,6208,kode,,0,,,,0,0,False
854,,2026-01-15,2026,1,2026-01,1105,Aceh Barat,Aceh,1105,kode,Johan Pahlawan Gp. Lapang Gp. Suak Raya; Meureubo Gp. Alue Peunyareng Gp. Pasi Aceh Tunong,2,,,,0,0,False
855,,2026-01-15,2026,1,2026-01,1105,Aceh Barat,Aceh,1105,kode,Johan Pahlawan  Gp. Lapang,1,,,,0,0,False
856,,2026-01-15,2026,1,2026-01,1405,Pelalawan,Riau,1405,kode,,0,,,,0,0,False
857,,2026-01-15,2026,1,2026-01,1471,Kota Pekanbaru,Riau,1471,kode,,0,,,,0,0,False
858,,2026-01-15,2026,1,2026-01,1404,Indragiri Hilir,Riau,1404,kode,,0,,,,0,0,False
859,,2026-01-15,2026,1,2026-01,1402,Indragiri Hulu,Riau,1402,kode,,0,,,,0,0,False
860,,2026-01-15,2026,1,2026-01,1407,Rokan Hilir,Riau,1407,kode,,0,,,,0,0,False
861,,2026-01-15,2026,1,2026-01,1401,Kampar,Riau,1401,kode,,0,,,,0,0,False
862,,2026-01-15,2026,1,2026-01,1409,Kuantan Singingi,Riau,1409,kode,,0,,,,0,0,False
863,,2026-01-15,2026,1,2026-01,3522,Bojonegoro,Jawa Timur,3522,kode,,0,,,,0,0,False
864,,2026-01-15,2026,1,2026-01,1403,Bengkalis,Riau,1403,kode,,0,,,,0,0,False
865,,2026-01-15,2026,1,2026-01,1410,Kepulauan Meranti,Riau,1410,kode,,0,,,,0,0,False
866,,2026-01-15,2026,1,2026-01,1472,Kota Dumai,Riau,1472,kode,,0,,,,0,0,False
867,,2026-01-15,2026,1,2026-01,6271,Kota Palangkaraya,Kalimantan Tengah,6271,kode,,0,,,,0,0,False
868,,2026-01-15,2026,1,2026-01,6204,Barito Selatan,Kalimantan Tengah,6204,kode,,0,,,,0,0,False
869,,2026-01-15,2026,1,2026-01,6210,Gunung Mas,Kalimantan Tengah,6210,kode,,0,,,,0,0,False
870,,2026-01-15,2026,1,2026-01,6202,Kotawaringin Timur,Kalimantan Tengah,6202,kode,Teluk Sampit,1,,,,0,0,False
871,,2026-01-15,2026,1,2026-01,6211,Pulang Pisau,Kalimantan Tengah,6211,kode,,0,,,,0,0,False
872,,2026-01-15,2026,1,2026-01,6205,Barito Utara,Kalimantan Tengah,6205,kode,,0,,,,0,0,False
873,,2026-01-15,2026,1,2026-01,6201,Kotawaringin Barat,Kalimantan Tengah,6201,kode,Teluk Sampit,1,,,,0,0,False
874,,2026-01-15,2026,1,2026-01,6212,Murung Raya,Kalimantan Tengah,6212,kode,Teluk Sampit,1,,,,0,0,False
875,,2026-01-01,2026,1,2026-01,1613,Musi Rawas Utara,Sumatera Selatan,1613,kode,,0,,,,0,0,False
876,,2026-01-01,2026,1,2026-01,1606,Musi Banyuasin,Sumatera Selatan,1606,kode,,0,,,,0,0,False
877,,2026-01-01,2026,1,2026-01,1604,Lahat,Sumatera Selatan,1604,kode,,0,,,,0,0,False
878,,2025-11-24,2025,11,2025-11,1401,Kampar,Riau,1401,kode,Kampa; Bangkinang Kota,2,,,,0,0,False
879,,2025-11-13,2025,11,2025-11,1407,Rokan Hilir,Riau,1407,kode,Pujud,1,,,,0,0,False
880,,2025-11-11,2025,11,2025-11,1221,Padang Lawas,Sumatera Utara,1221,kode,Huta Raja Tinggi,1,,,,0,0,False
881,,2025-11-11,2025,11,2025-11,1401,Kampar,Riau,1401,kode,,0,,,,0,0,False
882,,2025-11-11,2025,11,2025-11,1408,Siak,Riau,1408,kode,Sungai Mandau,1,,,,0,0,False
883,,2025-11-11,2025,11,2025-11,1401,Kampar,Riau,1401,kode,XIII Koto Kamp,1,,,,0,0,False
884,,2025-11-10,2025,11,2025-11,1472,Kota Dumai,Riau,1472,kode,Dumai Timur,1,,,,0,0,False
885,,2025-11-10,2025,11,2025-11,1471,Kota Pekanbaru,Riau,1471,kode,Siak Hulu; Tenayan Raya; Payung Sekaki; Bina Widya,4,,,,0,0,False
886,,2025-11-09,2025,11,2025-11,1406,Rokan Hulu,Riau,1406,kode,Rambah,1,,,,0,0,False
887,,2025-11-09,2025,11,2025-11,1471,Kota Pekanbaru,Riau,1471,kode,,0,,,,0,0,False
888,,2025-11-09,2025,11,2025-11,1401,Kampar,Riau,1401,kode,"Salo,; Tambang",2,,,,0,0,False
889,,2025-11-08,2025,11,2025-11,1408,Siak,Riau,1408,kode,Tualang,1,,,,0,0,False
890,,2025-11-08,2025,11,2025-11,1404,Indragiri Hilir,Riau,1404,kode,Batang Tuaku,1,,,,0,0,False
891,,2025-11-08,2025,11,2025-11,1401,Kampar,Riau,1401,kode,Salo; Bangkinang Kota,2,,,,0,0,False
892,,2025-11-06,2025,11,2025-11,1406,Rokan Hulu,Riau,1406,kode,Rambah,1,,,,0,0,False
893,,2025-11-05,2025,11,2025-11,1404,Indragiri Hilir,Riau,1404,kode,Kempas,1,,,,0,0,False
894,,2025-11-05,2025,11,2025-11,1104,Aceh Tengah,Aceh,1104,kode,Atu Lintang,1,,,,0,0,False
895,,2025-11-02,2025,11,2025-11,1401,Kampar,Riau,1401,kode,Salo,1,,,,0,0,False
896,,2025-11-02,2025,11,2025-11,1408,Siak,Riau,1408,kode,Koto Gasib,1,,,,0,0,False
897,,2025-11-02,2025,11,2025-11,1277,Kota Padang Sidempuan,Sumatera Utara,1277,kode,Padang Sidempuan Selatan,1,,,,0,0,False
898,,2025-11-01,2025,11,2025-11,1173,Kota Lhokseumawe,Aceh,1173,kode,Muara Dua,1,,,,0,0,False
899,,2025-10-30,2025,10,2025-10,1401,Kampar,Riau,1401,kode,Bangkinang Kota,1,,,,0,0,False
900,,2025-10-30,2025,10,2025-10,1401,Kampar,Riau,1401,kode,Salo,1,,,,0,0,False
901,,2025-10-29,2025,10,2025-10,1401,Kampar,Riau,1401,kode,Koto,1,,,,0,0,False
902,,2025-10-29,2025,10,2025-10,1408,Siak,Riau,1408,kode,Kandis,1,,,,0,0,False
903,,2025-10-29,2025,10,2025-10,1110,Aceh Singkil,Aceh,1110,kode,Suro,1,,,,0,0,False
904,,2025-10-29,2025,10,2025-10,1104,Aceh Tengah,Aceh,1104,kode,Lut Tawar,1,,,,0,0,False
905,,2025-10-29,2025,10,2025-10,1201,Tapanuli Tengah,Sumatera Utara,1201,kode,Pandan,1,,,,0,0,False
906,,2025-10-29,2025,10,2025-10,1206,Karo,Sumatera Utara,1206,kode,Pengambaten,1,,,,0,0,False
907,,2025-10-28,2025,10,2025-10,1401,Kampar,Riau,1401,kode,Bangkinang; Salo,2,,,,0,0,False
908,,2025-10-28,2025,10,2025-10,1471,Kota Pekanbaru,Riau,1471,kode,,0,,,,0,0,False
909,,2025-10-28,2025,10,2025-10,1104,Aceh Tengah,Aceh,1104,kode,Kebayakan,1,,,,0,0,False
910,,2025-10-27,2025,10,2025-10,1104,Aceh Tengah,Aceh,1104,kode,Linge,1,,,,0,0,False
911,,2025-10-26,2025,10,2025-10,1401,Kampar,Riau,1401,kode,Kampar Kiri Hilir; XIII Koto Kampar,2,,,,0,0,False
912,,2025-10-26,2025,10,2025-10,1409,Kuantan Singingi,Riau,1409,kode,"Kuantan Hilir,",1,,,,0,0,False
913,,2025-10-20,2025,10,2025-10,1610,Ogan Ilir,Sumatera Selatan,1610,kode,,0,,,,0,0,False
914,,2025-10-16,2025,10,2025-10,6205,Barito Utara,Kalimantan Tengah,6205,kode,Teweh Baru,1,,,,0,0,False
915,,2025-10-15,2025,10,2025-10,7202,Poso,Sulawesi Tengah,7202,kode,Pamona Tenggara,1,,,,0,0,False
916,,2025-10-14,2025,10,2025-10,1610,Ogan Ilir,Sumatera Selatan,1610,kode,Muara Kuang,1,,,,0,0,False
917,,2025-10-14,2025,10,2025-10,3319,Kudus,Jawa Tengah,3319,kode,Jekulo,1,,,,0,0,False
918,,2025-10-14,2025,10,2025-10,6204,Barito Selatan,Kalimantan Tengah,6204,kode,Dusun Utara,1,,,,0,0,False
919,,2025-10-14,2025,10,2025-10,6205,Barito Utara,Kalimantan Tengah,6205,kode,Teweh Kecamatan Gunung Timang Kecamatan Lahei,1,,,,0,0,False
920,,2025-10-14,2025,10,2025-10,3319,Kudus,Jawa Tengah,3319,kode,Dawe,1,,,,0,0,False
921,,2025-10-14,2025,10,2025-10,6212,Murung Raya,Kalimantan Tengah,6212,kode,,0,,,,0,0,False
922,,2025-10-14,2025,10,2025-10,6204,Barito Selatan,Kalimantan Tengah,6204,kode,Dusun Hilir,1,,,,0,0,False
923,,2025-10-13,2025,10,2025-10,3512,Situbondo,Jawa Timur,3512,kode,Banyuputih,1,,,,0,0,False
924,,2025-10-13,2025,10,2025-10,3516,Mojokerto,Jawa Timur,3516,kode,Sooko,1,,,,0,0,False
925,,2025-10-12,2025,10,2025-10,6202,Kotawaringin Timur,Kalimantan Tengah,6202,kode,Mentawa,1,,,,0,0,False
926,,2025-10-12,2025,10,2025-10,3512,Situbondo,Jawa Timur,3512,kode,Panarukan,1,,,,0,0,False
927,,2025-10-10,2025,10,2025-10,3310,Klaten,Jawa Tengah,3310,kode,Ngawen,1,,,,0,0,False
928,,2025-10-08,2025,10,2025-10,6209,Lamandau,Kalimantan Tengah,6209,kode,,0,,,,0,0,False
929,,2025-10-07,2025,10,2025-10,1101,Aceh Selatan,Aceh,1101,kode,Tapaktuan,1,,,,0,0,False
930,,2025-10-06,2025,10,2025-10,1110,Aceh Singkil,Aceh,1110,kode,Kuta Baharu,1,,,,0,0,False
931,,2025-10-06,2025,10,2025-10,1105,Aceh Barat,Aceh,1105,kode,Johan Pahlawan.; Samatiga,2,,,,0,0,False
932,,2025-10-03,2025,10,2025-10,7315,Pinrang,Sulawesi Selatan,7315,kode,Suppa,1,,,,0,0,False
933,,2025-09-30,2025,9,2025-09,1106,Aceh Besar,Aceh,1106,kode,Lembah Seulawah Gp. Lamtamot,1,,,,0,0,False
934,,2025-09-28,2025,9,2025-09,3319,Kudus,Jawa Tengah,3319,kode,Bae,1,,,,0,0,False
935,,2025-09-28,2025,9,2025-09,3314,Sragen,Jawa Tengah,3314,kode,Gesi; Masaran,2,,,,0,0,False
936,,2025-09-28,2025,9,2025-09,1404,Indragiri Hilir,Riau,1404,kode,Tembilahan,1,,,,0,0,False
937,,2025-09-27,2025,9,2025-09,1603,Muara Enim,Sumatera Selatan,1603,kode,,0,,,,0,0,False
938,,2025-09-26,2025,9,2025-09,1106,Aceh Besar,Aceh,1106,kode,Kuta Baro,1,,,,0,0,False
939,,2025-09-26,2025,9,2025-09,1201,Tapanuli Tengah,Sumatera Utara,1201,kode,Sarudik,1,,,,0,0,False
940,,2025-09-26,2025,9,2025-09,1607,Banyuasin,Sumatera Selatan,1607,kode,Talang Kelapa,1,,,,0,0,False
941,,2025-09-26,2025,9,2025-09,1610,Ogan Ilir,Sumatera Selatan,1610,kode,Pemulutan barat,1,,,,0,0,False
942,,2025-09-25,2025,9,2025-09,1610,Ogan Ilir,Sumatera Selatan,1610,kode,Muara kuang,1,,,,0,0,False
943,,2025-09-25,2025,9,2025-09,1602,Ogan Komering Ilir,Sumatera Selatan,1602,kode,,0,,,,0,0,False
944,,2025-09-25,2025,9,2025-09,1408,Siak,Riau,1408,kode,Mempura,1,,,,0,0,False
945,,2025-09-25,2025,9,2025-09,1603,Muara Enim,Sumatera Selatan,1603,kode,,0,,,,0,0,False
946,,2025-09-24,2025,9,2025-09,1106,Aceh Besar,Aceh,1106,kode,,0,,,,0,0,False
947,,2025-09-23,2025,9,2025-09,1115,Nagan Raya,Aceh,1115,kode,Kuala Pesisir g,1,,,,0,0,False
948,,2025-09-23,2025,9,2025-09,1603,Muara Enim,Sumatera Selatan,1603,kode,,0,,,,0,0,False
949,,2025-09-23,2025,9,2025-09,3502,Ponorogo,Jawa Timur,3502,kode,Balong,1,,,,0,0,False
950,,2025-09-23,2025,9,2025-09,3517,Jombang,Jawa Timur,3517,kode,Jogoroto,1,,,,0,0,False
951,,2025-09-22,2025,9,2025-09,1603,Muara Enim,Sumatera Selatan,1603,kode,,0,,,,0,0,False
952,,2025-09-22,2025,9,2025-09,1404,Indragiri Hilir,Riau,1404,kode,Keritang,1,,,,0,0,False
953,,2025-09-22,2025,9,2025-09,1405,Pelalawan,Riau,1405,kode,Pelalawan,1,,,,0,0,False
954,,2025-09-22,2025,9,2025-09,1106,Aceh Besar,Aceh,1106,kode,Mesjid Raya,1,,,,0,0,False
955,,2025-09-21,2025,9,2025-09,1610,Ogan Ilir,Sumatera Selatan,1610,kode,Muara Kuang,1,,,,0,0,False
956,,2025-09-21,2025,9,2025-09,1105,Aceh Barat,Aceh,1105,kode,,0,,,,0,0,False
957,,2025-09-21,2025,9,2025-09,1610,Ogan Ilir,Sumatera Selatan,1610,kode,Tanjung Raja,1,,,,0,0,False
958,,2025-09-21,2025,9,2025-09,1610,Ogan Ilir,Sumatera Selatan,1610,kode,,0,,,,0,0,False
959,,2025-09-18,2025,9,2025-09,1106,Aceh Besar,Aceh,1106,kode,Lembah Seulawah,1,,,,0,0,False
960,,2025-09-17,2025,9,2025-09,1105,Aceh Barat,Aceh,1105,kode,Johan Pahlawan Gp. Suak Raya Gp. Leuhan Gp. Ujong Beurasok; Meureubo Gp. Ujong Tanoh; Arongan Lambalek Gp. Keub; Woyla Barat Gp. Napai; Samatiga Gp. Deuah,5,,,,0,0,False
961,,2025-09-17,2025,9,2025-09,1106,Aceh Besar,Aceh,1106,kode,,0,,,1.0,0,0,False
962,,2025-09-15,2025,9,2025-09,6310,Tanah Bumbu,Kalimantan Selatan,6310,kode,Kusan Tengah,1,,,,0,0,False
963,,2025-09-15,2025,9,2025-09,6211,Pulang Pisau,Kalimantan Tengah,6211,kode,,0,,,,0,0,False
964,,2025-09-14,2025,9,2025-09,3310,Klaten,Jawa Tengah,3310,kode,Bayat,1,,,,0,0,False
965,,2025-09-11,2025,9,2025-09,1471,Kota Pekanbaru,Riau,1471,kode,"Bukit Raya Jl. Uka Ujung, Perum Fatia RT.02/RW.10,; Bina Widya",2,,,,0,0,False
966,,2025-09-11,2025,9,2025-09,3516,Mojokerto,Jawa Timur,3516,kode,Kutorejo,1,,,,0,0,False
967,,2025-09-09,2025,9,2025-09,1106,Aceh Besar,Aceh,1106,kode,Montasik; Seulimum,2,,,,0,0,False
968,,2025-09-09,2025,9,2025-09,6203,Kapuas,Kalimantan Tengah,6203,kode,,0,,,,0,0,False
969,,2025-09-08,2025,9,2025-09,1220,Padang Lawas Utara,Sumatera Utara,1220,kode,Padang Bolak,1,,,,0,0,False
970,,2025-09-08,2025,9,2025-09,1106,Aceh Besar,Aceh,1106,kode,Kuta Cot Glie; Darul Imarah,2,,,,0,0,False
971,,2025-09-08,2025,9,2025-09,1610,Ogan Ilir,Sumatera Selatan,1610,kode,Pemulutan Barat,1,,,,0,0,False
972,,2025-09-08,2025,9,2025-09,1117,Bener Meriah,Aceh,1117,kode,Wih Pesam,1,,,,0,0,False
973,,2025-09-07,2025,9,2025-09,3502,Ponorogo,Jawa Timur,3502,kode,Sambit,1,,,,0,0,False
974,,2025-09-07,2025,9,2025-09,3314,Sragen,Jawa Tengah,3314,kode,Gemolong,1,,,,0,0,False
975,,2025-09-06,2025,9,2025-09,3314,Sragen,Jawa Tengah,3314,kode,Mondokan,1,,,,0,0,False
976,,2025-09-06,2025,9,2025-09,1610,Ogan Ilir,Sumatera Selatan,1610,kode,Pemulutan,1,,,,0,0,False
977,,2025-09-06,2025,9,2025-09,3322,Semarang,Jawa Tengah,3322,kode,Pringapus,1,,,,0,0,False
978,,2025-09-05,2025,9,2025-09,6205,Barito Utara,Kalimantan Tengah,6205,kode,Teweh Baru Kecamatan Lahei,1,,,,0,0,False
979,,2025-09-04,2025,9,2025-09,1106,Aceh Besar,Aceh,1106,kode,Lembah Seulawah,1,,,,0,0,False
980,,2025-09-03,2025,9,2025-09,6271,Kota Palangkaraya,Kalimantan Tengah,6271,kode,,0,,,,0,0,False
981,,2025-09-03,2025,9,2025-09,1220,Padang Lawas Utara,Sumatera Utara,1220,kode,Padang Bolak,1,,,,0,0,False
982,,2025-09-03,2025,9,2025-09,6271,Kota Palangkaraya,Kalimantan Tengah,6271,kode,Jekan Raya,1,,,,0,0,False
983,,2025-09-03,2025,9,2025-09,6271,Kota Palangkaraya,Kalimantan Tengah,6271,kode,,0,,,,0,0,False
984,,2025-09-03,2025,9,2025-09,6206,Katingan,Kalimantan Tengah,6206,kode,,0,,,,0,0,False
985,,2025-09-03,2025,9,2025-09,3672,Kota Cilegon,Banten,3672,kode,Purwakarta,1,,,,0,0,False
986,,2025-09-03,2025,9,2025-09,6271,Kota Palangkaraya,Kalimantan Tengah,6271,kode,,0,,,,0,0,False
987,,2025-09-03,2025,9,2025-09,6210,Gunung Mas,Kalimantan Tengah,6210,kode,,0,,,,0,0,False
988,,2025-09-03,2025,9,2025-09,6205,Barito Utara,Kalimantan Tengah,6205,kode,,0,,,,0,0,False
989,,2025-09-02,2025,9,2025-09,3314,Sragen,Jawa Tengah,3314,kode,Tangen,1,,,,0,0,False
990,,2025-09-02,2025,9,2025-09,3516,Mojokerto,Jawa Timur,3516,kode,Bangsal,1,,,,0,0,False
991,,2025-09-02,2025,9,2025-09,3508,Lumajang,Jawa Timur,3508,kode,Padang,1,,,,0,0,False
992,,2025-09-02,2025,9,2025-09,1106,Aceh Besar,Aceh,1106,kode,Kuta Baro,1,,,,0,0,False
993,,2025-09-02,2025,9,2025-09,7373,Kota Palopo,Sulawesi Selatan,7373,kode,Wara Barat,1,,,,0,0,False
994,,2025-09-01,2025,9,2025-09,5208,Lombok Utara,Nusa Tenggara Barat,5208,kode,Bayan,1,,,,0,0,False
995,,2025-09-01,2025,9,2025-09,3512,Situbondo,Jawa Timur,3512,kode,Situbondo,1,,,,0,0,False
996,,2025-09-01,2025,9,2025-09,1220,Padang Lawas Utara,Sumatera Utara,1220,kode,Padang Bolak,1,,,,0,0,False
997,,2025-09-01,2025,9,2025-09,1106,Aceh Besar,Aceh,1106,kode,Kuta Cot Glie,1,,,,0,0,False
998,,2025-08-31,2025,8,2025-08,1306,Agam,Sumatera Barat,1306,kode,Baso,1,,,,0,0,False
999,,2025-08-31,2025,8,2025-08,3310,Klaten,Jawa Tengah,3310,kode,Pedan; Bayat,2,,,,0,0,False
1000,,2025-08-30,2025,8,2025-08,1402,Indragiri Hulu,Riau,1402,kode,Pasir Penyu,1,,,,0,0,False
1001,,2025-08-30,2025,8,2025-08,1106,Aceh Besar,Aceh,1106,kode,Blang Bintang,1,,,,0,0,False
1002,,2025-08-30,2025,8,2025-08,1106,Aceh Besar,Aceh,1106,kode,Blang Bintang; Kuta Baro; Kuta Cot Glie,3,,,,0,0,False
1003,,2025-08-30,2025,8,2025-08,3314,Sragen,Jawa Tengah,3314,kode,Sambungmacan,1,,,,0,0,False
1004,,2025-08-30,2025,8,2025-08,1208,Simalungun,Sumatera Utara,1208,kode,Pematang Silimahuta; Pematang Sidamanik,2,,,,0,0,False
1005,,2025-08-30,2025,8,2025-08,1402,Indragiri Hulu,Riau,1402,kode,Rakit Kulim,1,,,,0,0,False
1006,,2025-08-29,2025,8,2025-08,1408,Siak,Riau,1408,kode,Tualang,1,,,,0,0,False
1007,,2025-08-29,2025,8,2025-08,1408,Siak,Riau,1408,kode,Pusako,1,,,,0,0,False
1008,,2025-08-29,2025,8,2025-08,1402,Indragiri Hulu,Riau,1402,kode,Kuala Cenaku,1,,,,0,0,False
1009,,2025-08-28,2025,8,2025-08,1401,Kampar,Riau,1401,kode,Tapung,1,,,,0,0,False
1010,,2025-08-28,2025,8,2025-08,1408,Siak,Riau,1408,kode,Bunga Raya,1,,,,0,0,False
1011,,2025-08-28,2025,8,2025-08,1610,Ogan Ilir,Sumatera Selatan,1610,kode,Indralaya Utara,1,,,,0,0,False
1012,,2025-08-27,2025,8,2025-08,1220,Padang Lawas Utara,Sumatera Utara,1220,kode,Padang Bolak,1,,,,0,0,False
1013,,2025-08-27,2025,8,2025-08,1610,Ogan Ilir,Sumatera Selatan,1610,kode,Indralaya Utara,1,,,,0,0,False
1014,,2025-08-27,2025,8,2025-08,1610,Ogan Ilir,Sumatera Selatan,1610,kode,Indralaya Utara,1,,,,0,0,True
1015,,2025-08-27,2025,8,2025-08,1110,Aceh Singkil,Aceh,1110,kode,Gunung Meriah,1,,,,0,0,False
1016,,2025-08-26,2025,8,2025-08,1208,Simalungun,Sumatera Utara,1208,kode,Dolok Pardamean,1,,,,0,0,False
1017,,2025-08-26,2025,8,2025-08,1307,Lima Puluh Kota,Sumatera Barat,1307,kode,Guguak,1,,,,0,0,False
1018,,2025-08-26,2025,8,2025-08,1106,Aceh Besar,Aceh,1106,kode,Kuta Cot Glie Gp. Pakuk; Kuta Baro Gp. Cucum,2,,,,0,0,False
1019,,2025-08-26,2025,8,2025-08,1472,Kota Dumai,Riau,1472,kode,Sungai Sembilan,1,,,,0,0,False
1020,,2025-08-26,2025,8,2025-08,3512,Situbondo,Jawa Timur,3512,kode,Kendit,1,,,,0,0,False
1021,,2025-08-25,2025,8,2025-08,3314,Sragen,Jawa Tengah,3314,kode,Tangen,1,,,,0,0,False
1022,,2025-08-25,2025,8,2025-08,1403,Bengkalis,Riau,1403,kode,,0,,,,0,0,False
1023,,2025-08-25,2025,8,2025-08,1304,Tanah Datar,Sumatera Barat,1304,kode,Tanjung Emas,1,,,,0,0,False
1024,,2025-08-25,2025,8,2025-08,1307,Lima Puluh Kota,Sumatera Barat,1307,kode,Harau,1,,,,0,0,False
1025,,2025-08-24,2025,8,2025-08,1117,Bener Meriah,Aceh,1117,kode,Kuala Pesisir,1,,,,0,0,False
1026,,2025-08-24,2025,8,2025-08,1307,Lima Puluh Kota,Sumatera Barat,1307,kode,Payakumbuh,1,,,,0,0,False
1027,,2025-08-24,2025,8,2025-08,1403,Bengkalis,Riau,1403,kode,Rupat,1,,,,0,0,False
1028,,2025-08-23,2025,8,2025-08,1220,Padang Lawas Utara,Sumatera Utara,1220,kode,Halongonan,1,,,,0,0,False
1029,,2025-08-23,2025,8,2025-08,1102,Aceh Tenggara,Aceh,1102,kode,Babussalam,1,,,,0,0,False
1030,,2025-08-23,2025,8,2025-08,1401,Kampar,Riau,1401,kode,Salo,1,,,,0,0,False
1031,,2025-08-23,2025,8,2025-08,1407,Rokan Hilir,Riau,1407,kode,Tanah Putih Tanjung Melawan,1,,,,0,0,False
1032,,2025-08-22,2025,8,2025-08,1408,Siak,Riau,1408,kode,Sungai Apit; Kandis,2,,,,0,0,False
1033,,2025-08-22,2025,8,2025-08,1401,Kampar,Riau,1401,kode,Salo,1,,,,0,0,False
1034,,2025-08-22,2025,8,2025-08,1401,Kampar,Riau,1401,kode,Kampar,1,,,,0,0,False
1035,,2025-08-22,2025,8,2025-08,1213,Mandailing Natal,Sumatera Utara,1213,kode,Panyabungan,1,,,,0,0,False
1036,,2025-08-22,2025,8,2025-08,1110,Aceh Singkil,Aceh,1110,kode,Simpang Kanan; Suro,2,,,,0,0,False
1037,,2025-08-22,2025,8,2025-08,1304,Tanah Datar,Sumatera Barat,1304,kode,Rambatan; Sungai Tarab,2,,,,0,0,False
1038,,2025-08-22,2025,8,2025-08,1220,Padang Lawas Utara,Sumatera Utara,1220,kode,Padang Bolak,1,,,,0,0,False
1039,,2025-08-22,2025,8,2025-08,1401,Kampar,Riau,1401,kode,"Tambang; Salo ,; Kampar",3,,,,0,0,False
1040,,2025-08-21,2025,8,2025-08,1110,Aceh Singkil,Aceh,1110,kode,Singkil Utara,1,,,,0,0,False
1041,,2025-08-21,2025,8,2025-08,1304,Tanah Datar,Sumatera Barat,1304,kode,Rambatan,1,,,,0,0,False
1042,,2025-08-21,2025,8,2025-08,1201,Tapanuli Tengah,Sumatera Utara,1201,kode,Sarudik,1,,,,0,0,False
1043,,2025-08-20,2025,8,2025-08,1405,Pelalawan,Riau,1405,kode,Langgam,1,,,,0,0,False
1044,,2025-08-20,2025,8,2025-08,1304,Tanah Datar,Sumatera Barat,1304,kode,Lima Kaum,1,,,,0,0,False
1045,,2025-08-20,2025,8,2025-08,1472,Kota Dumai,Riau,1472,kode,Medang Kampai,1,,,,0,0,False
1046,,2025-08-19,2025,8,2025-08,6203,Kapuas,Kalimantan Tengah,6203,kode,Kapuas Murung,1,,,,0,0,False
1047,,2025-08-19,2025,8,2025-08,6204,Barito Selatan,Kalimantan Tengah,6204,kode,Dusun Hilir,1,,,,0,0,False
1048,,2025-08-19,2025,8,2025-08,1101,Aceh Selatan,Aceh,1101,kode,Bakongan,1,,,,0,0,False
1049,,2025-08-19,2025,8,2025-08,1301,Pesisir Selatan,Sumatera Barat,1301,kode,Bayang; Batang Kapas,2,,,,0,0,False
1050,,2025-08-19,2025,8,2025-08,1273,Kota Sibolga,Sumatera Utara,1273,kode,Sibolga Utara; Sibolga Selatan,2,,,,0,0,False
1051,,2025-08-19,2025,8,2025-08,1220,Padang Lawas Utara,Sumatera Utara,1220,kode,Padang Bolak,1,,,,0,0,False
1052,,2025-08-19,2025,8,2025-08,1302,Solok,Sumatera Barat,1302,kode,X Koto Singkarak; Gunung Talang,2,,,,0,0,False
1053,,2025-08-18,2025,8,2025-08,1105,Aceh Barat,Aceh,1105,kode,Kaway XVI; Arongan Lambalek,2,,,,0,0,False
1054,,2025-08-18,2025,8,2025-08,1101,Aceh Selatan,Aceh,1101,kode,Sawang,1,,,,0,0,False
1055,,2025-08-18,2025,8,2025-08,1202,Tapanuli Utara,Sumatera Utara,1202,kode,Pagaran,1,,,,0,0,False
1056,,2025-08-17,2025,8,2025-08,1220,Padang Lawas Utara,Sumatera Utara,1220,kode,Portibi,1,,,,0,0,False
1057,,2025-08-17,2025,8,2025-08,1211,Dairi,Sumatera Utara,1211,kode,Silahisabungan,1,,,,0,0,False
1058,,2025-08-17,2025,8,2025-08,1220,Padang Lawas Utara,Sumatera Utara,1220,kode,Portibi,1,,,,0,0,True
1059,,2025-08-17,2025,8,2025-08,3311,Sukoharjo,Jawa Tengah,3311,kode,Tawangsari,1,,,,0,0,False
1060,,2025-08-17,2025,8,2025-08,1112,Aceh Barat Daya,Aceh,1112,kode,Babahrot,1,,,,0,0,False
1061,,2025-08-16,2025,8,2025-08,1401,Kampar,Riau,1401,kode,Bangkinang,1,,,,0,0,False
1062,,2025-08-16,2025,8,2025-08,1610,Ogan Ilir,Sumatera Selatan,1610,kode,Indralaya Utara,1,,,,0,0,False
1063,,2025-08-16,2025,8,2025-08,1220,Padang Lawas Utara,Sumatera Utara,1220,kode,Padang Bolak,1,,,,0,0,False
1064,,2025-08-16,2025,8,2025-08,3512,Situbondo,Jawa Timur,3512,kode,Panarukan,1,,,,0,0,False
1065,,2025-08-16,2025,8,2025-08,1401,Kampar,Riau,1401,kode,Salo,1,,,,0,0,False
1066,,2025-08-15,2025,8,2025-08,1105,Aceh Barat,Aceh,1105,kode,Bubon,1,,,,0,0,False
1067,,2025-08-14,2025,8,2025-08,1304,Tanah Datar,Sumatera Barat,1304,kode,Tanjung Emas,1,,,,0,0,False
1068,,2025-08-14,2025,8,2025-08,1206,Karo,Sumatera Utara,1206,kode,Merek,1,,,,0,0,False
1069,,2025-08-14,2025,8,2025-08,3513,Probolinggo,Jawa Timur,3513,kode,Tegal Siwalan,1,,,,0,0,False
1070,,2025-08-14,2025,8,2025-08,6211,Pulang Pisau,Kalimantan Tengah,6211,kode,,0,,,,0,0,False
1071,,2025-08-14,2025,8,2025-08,6211,Pulang Pisau,Kalimantan Tengah,6211,kode,Kahayan Tengah.,1,,,,0,0,False
1072,,2025-08-13,2025,8,2025-08,1220,Padang Lawas Utara,Sumatera Utara,1220,kode,Padang bolak Julu,1,,,,0,0,False
1073,,2025-08-13,2025,8,2025-08,1401,Kampar,Riau,1401,kode,Tambang,1,,,,0,0,False
1074,,2025-08-13,2025,8,2025-08,1304,Tanah Datar,Sumatera Barat,1304,kode,Rambatan,1,,,,0,0,False
1075,,2025-08-13,2025,8,2025-08,1304,Tanah Datar,Sumatera Barat,1304,kode,Rambatan,1,,,,0,0,True
1076,,2025-08-12,2025,8,2025-08,1610,Ogan Ilir,Sumatera Selatan,1610,kode,Pemulutan Barat,1,,,,0,0,False
1077,,2025-08-12,2025,8,2025-08,1610,Ogan Ilir,Sumatera Selatan,1610,kode,Muara Kuang,1,,,,0,0,False
1078,,2025-08-12,2025,8,2025-08,1106,Aceh Besar,Aceh,1106,kode,Lembah Seulawah,1,,,,0,0,False
1079,,2025-08-12,2025,8,2025-08,1220,Padang Lawas Utara,Sumatera Utara,1220,kode,Padang Bolak,1,,,,0,0,False
1080,,2025-08-09,2025,8,2025-08,1610,Ogan Ilir,Sumatera Selatan,1610,kode,Tanjung Batu,1,,,,0,0,False
1081,,2025-08-09,2025,8,2025-08,1610,Ogan Ilir,Sumatera Selatan,1610,kode,Indralaya,1,,,,0,0,False
1082,,2025-08-09,2025,8,2025-08,3512,Situbondo,Jawa Timur,3512,kode,Panarukan,1,,,,0,0,False
1083,,2025-08-09,2025,8,2025-08,1610,Ogan Ilir,Sumatera Selatan,1610,kode,Indralaya,1,,,,0,0,False
1084,,2025-08-08,2025,8,2025-08,1472,Kota Dumai,Riau,1472,kode,Medang Kampai,1,,,,0,0,False
1085,,2025-08-08,2025,8,2025-08,1603,Muara Enim,Sumatera Selatan,1603,kode,,0,,,,0,0,False
1086,,2025-08-08,2025,8,2025-08,1603,Muara Enim,Sumatera Selatan,1603,kode,,0,,,,0,0,False
1087,,2025-08-06,2025,8,2025-08,1503,Sarolangun,Jambi,1503,kode,"Bathin VIII  Batu Ampar,",1,,,,0,0,False
1088,,2025-08-05,2025,8,2025-08,1405,Pelalawan,Riau,1405,kode,Teluk Meranti,1,,,,0,0,False
1089,,2025-08-05,2025,8,2025-08,1401,Kampar,Riau,1401,kode,Kuok,1,,,,0,0,False
1090,,2025-08-05,2025,8,2025-08,1472,Kota Dumai,Riau,1472,kode,Medang Kampai,1,,,,0,0,False
1091,,2025-08-05,2025,8,2025-08,6501,Bulungan,Kalimantan Utara,6501,kode,Tg. Selor,1,,,,0,0,False
1092,,2025-08-04,2025,8,2025-08,6501,Bulungan,Kalimantan Utara,6501,kode,Tg. Selor,1,,,,0,0,False
1093,,2025-08-04,2025,8,2025-08,1117,Bener Meriah,Aceh,1117,kode,,0,,,,0,0,False
1094,,2025-08-04,2025,8,2025-08,6201,Kotawaringin Barat,Kalimantan Tengah,6201,kode,,0,,,,0,0,False
1095,,2025-08-04,2025,8,2025-08,1207,Deli Serdang,Sumatera Utara,1207,kode,STM Hulu,1,,,,0,0,False
1096,,2025-08-03,2025,8,2025-08,6408,Kutai Timur,Kalimantan Timur,6408,kode,Bengalon,1,,,,0,0,False
1097,,2025-08-03,2025,8,2025-08,3310,Klaten,Jawa Tengah,3310,kode,Klaten Selatan; Wonosari; Polanharjo,3,,,,0,0,False
1098,,2025-08-03,2025,8,2025-08,6212,Murung Raya,Kalimantan Tengah,6212,kode,,0,,,,0,0,False
1099,,2025-08-03,2025,8,2025-08,6501,Bulungan,Kalimantan Utara,6501,kode,Tg. Palas Timur,1,,,,0,0,False
1100,,2025-08-03,2025,8,2025-08,1302,Solok,Sumatera Barat,1302,kode,Junjung sirih Nagari Muaro Pingai; X Koto Singkarak Nagari Kacang; Kubung Nagari Gaung; X Koto Diatas Nagari Paninjauan,4,,,,0,0,False
1101,,2025-08-03,2025,8,2025-08,1212,Toba,Sumatera Utara,1212,kode,Tampahan,1,,,,0,0,False
1102,,2025-08-03,2025,8,2025-08,6206,Katingan,Kalimantan Tengah,6206,kode,,0,,,,0,0,False
1103,,2025-08-03,2025,8,2025-08,6201,Kotawaringin Barat,Kalimantan Tengah,6201,kode,,0,,,,0,0,False
1104,,2025-08-03,2025,8,2025-08,1503,Sarolangun,Jambi,1503,kode,"Bathin VIII  3.Desa Teluk Kecimbung,; Bathin VIII 4.Batu Ampar,",2,,,,0,0,False
1105,,2025-08-02,2025,8,2025-08,1401,Kampar,Riau,1401,kode,Salo,1,,,,0,0,False
1106,,2025-08-02,2025,8,2025-08,6202,Kotawaringin Timur,Kalimantan Tengah,6202,kode,Baamang,1,,,,0,0,False
1107,,2025-08-02,2025,8,2025-08,1405,Pelalawan,Riau,1405,kode,Pelalawan,1,,,,0,0,False
1108,,2025-08-02,2025,8,2025-08,6202,Kotawaringin Timur,Kalimantan Tengah,6202,kode,,0,,,,0,0,False
1109,,2025-08-02,2025,8,2025-08,3311,Sukoharjo,Jawa Tengah,3311,kode,Gatak,1,,,,0,0,False
1110,,2025-08-02,2025,8,2025-08,6210,Gunung Mas,Kalimantan Tengah,6210,kode,,0,,,,0,0,False
1111,,2025-08-02,2025,8,2025-08,6206,Katingan,Kalimantan Tengah,6206,kode,,0,,,,0,0,False
1112,,2025-08-02,2025,8,2025-08,6205,Barito Utara,Kalimantan Tengah,6205,kode,Gunung Timang,1,,,,0,0,False
1113,,2025-08-02,2025,8,2025-08,6205,Barito Utara,Kalimantan Tengah,6205,kode,Lahei,1,,,,0,0,False
1114,,2025-08-02,2025,8,2025-08,6205,Barito Utara,Kalimantan Tengah,6205,kode,,0,,,,0,0,False
1115,,2025-08-02,2025,8,2025-08,1408,Siak,Riau,1408,kode,Kandis,1,,,,0,0,False
1116,,2025-08-02,2025,8,2025-08,1408,Siak,Riau,1408,kode,Koto Gasib,1,,,,0,0,False
1117,,2025-08-02,2025,8,2025-08,1408,Siak,Riau,1408,kode,Siak,1,,,,0,0,False
1118,,2025-08-02,2025,8,2025-08,1403,Bengkalis,Riau,1403,kode,Talang Muandau,1,,,,0,0,False
1119,,2025-08-02,2025,8,2025-08,1403,Bengkalis,Riau,1403,kode,Mandau,1,,,,0,0,False
1120,,2025-08-02,2025,8,2025-08,1401,Kampar,Riau,1401,kode,Bangkinang Kota,1,,,,0,0,False
1121,,2025-08-01,2025,8,2025-08,1401,Kampar,Riau,1401,kode,XIII Koto Kampar,1,,,,0,0,False
1122,,2025-08-01,2025,8,2025-08,1208,Simalungun,Sumatera Utara,1208,kode,Haranggaol Horison Kelurahan Haranggaol.,1,,,,0,0,False
1123,,2025-08-01,2025,8,2025-08,1308,Pasaman,Sumatera Barat,1308,kode,Rao Selatan  Nagari Lubuak Layang,1,,,,0,0,False
1124,,2025-08-01,2025,8,2025-08,1403,Bengkalis,Riau,1403,kode,Rupat,1,,,,0,0,False
1125,,2025-08-01,2025,8,2025-08,1401,Kampar,Riau,1401,kode,XIII Koto Kampar,1,,,,0,0,False
1126,,2025-08-01,2025,8,2025-08,1403,Bengkalis,Riau,1403,kode,Bukit Batu,1,,,,0,0,False
1127,,2025-07-31,2025,7,2025-07,6203,Kapuas,Kalimantan Tengah,6203,kode,,0,,,,0,0,False
1128,,2025-07-31,2025,7,2025-07,1408,Siak,Riau,1408,kode,Mempura,1,,,,0,0,False
1129,,2025-07-31,2025,7,2025-07,1403,Bengkalis,Riau,1403,kode,Mandau,1,,,,0,0,False
1130,,2025-07-31,2025,7,2025-07,1405,Pelalawan,Riau,1405,kode,Teluk Meranti,1,,,,0,0,False
1131,,2025-07-31,2025,7,2025-07,6101,Sambas,Kalimantan Barat,6101,kode,,0,,1.0,,0,0,False
1132,,2025-07-31,2025,7,2025-07,6271,Kota Palangkaraya,Kalimantan Tengah,6271,kode,,0,,,,0,0,False
1133,,2025-07-31,2025,7,2025-07,1201,Tapanuli Tengah,Sumatera Utara,1201,kode,Kolang,1,,,,0,0,False
1134,,2025-07-31,2025,7,2025-07,6271,Kota Palangkaraya,Kalimantan Tengah,6271,kode,Jekan Raya,1,,,,0,0,False
1135,,2025-07-31,2025,7,2025-07,6271,Kota Palangkaraya,Kalimantan Tengah,6271,kode,,0,,,,0,0,False
1136,,2025-07-31,2025,7,2025-07,6271,Kota Palangkaraya,Kalimantan Tengah,6271,kode,Jekan Raya,1,,,,0,0,False
1137,,2025-07-31,2025,7,2025-07,6271,Kota Palangkaraya,Kalimantan Tengah,6271,kode,,0,,,,0,0,False
1138,,2025-07-31,2025,7,2025-07,1401,Kampar,Riau,1401,kode,"Kampa, Kab. Kampar seluas ±6,05 ha -Bertambah di; Tambang, Kab. Kampar meluas ±18 ha dari ±8 ha",2,,,,0,0,False
1139,,2025-07-31,2025,7,2025-07,1403,Bengkalis,Riau,1403,kode,Rupat,1,,,,0,0,False
1140,,2025-07-31,2025,7,2025-07,6271,Kota Palangkaraya,Kalimantan Tengah,6271,kode,Jekan Raya,1,,,,0,0,False
1141,,2025-07-31,2025,7,2025-07,6208,Sukamara,Kalimantan Tengah,6208,kode,Pantai Lunci,1,,,,0,0,False
1142,,2025-07-31,2025,7,2025-07,6208,Sukamara,Kalimantan Tengah,6208,kode,,0,,,,0,0,False
1143,,2025-07-31,2025,7,2025-07,6501,Bulungan,Kalimantan Utara,6501,kode,Tanjung Palas Timur,1,,,,0,0,False
1144,,2025-07-31,2025,7,2025-07,6271,Kota Palangkaraya,Kalimantan Tengah,6271,kode,,0,,,,0,0,False
1145,,2025-07-30,2025,7,2025-07,1407,Rokan Hilir,Riau,1407,kode,Kubu Babussalam,1,,,,0,0,False
1146,,2025-07-30,2025,7,2025-07,6571,Kota Tarakan,Kalimantan Utara,6571,kode,Tarakan Timur,1,,,,0,0,False
1147,,2025-07-30,2025,7,2025-07,6372,Kota Banjarbaru,Kalimantan Selatan,6372,kode,Liang Anggang; Cempaka,2,,,,0,0,False
1148,,2025-07-30,2025,7,2025-07,6409,Penajam Paser Utara,Kalimantan Timur,6409,kode,,0,,,,0,0,False
1149,,2025-07-30,2025,7,2025-07,1403,Bengkalis,Riau,1403,kode,Mandau,1,,,,0,0,False
1150,,2025-07-30,2025,7,2025-07,1407,Rokan Hilir,Riau,1407,kode,"Simpang Kanan Dsn. Lidah Tanah RT.23/RW.08, Kep. Sungai Daun,; Pasir Limau",2,,,,0,0,False
1151,,2025-07-30,2025,7,2025-07,6208,Sukamara,Kalimantan Tengah,6208,kode,Pantai Luci,1,,,,0,0,False
1152,,2025-07-29,2025,7,2025-07,1402,Indragiri Hulu,Riau,1402,kode,Batang Gangsal,1,,,,0,0,False
1153,,2025-07-29,2025,7,2025-07,6206,Katingan,Kalimantan Tengah,6206,kode,,0,,,,0,0,False
1154,,2025-07-29,2025,7,2025-07,6211,Pulang Pisau,Kalimantan Tengah,6211,kode,,0,,,,0,0,False
1155,,2025-07-29,2025,7,2025-07,6202,Kotawaringin Timur,Kalimantan Tengah,6202,kode,,0,,,,0,0,False
1156,,2025-07-29,2025,7,2025-07,6207,Seruyan,Kalimantan Tengah,6207,kode,,0,,,,0,0,False
1157,,2025-07-29,2025,7,2025-07,6204,Barito Selatan,Kalimantan Tengah,6204,kode,,0,,,,0,0,False
1158,,2025-07-29,2025,7,2025-07,6209,Lamandau,Kalimantan Tengah,6209,kode,Bulik,1,,,,0,0,False
1159,,2025-07-29,2025,7,2025-07,6202,Kotawaringin Timur,Kalimantan Tengah,6202,kode,,0,,,,0,0,False
1160,,2025-07-29,2025,7,2025-07,6206,Katingan,Kalimantan Tengah,6206,kode,,0,,,,0,0,True
1161,,2025-07-29,2025,7,2025-07,6202,Kotawaringin Timur,Kalimantan Tengah,6202,kode,,0,,,,0,0,False
1162,,2025-07-29,2025,7,2025-07,6202,Kotawaringin Timur,Kalimantan Tengah,6202,kode,: Mentawa Baru Ketapang,1,,,,0,0,False
1163,,2025-07-29,2025,7,2025-07,1401,Kampar,Riau,1401,kode,Salo,1,,,,0,0,False
1164,,2025-07-29,2025,7,2025-07,1401,Kampar,Riau,1401,kode,Salo,1,,,,0,0,False
1165,,2025-07-29,2025,7,2025-07,1407,Rokan Hilir,Riau,1407,kode,Bangko Pusako,1,,,,0,0,False
1166,,2025-07-29,2025,7,2025-07,6201,Kotawaringin Barat,Kalimantan Tengah,6201,kode,"Kumai, Kab. Kotawaringin Barat",1,,,,0,0,False
1167,,2025-07-28,2025,7,2025-07,1102,Aceh Tenggara,Aceh,1102,kode,,0,,,,0,0,False
1168,,2025-07-28,2025,7,2025-07,6104,Ketapang,Kalimantan Barat,6104,kode,Matan Hilir Utara,1,,,,0,0,False
1169,,2025-07-28,2025,7,2025-07,1402,Indragiri Hulu,Riau,1402,kode,Batang Gangsal,1,,,,0,0,False
1170,,2025-07-27,2025,7,2025-07,3310,Klaten,Jawa Tengah,3310,kode,Juwiring; Pedan,2,,,,0,0,False
1171,,2025-07-27,2025,7,2025-07,1505,Muaro Jambi,Jambi,1505,kode,Sungai Gelam,1,,,,0,0,False
1172,,2025-07-27,2025,7,2025-07,1502,Merangin,Jambi,1502,kode,Bangko,1,,,,0,0,False
1173,,2025-07-27,2025,7,2025-07,1503,Sarolangun,Jambi,1503,kode,Cermin Nan Gedang,1,,,,0,0,False
1174,,2025-07-27,2025,7,2025-07,1506,Tanjung Jabung Barat,Jambi,1506,kode,Betara -Kel. Bram Itam Kiri Rt.05 Parit 07; Bram Itam -Kel. Tungkal Ilir; Tungkal Ilir,3,,,,0,0,False
1175,,2025-07-27,2025,7,2025-07,1504,Batanghari,Jambi,1504,kode,Muara Bulian; Muara Tembesi; Bathin XXIV; Bajubang,4,,,,0,0,False
1176,,2025-07-27,2025,7,2025-07,1508,Bungo,Jambi,1508,kode,Pelepat Ilir,1,,,,0,0,False
1177,,2025-07-27,2025,7,2025-07,1405,Pelalawan,Riau,1405,kode,Teluk Meranti,1,,,,0,0,False
1178,,2025-07-27,2025,7,2025-07,1509,Tebo,Jambi,1509,kode,,0,,,,0,0,False
1179,,2025-07-27,2025,7,2025-07,1606,Musi Banyuasin,Sumatera Selatan,1606,kode,Bayung lencir,1,,,,0,0,False
1180,,2025-07-26,2025,7,2025-07,1610,Ogan Ilir,Sumatera Selatan,1610,kode,Pemulutan,1,,,,0,0,False
1181,,2025-07-26,2025,7,2025-07,1405,Pelalawan,Riau,1405,kode,,0,,,,0,0,False
1182,,2025-07-26,2025,7,2025-07,1610,Ogan Ilir,Sumatera Selatan,1610,kode,Indralaya Utara,1,,,,0,0,False
1183,,2025-07-26,2025,7,2025-07,1610,Ogan Ilir,Sumatera Selatan,1610,kode,Tanjung Raja,1,,,,0,0,False
1184,,2025-07-26,2025,7,2025-07,1708,Kepahiang,Bengkulu,1708,kode,Bermani Ilir,1,,,,0,0,False
1185,,2025-07-26,2025,7,2025-07,1603,Muara Enim,Sumatera Selatan,1603,kode,,0,,,,0,0,False
1186,,2025-07-26,2025,7,2025-07,1603,Muara Enim,Sumatera Selatan,1603,kode,,0,,,,0,0,False
1187,,2025-07-25,2025,7,2025-07,6403,Berau,Kalimantan Timur,6403,kode,Teluk Bayur,1,,,,0,0,False
1188,,2025-07-25,2025,7,2025-07,1404,Indragiri Hilir,Riau,1404,kode,Kempas,1,,,,0,0,False
1189,,2025-07-25,2025,7,2025-07,1405,Pelalawan,Riau,1405,kode,,0,,,,0,0,False
1190,,2025-07-25,2025,7,2025-07,1407,Rokan Hilir,Riau,1407,kode,,0,,,,0,0,False
1191,,2025-07-25,2025,7,2025-07,1471,Kota Pekanbaru,Riau,1471,kode,,0,,,,0,0,False
1192,,2025-07-25,2025,7,2025-07,1304,Tanah Datar,Sumatera Barat,1304,kode,Rambatan,1,,,,0,0,False
1193,,2025-07-25,2025,7,2025-07,6501,Bulungan,Kalimantan Utara,6501,kode,Tanjung Selor,1,,,,0,0,False
1194,,2025-07-25,2025,7,2025-07,1906,Belitung Timur,Kepulauan Bangka Belitung,1906,kode,Kelapa Kampit; Simpang Pesak,2,,,,0,0,False
1195,,2025-07-25,2025,7,2025-07,1406,Rokan Hulu,Riau,1406,kode,Rambah,1,,,,0,0,False
1196,,2025-07-24,2025,7,2025-07,6306,Hulu Sungai Selatan,Kalimantan Selatan,6306,kode,,0,,,,0,0,False
1197,,2025-07-24,2025,7,2025-07,7101,Bolaang Mongondow,Sulawesi Utara,7101,kode,Lolak,1,,,,0,0,False
1198,,2025-07-24,2025,7,2025-07,6503,Nunukan,Kalimantan Utara,6503,kode,Krayan; Krayan Barat,2,,,,0,0,False
1199,,2025-07-23,2025,7,2025-07,6211,Pulang Pisau,Kalimantan Tengah,6211,kode,,0,,,,0,0,False
1200,,2025-07-23,2025,7,2025-07,6208,Sukamara,Kalimantan Tengah,6208,kode,,0,,,,0,0,False
1201,,2025-07-23,2025,7,2025-07,1406,Rokan Hulu,Riau,1406,kode,Rambah,1,,,,0,0,False
1202,,2025-07-23,2025,7,2025-07,1406,Rokan Hulu,Riau,1406,kode,Rambah,1,,,,0,0,True
1203,,2025-07-23,2025,7,2025-07,1408,Siak,Riau,1408,kode,Sungai Apit,1,,,,0,0,False
1204,,2025-07-23,2025,7,2025-07,1302,Solok,Sumatera Barat,1302,kode,IX Koto Sungai Lasi Nagari Guguak Sarai; Payung Sekaki Nagari Supayang; Kubung Nagari Koto Baru Nagari  Gauang Nagari Tj Bingkung; Bukit Sundi Nagari Muaro Paneh; X Koto Singkarak Nagari Aripan; Junjung  Sirih Nagari Paninggahan,6,,,,0,0,False
1205,,2025-07-23,2025,7,2025-07,1208,Simalungun,Sumatera Utara,1208,kode,Girsang Sipangan Bolong,1,,,,0,0,False
1206,,2025-07-23,2025,7,2025-07,3517,Jombang,Jawa Timur,3517,kode,Sumobito,1,,,,0,0,False
1207,,2025-07-23,2025,7,2025-07,1406,Rokan Hulu,Riau,1406,kode,Rambah,1,,,,0,0,True
1208,,2025-07-23,2025,7,2025-07,1405,Pelalawan,Riau,1405,kode,Teluk Meranti,1,,,,0,0,False
1209,,2025-07-23,2025,7,2025-07,1405,Pelalawan,Riau,1405,kode,,0,,,,0,0,False
1210,,2025-07-23,2025,7,2025-07,1408,Siak,Riau,1408,kode,Dayun,1,,,,0,0,False
1211,,2025-07-23,2025,7,2025-07,1408,Siak,Riau,1408,kode,Kandis,1,,,,0,0,False
1212,,2025-07-23,2025,7,2025-07,6271,Kota Palangkaraya,Kalimantan Tengah,6271,kode,,0,,,,0,0,False
1213,,2025-07-22,2025,7,2025-07,1407,Rokan Hilir,Riau,1407,kode,Bangko,1,,,,0,0,False
1214,,2025-07-22,2025,7,2025-07,1372,Kota Solok,Sumatera Barat,1372,kode,Lubuk Sikarah,1,,,,0,0,False
1215,,2025-07-22,2025,7,2025-07,6571,Kota Tarakan,Kalimantan Utara,6571,kode,Tarakan Timur,1,,,,0,0,False
1216,,2025-07-22,2025,7,2025-07,1610,Ogan Ilir,Sumatera Selatan,1610,kode,Indralaya Utara,1,,,,0,0,False
1217,,2025-07-22,2025,7,2025-07,1220,Padang Lawas Utara,Sumatera Utara,1220,kode,Padang Bolak; Portibi,2,,,,0,0,False
1218,,2025-07-22,2025,7,2025-07,1610,Ogan Ilir,Sumatera Selatan,1610,kode,Indralaya Utara,1,,,,0,0,True
1219,,2025-07-22,2025,7,2025-07,1605,Musi Rawas,Sumatera Selatan,1605,kode,Indralaya Utara,1,,,,0,0,False
1220,,2025-07-22,2025,7,2025-07,6210,Gunung Mas,Kalimantan Tengah,6210,kode,,0,,,,0,0,False
1221,,2025-07-22,2025,7,2025-07,6104,Ketapang,Kalimantan Barat,6104,kode,Matan Hilir Utara,1,,,,0,0,False
1222,,2025-07-22,2025,7,2025-07,6203,Kapuas,Kalimantan Tengah,6203,kode,,0,,,,0,0,False
1223,,2025-07-21,2025,7,2025-07,1409,Kuantan Singingi,Riau,1409,kode,Kuantan Mudik,1,,,,0,0,False
1224,,2025-07-21,2025,7,2025-07,1471,Kota Pekanbaru,Riau,1471,kode,Payung Sekaki,1,,,,0,0,False
1225,,2025-07-21,2025,7,2025-07,1471,Kota Pekanbaru,Riau,1471,kode,Tuah Madani,1,,,,0,0,False
1226,,2025-07-21,2025,7,2025-07,1471,Kota Pekanbaru,Riau,1471,kode,Rumbai,1,,,,0,0,False
1227,,2025-07-21,2025,7,2025-07,1471,Kota Pekanbaru,Riau,1471,kode,Tambang,1,,,,0,0,False
1228,,2025-07-21,2025,7,2025-07,6402,Kutai Kartanegara,Kalimantan Timur,6402,kode,Muara Kaman,1,,,,0,0,False
1229,,2025-07-21,2025,7,2025-07,1409,Kuantan Singingi,Riau,1409,kode,Pangean,1,,,,0,0,False
1230,,2025-07-21,2025,7,2025-07,1409,Kuantan Singingi,Riau,1409,kode,Hulu Kuantan,1,,,,0,0,False
1231,,2025-07-21,2025,7,2025-07,1401,Kampar,Riau,1401,kode,Salo,1,,,,0,0,False
1232,,2025-07-21,2025,7,2025-07,6307,Hulu Sungai Tengah,Kalimantan Selatan,6307,kode,Labuan amas utara,1,,,,0,0,False
1233,,2025-07-21,2025,7,2025-07,1205,Langkat,Sumatera Utara,1205,kode,Salapian,1,,,,0,0,False
1234,,2025-07-21,2025,7,2025-07,3514,Pasuruan,Jawa Timur,3514,kode,Purwosari,1,,,,0,0,False
1235,,2025-07-21,2025,7,2025-07,1471,Kota Pekanbaru,Riau,1471,kode,Bina Widya,1,,,,0,0,False
1236,,2025-07-21,2025,7,2025-07,1401,Kampar,Riau,1401,kode,Tapung,1,,,,0,0,False
1237,,2025-07-21,2025,7,2025-07,1471,Kota Pekanbaru,Riau,1471,kode,Kulim,1,,,,0,0,False
1238,,2025-07-20,2025,7,2025-07,1210,Labuhanbatu,Sumatera Utara,1210,kode,Panai Hilir; Panai Tengah,2,,,,0,0,False
1239,,2025-07-20,2025,7,2025-07,1610,Ogan Ilir,Sumatera Selatan,1610,kode,Indralaya Utara,1,,,,0,0,False
1240,,2025-07-20,2025,7,2025-07,1221,Padang Lawas,Sumatera Utara,1221,kode,Sihapas Barumun; Lubuk Barumun; Aek Nabara Barumun,3,,,,0,0,False
1241,,2025-07-20,2025,7,2025-07,1610,Ogan Ilir,Sumatera Selatan,1610,kode,Indralaya Utara,1,,,,0,0,False
1242,,2025-07-20,2025,7,2025-07,1220,Padang Lawas Utara,Sumatera Utara,1220,kode,Portibi; Haholongan,2,,,,0,0,False
1243,,2025-07-20,2025,7,2025-07,1610,Ogan Ilir,Sumatera Selatan,1610,kode,Payaraman,1,,,,0,0,False
1244,,2025-07-20,2025,7,2025-07,1407,Rokan Hilir,Riau,1407,kode,Kubu,1,,,,0,0,False
1245,,2025-07-20,2025,7,2025-07,1304,Tanah Datar,Sumatera Barat,1304,kode,Lima Kaum; Padang Ganting,2,,,,0,0,False
1246,,2025-07-19,2025,7,2025-07,1408,Siak,Riau,1408,kode,Sungai Apit,1,,,,0,0,False
1247,,2025-07-19,2025,7,2025-07,1401,Kampar,Riau,1401,kode,Kuok,1,,,,0,0,False
1248,,2025-07-19,2025,7,2025-07,1401,Kampar,Riau,1401,kode,Bangkinang,1,,,,0,0,False
1249,,2025-07-19,2025,7,2025-07,6208,Sukamara,Kalimantan Tengah,6208,kode,Sukamara,1,,,,0,0,False
1250,,2025-07-19,2025,7,2025-07,1401,Kampar,Riau,1401,kode,Kampar,1,,,,0,0,False
1251,,2025-07-19,2025,7,2025-07,1610,Ogan Ilir,Sumatera Selatan,1610,kode,,0,,,,0,0,False
1252,,2025-07-19,2025,7,2025-07,1304,Tanah Datar,Sumatera Barat,1304,kode,Pariangan; Rambatan,2,,,,0,0,False
1253,,2025-07-19,2025,7,2025-07,1117,Bener Meriah,Aceh,1117,kode,Pintu Rime Gayo,1,,,,0,0,False
1254,,2025-07-19,2025,7,2025-07,1610,Ogan Ilir,Sumatera Selatan,1610,kode,Pemulutan,1,,,,0,0,False
1255,,2025-07-19,2025,7,2025-07,1610,Ogan Ilir,Sumatera Selatan,1610,kode,Pemulutan,1,,,,0,0,True
1256,,2025-07-19,2025,7,2025-07,1301,Pesisir Selatan,Sumatera Barat,1301,kode,XI Koto Tarusan,1,,,,0,0,False
1257,,2025-07-19,2025,7,2025-07,1471,Kota Pekanbaru,Riau,1471,kode,Tuah Madani,1,,,,0,0,False
1258,,2025-07-19,2025,7,2025-07,1401,Kampar,Riau,1401,kode,Kampar,1,,,,0,0,True
1259,,2025-07-19,2025,7,2025-07,1471,Kota Pekanbaru,Riau,1471,kode,Bina Widya,1,,,,0,0,False
1260,,2025-07-19,2025,7,2025-07,1471,Kota Pekanbaru,Riau,1471,kode,Bukit Raya,1,,,,0,0,False
1261,,2025-07-19,2025,7,2025-07,1471,Kota Pekanbaru,Riau,1471,kode,Bina Widya,1,,,,0,0,True
1262,,2025-07-19,2025,7,2025-07,1471,Kota Pekanbaru,Riau,1471,kode,Bukit Raya,1,,,,0,0,True
1263,,2025-07-18,2025,7,2025-07,1304,Tanah Datar,Sumatera Barat,1304,kode,Padang Ganting; Tanjung Emas,2,,,,0,0,False
1264,,2025-07-18,2025,7,2025-07,3512,Situbondo,Jawa Timur,3512,kode,Panji,1,,,,0,0,False
1265,,2025-07-18,2025,7,2025-07,1302,Solok,Sumatera Barat,1302,kode,Junjung Sirih,1,,,,0,0,False
1266,,2025-07-18,2025,7,2025-07,1410,Kepulauan Meranti,Riau,1410,kode,Tebing Tinggi Barat,1,,,,0,0,False
1267,,2025-07-18,2025,7,2025-07,1401,Kampar,Riau,1401,kode,Kampar Utara,1,,,,0,0,False
1268,,2025-07-18,2025,7,2025-07,1401,Kampar,Riau,1401,kode,Rumbio Jaya,1,,,,0,0,False
1269,,2025-07-18,2025,7,2025-07,1401,Kampar,Riau,1401,kode,Tapung,1,,,,0,0,False
1270,,2025-07-18,2025,7,2025-07,1408,Siak,Riau,1408,kode,Dayun,1,,,,0,0,False
1271,,2025-07-18,2025,7,2025-07,1408,Siak,Riau,1408,kode,Siak,1,,,,0,0,False
1272,,2025-07-18,2025,7,2025-07,1408,Siak,Riau,1408,kode,Kandis,1,,,,0,0,False
1273,,2025-07-18,2025,7,2025-07,1408,Siak,Riau,1408,kode,Kandis,1,,,,0,0,True
1274,,2025-07-18,2025,7,2025-07,1408,Siak,Riau,1408,kode,Kandis,1,,,,0,0,True
1275,,2025-07-18,2025,7,2025-07,1610,Ogan Ilir,Sumatera Selatan,1610,kode,,0,,,,0,0,False
1276,,2025-07-18,2025,7,2025-07,1610,Ogan Ilir,Sumatera Selatan,1610,kode,Pemulutan Barat,1,,,,0,0,False
1277,,2025-07-17,2025,7,2025-07,1208,Simalungun,Sumatera Utara,1208,kode,Girsang Sipangan Bolon Kec Pematang Sidamanik,1,,,,0,0,False
1278,,2025-07-17,2025,7,2025-07,1472,Kota Dumai,Riau,1472,kode,Dumai Barat,1,,,,0,0,False
1279,,2025-07-17,2025,7,2025-07,1405,Pelalawan,Riau,1405,kode,,0,,,,0,0,False
1280,,2025-07-17,2025,7,2025-07,1471,Kota Pekanbaru,Riau,1471,kode,Bina Widya,1,,,,0,0,False
1281,,2025-07-17,2025,7,2025-07,1304,Tanah Datar,Sumatera Barat,1304,kode,Lintau Buo Utara,1,,,,0,0,False
1282,,2025-07-17,2025,7,2025-07,1220,Padang Lawas Utara,Sumatera Utara,1220,kode,Halongonan,1,,,,0,0,False
1283,,2025-07-17,2025,7,2025-07,6104,Ketapang,Kalimantan Barat,6104,kode,Harau,1,,,,0,0,False
1284,,2025-07-17,2025,7,2025-07,1117,Bener Meriah,Aceh,1117,kode,Pintu Rime Gayo,1,,,,0,0,False
1285,,2025-07-16,2025,7,2025-07,1472,Kota Dumai,Riau,1472,kode,Dumai Barat,1,,,,0,0,False
1286,,2025-07-16,2025,7,2025-07,1307,Lima Puluh Kota,Sumatera Barat,1307,kode,Situjuah Limo Nagari  Nagari Tungka; Akabiluru Nagari Sungai Balantiak,2,,,,0,0,False
1287,,2025-07-16,2025,7,2025-07,1202,Tapanuli Utara,Sumatera Utara,1202,kode,Muara,1,,,,0,0,False
1288,,2025-07-16,2025,7,2025-07,1407,Rokan Hilir,Riau,1407,kode,,0,,,,0,0,False
1289,,2025-07-16,2025,7,2025-07,1216,Humbang Hasundutan,Sumatera Utara,1216,kode,Lintong Nihuta,1,,,,0,0,False
1290,,2025-07-15,2025,7,2025-07,6210,Gunung Mas,Kalimantan Tengah,6210,kode,Mihing Raya,1,,,,0,0,False
1291,,2025-07-15,2025,7,2025-07,1208,Simalungun,Sumatera Utara,1208,kode,Girsang Sipangan Bolon,1,,,,0,0,False
1292,,2025-07-15,2025,7,2025-07,1403,Bengkalis,Riau,1403,kode,Bathin Solapan,1,,,,0,0,False
1293,,2025-07-15,2025,7,2025-07,1407,Rokan Hilir,Riau,1407,kode,Tanah Putih,1,,,,0,0,False
1294,,2025-07-15,2025,7,2025-07,1307,Lima Puluh Kota,Sumatera Barat,1307,kode,Luak,1,,,,0,0,False
1295,,2025-07-14,2025,7,2025-07,1612,Penukal Abab Lematang Ilir,Sumatera Selatan,1612,kode,,0,,,,0,0,False
1296,,2025-07-14,2025,7,2025-07,1212,Toba,Sumatera Utara,1212,kode,Ajibata,1,,,,0,0,False
1297,,2025-07-14,2025,7,2025-07,1610,Ogan Ilir,Sumatera Selatan,1610,kode,Indralaya Utara,1,,,,0,0,False
1298,,2025-07-13,2025,7,2025-07,6211,Pulang Pisau,Kalimantan Tengah,6211,kode,,0,,,,0,0,False
1299,,2025-07-13,2025,7,2025-07,6204,Barito Selatan,Kalimantan Tengah,6204,kode,Dusun Hilir,1,,,,0,0,False
1300,,2025-07-13,2025,7,2025-07,1212,Toba,Sumatera Utara,1212,kode,Balige; Ajibata; Silalahi,3,,,,0,0,False
1301,,2025-07-13,2025,7,2025-07,1401,Kampar,Riau,1401,kode,XIII Koto Kampar,1,,,,0,0,False
1302,,2025-07-13,2025,7,2025-07,1401,Kampar,Riau,1401,kode,Tapung,1,,,,0,0,False
1303,,2025-07-13,2025,7,2025-07,1401,Kampar,Riau,1401,kode,Kampar Utara,1,,,,0,0,False
1304,,2025-07-13,2025,7,2025-07,1471,Kota Pekanbaru,Riau,1471,kode,Bina Widya,1,,,,0,0,False
1305,,2025-07-13,2025,7,2025-07,6206,Katingan,Kalimantan Tengah,6206,kode,,0,,,,0,0,False
1306,,2025-07-13,2025,7,2025-07,1610,Ogan Ilir,Sumatera Selatan,1610,kode,Indralaya; Pemulutan Barat,2,,,,0,0,False
1307,,2025-07-13,2025,7,2025-07,6203,Kapuas,Kalimantan Tengah,6203,kode,,0,,,,0,0,False
1308,,2025-07-13,2025,7,2025-07,6271,Kota Palangkaraya,Kalimantan Tengah,6271,kode,Sabangau,1,,,,0,0,False
1309,,2025-07-13,2025,7,2025-07,6271,Kota Palangkaraya,Kalimantan Tengah,6271,kode,Sabangau,1,,,,0,0,True
1310,,2025-07-13,2025,7,2025-07,1106,Aceh Besar,Aceh,1106,kode,Lembah Seulawah,1,,,,0,0,False
1311,,2025-07-12,2025,7,2025-07,1401,Kampar,Riau,1401,kode,Tambang,1,,,,0,0,False
1312,,2025-07-12,2025,7,2025-07,1401,Kampar,Riau,1401,kode,Kampar Utara,1,,,,0,0,False
1313,,2025-07-12,2025,7,2025-07,1307,Lima Puluh Kota,Sumatera Barat,1307,kode,Suliki; Guguak; Akabiluru; Bukit Barisan; Harau; Luak; Lareh Sago Halaban; Situjuah Limo Nagari; Mungka; Pangkalan Koto Baru,10,,,,0,0,False
1314,,2025-07-12,2025,7,2025-07,1610,Ogan Ilir,Sumatera Selatan,1610,kode,Pemulutan Barat,1,,,,0,0,False
1315,,2025-07-11,2025,7,2025-07,1208,Simalungun,Sumatera Utara,1208,kode,Girsang Sipangan,1,,,,0,0,False
1316,,2025-07-11,2025,7,2025-07,1212,Toba,Sumatera Utara,1212,kode,Balige,1,,,,0,0,False
1317,,2025-07-11,2025,7,2025-07,3211,Sumedang,Jawa Barat,3211,kode,Tomo,1,,,,0,0,False
1318,,2025-07-11,2025,7,2025-07,1408,Siak,Riau,1408,kode,,0,,,,0,0,False
1319,,2025-07-11,2025,7,2025-07,1220,Padang Lawas Utara,Sumatera Utara,1220,kode,Padang Bolak Tenggara; Batang Onang,2,,,,0,0,False
1320,,2025-07-11,2025,7,2025-07,1221,Padang Lawas,Sumatera Utara,1221,kode,Padang Bolak; Halongonan,2,,,,0,0,False
1321,,2025-07-11,2025,7,2025-07,1401,Kampar,Riau,1401,kode,Kuok; Kampar,2,,,,0,0,False
1322,,2025-07-10,2025,7,2025-07,1401,Kampar,Riau,1401,kode,,0,,,,0,0,False
1323,,2025-07-10,2025,7,2025-07,1307,Lima Puluh Kota,Sumatera Barat,1307,kode,Harau,1,,,,0,0,False
1324,,2025-07-09,2025,7,2025-07,1401,Kampar,Riau,1401,kode,Kampa,1,,,,0,0,False
1325,,2025-07-09,2025,7,2025-07,1301,Pesisir Selatan,Sumatera Barat,1301,kode,IV Jurai,1,,,,0,0,False
1326,,2025-07-09,2025,7,2025-07,1471,Kota Pekanbaru,Riau,1471,kode,Rumbai,1,,,,0,0,False
1327,,2025-07-09,2025,7,2025-07,1220,Padang Lawas Utara,Sumatera Utara,1220,kode,Padang Bolak,1,,,,0,0,False
1328,,2025-07-09,2025,7,2025-07,1471,Kota Pekanbaru,Riau,1471,kode,Bina Widya,1,,,,0,0,False
1329,,2025-07-09,2025,7,2025-07,1221,Padang Lawas,Sumatera Utara,1221,kode,Padang Bolak Julu,1,,,,0,0,False
1330,,2025-07-09,2025,7,2025-07,1304,Tanah Datar,Sumatera Barat,1304,kode,Tanjung Emas,1,,,,0,0,False
1331,,2025-07-09,2025,7,2025-07,1471,Kota Pekanbaru,Riau,1471,kode,Bukit Raya,1,,,,0,0,False
1332,,2025-07-09,2025,7,2025-07,1201,Tapanuli Tengah,Sumatera Utara,1201,kode,,0,,,,0,0,False
1333,,2025-07-09,2025,7,2025-07,1471,Kota Pekanbaru,Riau,1471,kode,Dumai Barat,1,,,,0,0,False
1334,,2025-07-08,2025,7,2025-07,1206,Karo,Sumatera Utara,1206,kode,Merek,1,,,,0,0,False
1335,,2025-07-07,2025,7,2025-07,1472,Kota Dumai,Riau,1472,kode,Dumai Barat,1,,,,0,0,False
1336,,2025-07-07,2025,7,2025-07,1408,Siak,Riau,1408,kode,Kandis,1,,,,0,0,False
1337,,2025-07-07,2025,7,2025-07,1408,Siak,Riau,1408,kode,Sungai Apit,1,,,,0,0,False
1338,,2025-07-07,2025,7,2025-07,1471,Kota Pekanbaru,Riau,1471,kode,Rumbai,1,,,,0,0,False
1339,,2025-07-07,2025,7,2025-07,1117,Bener Meriah,Aceh,1117,kode,Bukit,1,,,,0,0,False
1340,,2025-07-06,2025,7,2025-07,1471,Kota Pekanbaru,Riau,1471,kode,Bukit Raya,1,,,,0,0,False
1341,,2025-07-06,2025,7,2025-07,1220,Padang Lawas Utara,Sumatera Utara,1220,kode,,0,,,,0,0,False
1342,,2025-07-06,2025,7,2025-07,6208,Sukamara,Kalimantan Tengah,6208,kode,Pantai Lunci,1,,,,0,0,False
1343,,2025-07-05,2025,7,2025-07,1105,Aceh Barat,Aceh,1105,kode,Arongan Lambalek; Woyla Barat; Johan Pahlawan,3,,,,0,0,False
1344,,2025-07-05,2025,7,2025-07,1212,Toba,Sumatera Utara,1212,kode,Ajibata,1,,,,0,0,False
1345,,2025-07-05,2025,7,2025-07,6208,Sukamara,Kalimantan Tengah,6208,kode,Pantai Lunci,1,,,,0,0,False
1346,,2025-07-05,2025,7,2025-07,1201,Tapanuli Tengah,Sumatera Utara,1201,kode,Sarudik; Pandan,2,,,,0,0,False
1347,,2025-07-04,2025,7,2025-07,1224,Nias Utara,Sumatera Utara,1224,kode,Lahewa Timur,1,,,,0,0,False
1348,,2025-07-04,2025,7,2025-07,1211,Dairi,Sumatera Utara,1211,kode,Silahisabungan,1,,,,0,0,False
1349,,2025-07-03,2025,7,2025-07,1117,Bener Meriah,Aceh,1117,kode,Timang Gajah,1,,,,0,0,False
1350,,2025-07-03,2025,7,2025-07,1206,Karo,Sumatera Utara,1206,kode,Munte,1,,,,0,0,False
1351,,2025-07-02,2025,7,2025-07,1403,Bengkalis,Riau,1403,kode,,0,,,,0,0,False
1352,,2025-07-02,2025,7,2025-07,6104,Ketapang,Kalimantan Barat,6104,kode,Arongan Lambalek; Johan Pahlawan; Meureubo; Woyla,4,,,,0,0,False
1353,,2025-07-02,2025,7,2025-07,1406,Rokan Hulu,Riau,1406,kode,,0,,,,0,0,False
1354,,2025-07-02,2025,7,2025-07,1404,Indragiri Hilir,Riau,1404,kode,Gaung,1,,,,0,0,False
1355,,2025-07-02,2025,7,2025-07,1224,Nias Utara,Sumatera Utara,1224,kode,Lahewa Timur,1,,,,0,0,False
1356,,2025-07-01,2025,7,2025-07,3516,Mojokerto,Jawa Timur,3516,kode,Gedeg,1,,,,0,0,False
1357,,2025-07-01,2025,7,2025-07,1217,Samosir,Sumatera Utara,1217,kode,Harian,1,,,,0,0,False
1358,,2025-07-01,2025,7,2025-07,1110,Aceh Singkil,Aceh,1110,kode,Danau Paris,1,,,,0,0,False
1359,,2025-07-01,2025,7,2025-07,1220,Padang Lawas Utara,Sumatera Utara,1220,kode,Padang Bolak,1,,,,0,0,False
1360,,2025-07-01,2025,7,2025-07,1610,Ogan Ilir,Sumatera Selatan,1610,kode,Indralaya Utara,1,,,,0,0,False
1361,,2025-07-01,2025,7,2025-07,6208,Sukamara,Kalimantan Tengah,6208,kode,Pantai Lunci,1,,,,0,0,False
1362,,2025-06-30,2025,6,2025-06,1101,Aceh Selatan,Aceh,1101,kode,Sawang,1,,,,0,0,False
1363,,2025-06-29,2025,6,2025-06,1401,Kampar,Riau,1401,kode,,0,,,,0,0,False
1364,,2025-06-29,2025,6,2025-06,1117,Bener Meriah,Aceh,1117,kode,Pintu Rime Gayo,1,,,,0,0,False
1365,,2025-06-28,2025,6,2025-06,1401,Kampar,Riau,1401,kode,,0,,,,0,0,False
1366,,2025-06-28,2025,6,2025-06,1404,Indragiri Hilir,Riau,1404,kode,,0,,,,0,0,False
1367,,2025-06-28,2025,6,2025-06,1406,Rokan Hulu,Riau,1406,kode,,0,,,,0,0,False
1368,,2025-06-28,2025,6,2025-06,1408,Siak,Riau,1408,kode,,0,,,,0,0,False
1369,,2025-06-27,2025,6,2025-06,1471,Kota Pekanbaru,Riau,1471,kode,,0,,,,0,0,False
1370,,2025-06-27,2025,6,2025-06,1371,Kota Padang,Sumatera Barat,1371,kode,Koto Tangah,1,,,,0,0,False
1371,,2025-06-27,2025,6,2025-06,6204,Barito Selatan,Kalimantan Tengah,6204,kode,,0,,,,0,0,False
1372,,2025-06-27,2025,6,2025-06,1101,Aceh Selatan,Aceh,1101,kode,,0,,,,0,0,False
1373,,2025-06-27,2025,6,2025-06,1405,Pelalawan,Riau,1405,kode,,0,,,,0,0,False
1374,,2025-06-27,2025,6,2025-06,1401,Kampar,Riau,1401,kode,,0,,,,0,0,False
1375,,2025-06-26,2025,6,2025-06,1201,Tapanuli Tengah,Sumatera Utara,1201,kode,Lumut; Tapian Nauli,2,,,,0,0,False
1376,,2025-06-26,2025,6,2025-06,1112,Aceh Barat Daya,Aceh,1112,kode,Babah Rot,1,,,,0,0,False
1377,,2025-06-26,2025,6,2025-06,1410,Kepulauan Meranti,Riau,1410,kode,,0,,,,0,0,False
1378,,2025-06-26,2025,6,2025-06,6304,Barito Kuala,Kalimantan Selatan,6304,kode,,0,,,,0,0,False
1379,,2025-06-25,2025,6,2025-06,1401,Kampar,Riau,1401,kode,Tambang; Tapung,2,,,,0,0,False
1380,,2025-06-25,2025,6,2025-06,1101,Aceh Selatan,Aceh,1101,kode,Sawang,1,,,,0,0,False
1381,,2025-06-25,2025,6,2025-06,6210,Gunung Mas,Kalimantan Tengah,6210,kode,,0,,,,0,0,False
1382,,2025-06-23,2025,6,2025-06,1101,Aceh Selatan,Aceh,1101,kode,Bakongan; Tapaktuan; Samadua,3,,,,0,0,False
1383,,2025-06-23,2025,6,2025-06,1307,Lima Puluh Kota,Sumatera Barat,1307,kode,Harau,1,,,,0,0,False
1384,,2025-06-23,2025,6,2025-06,1406,Rokan Hulu,Riau,1406,kode,Rambah,1,,,,0,0,False
1385,,2025-06-23,2025,6,2025-06,1115,Nagan Raya,Aceh,1115,kode,Darul Makmur,1,,,,0,0,False
1386,,2025-06-22,2025,6,2025-06,1471,Kota Pekanbaru,Riau,1471,kode,Rumbai Barat,1,,,,0,0,False
1387,,2025-06-22,2025,6,2025-06,1117,Bener Meriah,Aceh,1117,kode,Pintu Rime Gayo,1,,,,0,0,False
1388,,2025-06-21,2025,6,2025-06,1471,Kota Pekanbaru,Riau,1471,kode,,0,,,,0,0,False
1389,,2025-06-21,2025,6,2025-06,1408,Siak,Riau,1408,kode,,0,,,,0,0,False
1390,,2025-06-21,2025,6,2025-06,1212,Toba,Sumatera Utara,1212,kode,Tampahan,1,,,,0,0,False
1391,,2025-06-20,2025,6,2025-06,1472,Kota Dumai,Riau,1472,kode,Bukit Kapur,1,,,,0,0,False
1392,,2025-06-19,2025,6,2025-06,1217,Samosir,Sumatera Utara,1217,kode,Harian,1,,,,0,0,False
1393,,2025-06-18,2025,6,2025-06,1601,Ogan Komering Ulu,Sumatera Selatan,1601,kode,Baturaja Barat,1,,,,0,0,False
1394,,2025-06-18,2025,6,2025-06,1472,Kota Dumai,Riau,1472,kode,,0,,,,0,0,False
1395,,2025-06-15,2025,6,2025-06,1610,Ogan Ilir,Sumatera Selatan,1610,kode,Indralaya Utara,1,,,,0,0,False
1396,,2025-06-15,2025,6,2025-06,6101,Sambas,Kalimantan Barat,6101,kode,,0,,1.0,,0,0,False
1397,,2025-06-14,2025,6,2025-06,1173,Kota Lhokseumawe,Aceh,1173,kode,Muara Satu,1,,,,0,0,False
1398,,2025-06-13,2025,6,2025-06,1117,Bener Meriah,Aceh,1117,kode,Pintu Rime Gayo,1,,,,0,0,False
1399,,2025-06-12,2025,6,2025-06,1402,Indragiri Hulu,Riau,1402,kode,Rengat Barat,1,,,,0,0,False
1400,,2025-06-12,2025,6,2025-06,1472,Kota Dumai,Riau,1472,kode,Sungai Sembilan,1,,,,0,0,False
1401,,2025-06-11,2025,6,2025-06,1304,Tanah Datar,Sumatera Barat,1304,kode,Batipuh Selatan,1,,,,0,0,False
1402,,2025-06-10,2025,6,2025-06,1117,Bener Meriah,Aceh,1117,kode,Pintu Rime Gayo,1,,,,0,0,False
1403,,2025-06-09,2025,6,2025-06,1220,Padang Lawas Utara,Sumatera Utara,1220,kode,Padang Bolak,1,,,,0,0,False
1404,,2025-06-09,2025,6,2025-06,7324,Luwu Timur,Sulawesi Selatan,7324,kode,Malili,1,,,,0,0,False
1405,,2025-06-09,2025,6,2025-06,6210,Gunung Mas,Kalimantan Tengah,6210,kode,,0,,,,0,0,False
1406,,2025-06-08,2025,6,2025-06,1307,Lima Puluh Kota,Sumatera Barat,1307,kode,Harau,1,,,,0,0,False
1407,,2025-06-08,2025,6,2025-06,6208,Sukamara,Kalimantan Tengah,6208,kode,Sukamara,1,,,,0,0,False
1408,,2025-06-07,2025,6,2025-06,1212,Toba,Sumatera Utara,1212,kode,Tampahan,1,,,,0,0,False
1409,,2025-06-07,2025,6,2025-06,1410,Kepulauan Meranti,Riau,1410,kode,Tebing Tinggi,1,,,,0,0,False
1410,,2025-06-06,2025,6,2025-06,1216,Humbang Hasundutan,Sumatera Utara,1216,kode,Baktiraja; Lintong Nihuta; Bakkara,3,,,,0,0,False
1411,,2025-06-06,2025,6,2025-06,1117,Bener Meriah,Aceh,1117,kode,Pintu Rime Gayo,1,,,,0,0,False
1412,,2025-06-06,2025,6,2025-06,3310,Klaten,Jawa Tengah,3310,kode,Karanganom,1,,,,0,0,False
1413,,2025-06-04,2025,6,2025-06,1213,Mandailing Natal,Sumatera Utara,1213,kode,Natal,1,,,,0,0,False
1414,,2025-06-03,2025,6,2025-06,1307,Lima Puluh Kota,Sumatera Barat,1307,kode,Harau,1,,,,0,0,False
1415,,2025-06-03,2025,6,2025-06,1472,Kota Dumai,Riau,1472,kode,,0,,,,0,0,False
1416,,2025-06-03,2025,6,2025-06,1405,Pelalawan,Riau,1405,kode,Pangkalan Kerinci,1,,,,0,0,False
1417,,2025-06-03,2025,6,2025-06,1115,Nagan Raya,Aceh,1115,kode,Darul Makmur,1,,,,0,0,False
1418,,2025-06-03,2025,6,2025-06,6205,Barito Utara,Kalimantan Tengah,6205,kode,Teweh Selatan,1,,,,0,0,False
1419,1212 106 20250602 1,2025-06-02,2025,6,2025-06,1212,Toba,Sumatera Utara,1212,kode,Balige,1,,0.0,0.0,0,0,False
1420,1110 106 20250602 1,2025-06-02,2025,6,2025-06,1110,Aceh Singkil,Aceh,1110,kode,Singkil,1,,0.0,0.0,0,0,False
1421,1401 106 20250602 1,2025-06-02,2025,6,2025-06,6304,Barito Kuala,Kalimantan Selatan,6304,kode,XIII Koto Kampar,1,,0.0,0.0,0,0,False
1422,,2025-06-02,2025,6,2025-06,1206,Karo,Sumatera Utara,1206,kode,Barusjahe; Merek,2,,,,0,0,False
1423,,2025-06-02,2025,6,2025-06,1105,Aceh Barat,Aceh,1105,kode,Meureubo,1,,,,0,0,False
1424,,2025-06-01,2025,6,2025-06,1225,Nias Barat,Sumatera Utara,1225,kode,,0,,,,0,0,False
1425,1401 106 20250530 1,2025-05-30,2025,5,2025-05,6304,Barito Kuala,Kalimantan Selatan,6304,kode,Kampar,1,,0.0,0.0,0,0,False
1426,,2025-05-30,2025,5,2025-05,6372,Kota Banjarbaru,Kalimantan Selatan,6372,kode,Landasan Ulin,1,,,,0,0,False
1427,6205 106 20250530 1,2025-05-30,2025,5,2025-05,6205,Barito Utara,Kalimantan Tengah,6205,kode,Lahei,1,,0.0,0.0,0,0,False
1428,6205 106 20250530 2,2025-05-30,2025,5,2025-05,6205,Barito Utara,Kalimantan Tengah,6205,kode,Teweh timur,1,,0.0,0.0,0,0,False
1429,5101 103 20250529 1,2025-05-29,2025,5,2025-05,5101,Jembrana,Bali,5101,kode,Negara,1,,0.0,0.0,31,2,False
1430,6372 106 20250529 1,2025-05-29,2025,5,2025-05,6372,Kota Banjarbaru,Kalimantan Selatan,6372,kode,Liang Anggang; Landasan Ulin,2,,0.0,0.0,0,0,False
1431,6104 106 20250529 1,2025-05-29,2025,5,2025-05,6104,Ketapang,Kalimantan Barat,6104,kode,Muara Pawan,1,,0.0,0.0,0,0,False
1432,1401 106 20250528 1,2025-05-28,2025,5,2025-05,1105,Aceh Barat,Aceh,1105,kode,Bangkinang; Tapung,2,,0.0,0.0,0,0,False
1433,1409 106 20250528 1,2025-05-28,2025,5,2025-05,1409,Kuantan Singingi,Riau,1409,kode,Kuantan Mudik,1,,0.0,0.0,0,0,False
1434,1217 106 20250527 1,2025-05-27,2025,5,2025-05,1217,Samosir,Sumatera Utara,1217,kode,Sianjur Mulamula; Harian; Pangururan,3,,0.0,0.0,0,0,False
1435,1307 106 20250526 1,2025-05-26,2025,5,2025-05,1307,Lima Puluh Kota,Sumatera Barat,1307,kode,Luak,1,,0.0,0.0,0,0,False
1436,1706 106 20250525 1,2025-05-25,2025,5,2025-05,1706,Muko Muko,Bengkulu,1706,kode,XIV Koto,1,,0.0,0.0,0,0,False
1437,1610 106 20250514 1,2025-05-14,2025,5,2025-05,1610,Ogan Ilir,Sumatera Selatan,1610,kode,Indralaya Utara,1,,0.0,0.0,0,0,False
1438,1220 106 20250510 1,2025-05-10,2025,5,2025-05,1220,Padang Lawas Utara,Sumatera Utara,1220,kode,Padang Bolak Tenggara,1,,0.0,0.0,0,0,False
1439,1212 106 20250508 1,2025-05-08,2025,5,2025-05,1212,Toba,Sumatera Utara,1212,kode,,0,,0.0,0.0,0,0,False
1440,1610 106 20250506 1,2025-05-06,2025,5,2025-05,1610,Ogan Ilir,Sumatera Selatan,1610,kode,Kandis,1,,0.0,0.0,0,0,False
1441,6271 106 20250505 1,2025-05-05,2025,5,2025-05,6271,Kota Palangkaraya,Kalimantan Tengah,6271,kode,,0,,0.0,0.0,0,0,False
1442,1401 106 20250427 1,2025-04-27,2025,4,2025-04,1401,Kampar,Riau,1401,kode,,0,,0.0,0.0,0,0,False
1443,1106 106 20250426 1,2025-04-26,2025,4,2025-04,1106,Aceh Besar,Aceh,1106,kode,Leupung,1,,0.0,0.0,0,0,False
1444,1674 106 20250329 1,2025-03-29,2025,3,2025-03,1674,Kota Prabumulih,Sumatera Selatan,1674,kode,,0,,0.0,0.0,0,0,False
1445,1105 106 20250327 1,2025-03-27,2025,3,2025-03,1105,Aceh Barat,Aceh,1105,kode,Woyla,1,,0.0,0.0,0,0,False
1446,1205 106 20250327 1,2025-03-27,2025,3,2025-03,1205,Langkat,Sumatera Utara,1205,kode,Besitang,1,,0.0,0.0,0,0,False
1447,6571 106 20250325 1,2025-03-25,2025,3,2025-03,6571,Kota Tarakan,Kalimantan Utara,6571,kode,,0,,0.0,0.0,0,0,False
1448,1111 106 20250321 1,2025-03-21,2025,3,2025-03,1111,Bireuen,Aceh,1111,kode,,0,,0.0,0.0,0,0,False
1449,1105 106 20250319 1,2025-03-19,2025,3,2025-03,1105,Aceh Barat,Aceh,1105,kode,Meureubo Gampong Gunong Kleng,1,,0.0,0.0,0,0,False
1450,6571 106 20250313 1,2025-03-13,2025,3,2025-03,6571,Kota Tarakan,Kalimantan Utara,6571,kode,,0,,0.0,0.0,0,0,False
1451,6204 106 20250309 1,2025-03-09,2025,3,2025-03,6204,Barito Selatan,Kalimantan Tengah,6204,kode,,0,,0.0,0.0,0,0,False
1452,2101 106 20250308 1,2025-03-08,2025,3,2025-03,2101,Bintan,Kepulauan Riau,2101,kode,Bintan Utara,1,,0.0,0.0,0,0,False
1453,1471 106 20250305 1,2025-03-05,2025,3,2025-03,1471,Kota Pekanbaru,Riau,1471,kode,,0,,0.0,0.0,0,0,False
1454,1403 106 20250305 1,2025-03-05,2025,3,2025-03,1403,Bengkalis,Riau,1403,kode,,0,,0.0,0.0,0,0,False
1455,1471 106 20250222 1,2025-02-22,2025,2,2025-02,1471,Kota Pekanbaru,Riau,1471,kode,,0,,0.0,0.0,0,0,False
1456,1902 106 20250222 1,2025-02-22,2025,2,2025-02,1902,Belitung,Kepulauan Bangka Belitung,1902,kode,,0,,0.0,0.0,0,0,False
1457,2101 106 20250221 1,2025-02-21,2025,2,2025-02,2101,Bintan,Kepulauan Riau,2101,kode,Bintan Timur; Seri Kuala Lobam; Bintan Utara,3,,0.0,0.0,0,0,False
1458,1403 106 20250219 1,2025-02-19,2025,2,2025-02,1403,Bengkalis,Riau,1403,kode,,0,,0.0,1.0,0,0,False
1459,1403 106 20250219 1,2025-02-19,2025,2,2025-02,1403,Bengkalis,Riau,1403,kode,,0,,0.0,0.0,0,0,True
1460,6202 106 20250218 1,2025-02-18,2025,2,2025-02,6202,Kotawaringin Timur,Kalimantan Tengah,6202,kode,,0,,0.0,0.0,0,0,False
1461,1902 106 20250218 1,2025-02-18,2025,2,2025-02,1902,Belitung,Kepulauan Bangka Belitung,1902,kode,,0,,0.0,0.0,0,0,False
1462,2101 106 20250217 1,2025-02-17,2025,2,2025-02,2101,Bintan,Kepulauan Riau,2101,kode,Bintan Utara; Gunung Kijang; Bintan Timur; Bintan Utara,4,,0.0,0.0,0,0,False
1463,1408 106 20250215 1,2025-02-15,2025,2,2025-02,1408,Siak,Riau,1408,kode,,0,,0.0,0.0,0,0,False
1464,1405 106 20250215 1,2025-02-15,2025,2,2025-02,1405,Pelalawan,Riau,1405,kode,,0,,0.0,0.0,0,0,False
1465,6204 106 20250214 1,2025-02-14,2025,2,2025-02,6204,Barito Selatan,Kalimantan Tengah,6204,kode,,0,,0.0,0.0,0,0,False
1466,1472 106 20250214 1,2025-02-14,2025,2,2025-02,1472,Kota Dumai,Riau,1472,kode,,0,,0.0,0.0,0,0,False
1467,1403 106 20250214 1,2025-02-14,2025,2,2025-02,1403,Bengkalis,Riau,1403,kode,,0,,0.0,0.0,0,0,False
1468,6204 106 20250213 1,2025-02-13,2025,2,2025-02,6204,Barito Selatan,Kalimantan Tengah,6204,kode,,0,,0.0,0.0,0,0,False
1469,1403 106 20250213 1,2025-02-13,2025,2,2025-02,1403,Bengkalis,Riau,1403,kode,,0,,0.0,0.0,0,0,False
1470,1404 106 20250213 1,2025-02-13,2025,2,2025-02,1404,Indragiri Hilir,Riau,1404,kode,,0,,0.0,0.0,0,0,False
1471,6204 106 20250213 1,2025-02-13,2025,2,2025-02,6204,Barito Selatan,Kalimantan Tengah,6204,kode,,0,,0.0,0.0,0,0,True
1472,1902 106 20250213 1,2025-02-13,2025,2,2025-02,1902,Belitung,Kepulauan Bangka Belitung,1902,kode,,0,,0.0,0.0,0,0,False
1473,1404 106 20250212 1,2025-02-12,2025,2,2025-02,1404,Indragiri Hilir,Riau,1404,kode,,0,,0.0,0.0,0,0,False
1474,1405 106 20250212 1,2025-02-12,2025,2,2025-02,1405,Pelalawan,Riau,1405,kode,,0,,0.0,0.0,0,0,False
1475,6204 106 20250212 1,2025-02-12,2025,2,2025-02,6204,Barito Selatan,Kalimantan Tengah,6204,kode,,0,,0.0,0.0,0,0,False
1476,1502 106 20250212 1,2025-02-12,2025,2,2025-02,1502,Merangin,Jambi,1502,kode,,0,,0.0,0.0,0,0,False
1477,1472 106 20250211 1,2025-02-11,2025,2,2025-02,1472,Kota Dumai,Riau,1472,kode,,0,,0.0,0.0,0,0,False
1478,1404 106 20250211 1,2025-02-11,2025,2,2025-02,1404,Indragiri Hilir,Riau,1404,kode,,0,,0.0,0.0,0,0,False
1479,1405 106 20250211 1,2025-02-11,2025,2,2025-02,1405,Pelalawan,Riau,1405,kode,,0,,0.0,0.0,0,0,False
1480,1904 106 20250209 1,2025-02-09,2025,2,2025-02,1904,Bangka Tengah,Kepulauan Bangka Belitung,1904,kode,,0,,0.0,0.0,0,0,False
1481,6204 106 20250209 1,2025-02-09,2025,2,2025-02,6204,Barito Selatan,Kalimantan Tengah,6204,kode,,0,,0.0,0.0,0,0,False
1482,1410 106 20250209 1,2025-02-09,2025,2,2025-02,1410,Kepulauan Meranti,Riau,1410,kode,,0,,0.0,0.0,0,0,False
1483,1105 106 20250209 1,2025-02-09,2025,2,2025-02,1105,Aceh Barat,Aceh,1105,kode,"John Pahlawan; Samatiga; Woyla,; Meureubo",4,,0.0,0.0,0,0,False
1484,1472 106 20250208 1,2025-02-08,2025,2,2025-02,1472,Kota Dumai,Riau,1472,kode,,0,,0.0,0.0,0,0,False
1485,1403 106 20250208 1,2025-02-08,2025,2,2025-02,1403,Bengkalis,Riau,1403,kode,,0,,0.0,0.0,0,0,False
1486,6571 106 20250207 1,2025-02-07,2025,2,2025-02,6571,Kota Tarakan,Kalimantan Utara,6571,kode,Tarakan Timur,1,,0.0,0.0,0,0,False
1487,1408 106 20250207 1,2025-02-07,2025,2,2025-02,1408,Siak,Riau,1408,kode,,0,,0.0,0.0,0,0,False
1488,1106 106 20250206 1,2025-02-06,2025,2,2025-02,1106,Aceh Besar,Aceh,1106,kode,,0,,0.0,0.0,0,0,False
1489,6571 106 20250206 1,2025-02-06,2025,2,2025-02,6571,Kota Tarakan,Kalimantan Utara,6571,kode,Tarakan Utara,1,,0.0,0.0,0,0,False
1490,6471 106 20250206 1,2025-02-06,2025,2,2025-02,6471,Kota Balikpapan,Kalimantan Timur,6471,kode,,0,Dalam Penyelidikan,0.0,0.0,0,0,False
1491,6204 106 20250206 1,2025-02-06,2025,2,2025-02,6204,Barito Selatan,Kalimantan Tengah,6204,kode,,0,,0.0,0.0,0,0,False
1492,1472 106 20250204 1,2025-02-04,2025,2,2025-02,1472,Kota Dumai,Riau,1472,kode,,0,,0.0,0.0,0,0,False
1493,1306 106 20250204 1,2025-02-04,2025,2,2025-02,1306,Agam,Sumatera Barat,1306,kode,,0,,0.0,0.0,0,0,False
1494,1402 106 20250204 1,2025-02-04,2025,2,2025-02,1402,Indragiri Hulu,Riau,1402,kode,,0,,0.0,0.0,0,0,False
1495,1471 106 20250204 1,2025-02-04,2025,2,2025-02,1471,Kota Pekanbaru,Riau,1471,kode,,0,,0.0,0.0,0,0,False
1496,1410 106 20250204 1,2025-02-04,2025,2,2025-02,1410,Kepulauan Meranti,Riau,1410,kode,,0,,0.0,0.0,0,0,False
1497,1408 106 20250204 1,2025-02-04,2025,2,2025-02,1408,Siak,Riau,1408,kode,,0,,0.0,0.0,0,0,False
1498,1405 106 20250204 1,2025-02-04,2025,2,2025-02,1405,Pelalawan,Riau,1405,kode,,0,,0.0,0.0,0,0,False
1499,1403 106 20250204 1,2025-02-04,2025,2,2025-02,1403,Bengkalis,Riau,1403,kode,,0,,0.0,0.0,0,0,False
1500,1404 106 20250204 1,2025-02-04,2025,2,2025-02,1404,Indragiri Hilir,Riau,1404,kode,,0,,0.0,0.0,0,0,False
1501,1224 106 20250204 1,2025-02-04,2025,2,2025-02,1224,Nias Utara,Sumatera Utara,1224,kode,,0,,0.0,0.0,0,0,False
1502,6204 106 20250204 1,2025-02-04,2025,2,2025-02,6204,Barito Selatan,Kalimantan Tengah,6204,kode,,0,,0.0,0.0,0,0,False
1503,1408 106 20250204 1,2025-02-04,2025,2,2025-02,1408,Siak,Riau,1408,kode,,0,,0.0,0.0,0,0,False
1504,1403 106 20250204 1,2025-02-04,2025,2,2025-02,1403,Bengkalis,Riau,1403,kode,,0,,0.0,0.0,0,0,True
1505,3305 106 20250203 1,2025-02-03,2025,2,2025-02,3305,Kebumen,Jawa Tengah,3305,kode,,0,,0.0,0.0,0,0,False
1506,6204 106 20250202 1,2025-02-02,2025,2,2025-02,6204,Barito Selatan,Kalimantan Tengah,6204,kode,,0,,0.0,0.0,0,0,False
1507,6204 106 20250202 1,2025-02-02,2025,2,2025-02,6204,Barito Selatan,Kalimantan Tengah,6204,kode,,0,,0.0,0.0,0,0,True
1508,6204 106 20250119 1,2025-01-19,2025,1,2025-01,6204,Barito Selatan,Kalimantan Tengah,6204,kode,,0,,0.0,0.0,0,0,False
1509,1502 106 20250112 1,2025-01-12,2025,1,2025-01,1502,Merangin,Jambi,1502,kode,,0,,0.0,0.0,0,0,False
1510,2101 106 20250108 1,2025-01-08,2025,1,2025-01,2101,Bintan,Kepulauan Riau,2101,kode,Bintan Utara,1,,0.0,0.0,0,0,False
1511,2101 106 20250107 1,2025-01-07,2025,1,2025-01,2101,Bintan,Kepulauan Riau,2101,kode,,0,,0.0,0.0,0,0,False
1512,1502 106 20250104 1,2025-01-04,2025,1,2025-01,1502,Merangin,Jambi,1502,kode,,0,,0.0,0.0,0,0,False
1513,1501 106 20250102 1,2025-01-02,2025,1,2025-01,1501,Kerinci,Jambi,1501,kode,Keliling Danau,1,,0.0,0.0,0,0,False
1514,2101 106 20241228 1,2024-12-28,2024,12,2024-12,2101,Bintan,Kepulauan Riau,2101,kode,Bintan Utara,1,Dalam proses lidik dan sidik penegak hukum,0.0,0.0,0,0,False
1515,1508 106 20241211 1,2024-12-11,2024,12,2024-12,1508,Bungo,Jambi,1508,kode,,0,,0.0,0.0,0,0,False
1516,1213 106 20241130 1,2024-11-30,2024,11,2024-11,1213,Mandailing Natal,Sumatera Utara,1213,kode,,0,"Menurut Informasi Yang diperoleh saat ini Anggota Taruna Siaga Bencana Madina, Husni Iskandar dalam laporannya menyampaikan bahwa kejadian kebakaran hutan sekitar pukul 20.30 wib. Api bisa di padamkan pada pukul 21.45 wib, setelah mobil pemadam kabakaran di bantu warga berjibaku memadamkan kobaran api dari dalam lahan tersebut. Sementara penyebab kebakaran belum dapat di pastikan, namun aparat kepolisian sudah berada di lokasi untuk melakukan penyelidikan.",,,0,0,False
1517,3510 106 20241125 1,2024-11-25,2024,11,2024-11,3510,Banyuwangi,Jawa Timur,3510,kode,Banyuwangi,1,"Terjadi Kebakaran Lahan, Senin 25 November pkl.11.40 WIB, akibat kesengajaan,",0.0,0.0,0,0,False
1518,1508 106 20241118 1,2024-11-18,2024,11,2024-11,1508,Bungo,Jambi,1508,kode,,0,,0.0,0.0,0,0,False
1519,1610 106 20241117 1,2024-11-17,2024,11,2024-11,1610,Ogan Ilir,Sumatera Selatan,1610,kode,,0,,,,0,0,False
1520,1610 106 20241116 1,2024-11-16,2024,11,2024-11,1610,Ogan Ilir,Sumatera Selatan,1610,kode,,0,,,,0,0,False
1521,1612 106 20241115 1,2024-11-15,2024,11,2024-11,1612,Penukal Abab Lematang Ilir,Sumatera Selatan,1612,kode,,0,,,,0,0,False
1522,2101 106 20241114 1,2024-11-14,2024,11,2024-11,2101,Bintan,Kepulauan Riau,2101,kode,,0,Sumber api tidak diketahui,0.0,0.0,0,0,False
1523,1610 106 20241114 1,2024-11-14,2024,11,2024-11,1610,Ogan Ilir,Sumatera Selatan,1610,kode,,0,,,,0,0,False
1524,5208 106 20241113 1,2024-11-13,2024,11,2024-11,5208,Lombok Utara,Nusa Tenggara Barat,5208,kode,,0,,0.0,0.0,0,0,False
1525,1508 106 20241113 1,2024-11-13,2024,11,2024-11,1508,Bungo,Jambi,1508,kode,,0,,0.0,0.0,0,0,False
1526,1508 106 20241110 1,2024-11-10,2024,11,2024-11,1508,Bungo,Jambi,1508,kode,,0,,0.0,0.0,0,0,False
1527,1206 106 20241104 1,2024-11-04,2024,11,2024-11,1206,Karo,Sumatera Utara,1206,kode,,0,"Manggala Agni melakukan patroli karhutla dan juga menerima laporan dari warga sekitar bahwasanya telah ditemukan titik api (hotspot) dilahan masyarakat dengan vegetasi Pinus, Ilalang dan semak belukar dengan jenis tanah non gambut Penyebab kebakaran lahan tersebut masih dalam penyelidikan.",,,0,0,False
1528,1206 106 20241102 1,2024-11-02,2024,11,2024-11,1206,Karo,Sumatera Utara,1206,kode,,0,"Manggala Agni melakukan patroli karhutla dan juga menerima laporan dari warga sekitar bahwasanya telah ditemukan titik api (hotspot) dilahan masyarakat dengan vegetasi Pinus, Ilalang dan semak belukar dengan jenis tanah non gambut Penyebab kebakaran lahan tersebut masih dalam penyelidikan.",,,0,0,False
1529,1220 106 20241102 1,2024-11-02,2024,11,2024-11,1220,Padang Lawas Utara,Sumatera Utara,1220,kode,,0,Manggala Agni melakukan patroli karhutla dan juga menerima laporan dari warga sekitar bahwasanya telah ditemukan titik api (hotspot) dilahan masyarakat dengan vegetasi kayu hutan dan semak belukar dengan jenis tanah non gambut Penyebab kebakaran lahan tersebut masih dalam penyelidikan.,,,0,0,False
1530,6471 106 20241102 1,2024-11-02,2024,11,2024-11,6471,Kota Balikpapan,Kalimantan Timur,6471,kode,,0,,0.0,0.0,0,0,False
1531,1612 106 20241101 1,2024-11-01,2024,11,2024-11,1612,Penukal Abab Lematang Ilir,Sumatera Selatan,1612,kode,,0,,,,0,0,False
1532,1603 106 20241101 1,2024-11-01,2024,11,2024-11,1603,Muara Enim,Sumatera Selatan,1603,kode,,0,,,,0,0,False
1533,1906 106 20241031 1,2024-10-31,2024,10,2024-10,1906,Belitung Timur,Kepulauan Bangka Belitung,1906,kode,Manggar,1,Menurut informasi dari warga pada pukul 12.00 WIB Tanggal 31 Oktober 2024. bahwa ada kebakaran lahan di area Pantai Lalang Desa Lalang dan di area Kulong Kero Desa Padang Kecamatan Manggar. Penyebab kebakaran belum diketahui masih dalam penyelidikan.,0.0,0.0,0,0,False
1534,3274 106 20241031 1,2024-10-31,2024,10,2024-10,3274,Kota Cirebon,Jawa Barat,3274,kode,,0,,,,0,0,False
1535,1603 106 20241031 1,2024-10-31,2024,10,2024-10,1603,Muara Enim,Sumatera Selatan,1603,kode,,0,,,,0,0,False
1536,1508 106 20241031 1,2024-10-31,2024,10,2024-10,1508,Bungo,Jambi,1508,kode,,0,,0.0,0.0,0,0,False
1537,1612 106 20241031 1,2024-10-31,2024,10,2024-10,1612,Penukal Abab Lematang Ilir,Sumatera Selatan,1612,kode,,0,,,,0,0,False
1538,1906 106 20241030 1,2024-10-30,2024,10,2024-10,1906,Belitung Timur,Kepulauan Bangka Belitung,1906,kode,Manggar,1,"Menurut informasi dari warga pada pukul 10.30 WIB. saat dalam perjalanan pulang dari kebun yang berada di samping lokasi kebakaran melihat adanya kepulan asap dari arah selatan kemudian saat kembali lagi ke kebun sekitar pukul 12:30 WIB, kebakaran telah menyebar hingga ke kebun pelapor dan menuju ke arah kulong kero.",0.0,0.0,0,0,False
1539,6402 106 20241030 1,2024-10-30,2024,10,2024-10,6402,Kutai Kartanegara,Kalimantan Timur,6402,kode,,0,,0.0,0.0,0,0,False
1540,1610 106 20241030 1,2024-10-30,2024,10,2024-10,1610,Ogan Ilir,Sumatera Selatan,1610,kode,,0,,,,0,0,False
1541,1508 106 20241030 1,2024-10-30,2024,10,2024-10,1508,Bungo,Jambi,1508,kode,,0,,0.0,0.0,0,0,False
1542,1602 106 20241030 1,2024-10-30,2024,10,2024-10,1602,Ogan Komering Ilir,Sumatera Selatan,1602,kode,,0,,,,0,0,False
1543,1211 106 20241030 1,2024-10-30,2024,10,2024-10,1211,Dairi,Sumatera Utara,1211,kode,,0,"Manggala Agni melakukan patroli karhutla dan juga menerima laporan dari warga sekitar bahwasanya telah ditemukan titik api (hotspot) dengan titik koordinat Lat 2.79191 dan Long 98.51752 dilahan yang berstatus hutan lindung,  dengan vegetasi  ilalang dan semak belukar dengan jenis tanah non gambut Penyebab kebakaran lahan tersebut masih dalam penyelidikan.",,,0,0,False
1544,1502 106 20241030 1,2024-10-30,2024,10,2024-10,1502,Merangin,Jambi,1502,kode,,0,,0.0,0.0,0,0,False
1545,3514 106 20241030 1,2024-10-30,2024,10,2024-10,3514,Pasuruan,Jawa Timur,3514,kode,Gempol,1,Masih dalam proses lidik dan sidik penegak hukum,0.0,0.0,0,0,False
1546,1612 106 20241030 1,2024-10-30,2024,10,2024-10,1612,Penukal Abab Lematang Ilir,Sumatera Selatan,1612,kode,,0,,,,0,0,False
1547,1221 106 20241030 1,2024-10-30,2024,10,2024-10,1221,Padang Lawas,Sumatera Utara,1221,kode,,0,"Manggala Agni melakukan patroli karhutla dan juga menerima laporan dari warga sekitar bahwasanya telah ditemukan titik api (hotspot) dwngan titik koordinat Lat 1.31503 dan Long 99.91488 dilahan masyarakat dengan vegetasi  sawit, ilalang dan semak belukar dengan jenis tanah non gambut Penyebab kebakaran lahan tersebut masih dalam penyelidikan.",,,0,0,False
1548,1502 106 20241029 1,2024-10-29,2024,10,2024-10,1502,Merangin,Jambi,1502,kode,,0,,0.0,0.0,0,0,False
1549,5107 106 20241029 1,2024-10-29,2024,10,2024-10,5107,Karangasem,Bali,5107,kode,Abang,1,"Telah terjadi kebakaran hutan pada Rabu, 30 Oktober 2024, sekitar pukul 10.00 WITA di kawasan Gunung Abang Agung (RTK 8), Dusun Kedampal, yang mencakup area antara pal B. 615 hingga B. 620. Lokasi kebakaran berjarak sekitar 5-6 kilometer dari pos pemantauan atau sekitar tiga jam perjalanan kaki. Penyebab kebakaran masih dalam proses lidik dan sidik penegak hukum.",0.0,0.0,0,0,False
1550,1602 106 20241029 1,2024-10-29,2024,10,2024-10,1602,Ogan Komering Ilir,Sumatera Selatan,1602,kode,,0,,,,0,0,False
1551,1610 106 20241029 1,2024-10-29,2024,10,2024-10,1610,Ogan Ilir,Sumatera Selatan,1610,kode,,0,,,,0,0,False
1552,1612 106 20241029 1,2024-10-29,2024,10,2024-10,1612,Penukal Abab Lematang Ilir,Sumatera Selatan,1612,kode,,0,,,,0,0,False
1553,2101 106 20241029 1,2024-10-29,2024,10,2024-10,2101,Bintan,Kepulauan Riau,2101,kode,Toapaya,1,Masih dalam proses lidik dan sidik penegak hukum,0.0,0.0,0,0,False
1554,6402 106 20241029 1,2024-10-29,2024,10,2024-10,6402,Kutai Kartanegara,Kalimantan Timur,6402,kode,,0,,0.0,0.0,0,0,False
1555,1508 106 20241029 1,2024-10-29,2024,10,2024-10,1508,Bungo,Jambi,1508,kode,,0,,0.0,0.0,0,0,False
1556,1220 106 20241029 1,2024-10-29,2024,10,2024-10,1220,Padang Lawas Utara,Sumatera Utara,1220,kode,,0,Manggala Agni melakukan patroli karhutla dan juga menerima laporan dari warga sekitar bahwasanya telah ditemukan titik api (hotspot) dilahan masyarakat dengan vegetasi  ilalang dan semak belukar dengan jenis tanah non gambut Penyebab kebakaran lahan tersebut masih dalam penyelidikan.,,,0,0,False
1557,3317 106 20241029 1,2024-10-29,2024,10,2024-10,3317,Rembang,Jawa Tengah,3317,kode,Rembang,1,"Masih dalam proses lidik dan sidik penegak hukum; Diduga sedang melakukan pembersihan dengan membakar sampah, kemudian merambat ke lahan.",0.0,0.0,0,0,False
1558,1222 106 20241028 1,2024-10-28,2024,10,2024-10,1222,Labuhanbatu Selatan,Sumatera Utara,1222,kode,,0,Manggala Agni melakukan patroli karhutla dan juga menerima laporan dari warga sekitar bahwasanya telah ditemukan titik api (hotspot) dititik koordinat Lat 1.73912 Long 99.75589  dilahan milik masyarakat dengan vegetasi karet dan semak belukar dengan jenis tanah non gambut Penyebab kebakaran lahan tersebut masih dalam penyelidikan,,,0,0,False
1559,6501 106 20241028 1,2024-10-28,2024,10,2024-10,6501,Bulungan,Kalimantan Utara,6501,kode,Tanjung Selor,1,"Telah terjadi kebakaran hutan dan lahan di Ds. Bumi Rahayu, Kec. Tanjung Selor, Kab. Bulungan. pada hari senin, 28 Oktober 2024, pukul 13.00 WITA. Menurut keterangan 2 orang saksi di sekitar lokasi, adanya api yang sudah membesar di dalam areal sirkuit dan sudah menjalar keluar melewati pagar sirkuit dan kemudian saksi bersama warga berupaya memadamkan api menggunakan ranting pohon. Sekitar pukul 15.15 WITA 1 Unit Awc Dit Samapta Polda datang, kemudian pukul 15.30 WITA 2 unit mobil BPBD Kab. Bulungan datang untuk memadamkan api.  Penyebab kebakaran masih dalam proses lidik dan sidik penegak hukum.",0.0,0.0,0,0,False
1560,3205 106 20241028 1,2024-10-28,2024,10,2024-10,3205,Garut,Jawa Barat,3205,kode,Tarogong,1,"Penyebab kejadian belum diketahui,masih dalam penyelidikan.",0.0,0.0,0,0,False
1561,1610 106 20241028 1,2024-10-28,2024,10,2024-10,1610,Ogan Ilir,Sumatera Selatan,1610,kode,,0,,,,0,0,False
1562,1206 106 20241028 2,2024-10-28,2024,10,2024-10,1206,Karo,Sumatera Utara,1206,kode,,0,"Manggala Agni melakukan patroli karhutla dan juga menerima laporan dari warga sekitar bahwasanya telah ditemukan titik api (hotspot) dilahan konservasi dan lahan masyarakat dengan vegetasi Pinus, Ilalang dan semak belukar dengan jenis tanah non gambut Penyebab kebakaran lahan tersebut masih dalam penyelidikan.",,,0,0,False
1563,1906 106 20241028 1,2024-10-28,2024,10,2024-10,1906,Belitung Timur,Kepulauan Bangka Belitung,1906,kode,Kalapa Kampit,1,"Pada saat sdr Rudi keluar rumah terlihat dari arah depan rumahnya ada kepulan asap hitam, ternyata api yang melalap lahan perkebunan yang tidak terlalu jauh dari rumahnya dan tidak tau api berasal dari mana, karena itu segera sdr Rudi menghubungi nomor hotline BPBD Kabupaten Belitung Timur, untuk meminta bantuan pemadaman kebakaran tersebut.",0.0,0.0,0,0,False
1564,1206 106 20241028 1,2024-10-28,2024,10,2024-10,1206,Karo,Sumatera Utara,1206,kode,,0,"Manggala Agni melakukan patroli karhutla dan juga menerima laporan dari warga sekitar bahwasanya telah ditemukan titik api (hotspot) dilahan HGU (Hak Guna Usaha) milik perusahaan dengan vegetasi Pinus, Ilalang dan Semak belukar dengan jenis tanah non gambut Penyebab kebakaran lahan tersebut masih dalam penyelidikan.",,,0,0,False
1565,1203 106 20241028 1,2024-10-28,2024,10,2024-10,1203,Tapanuli Selatan,Sumatera Utara,1203,kode,,0,"Manggala Agni bersama dengan TNI/Polri melakukakn patroli karhutla dan juga menerima laporan dari warga sekitar bahwasanya telah ditemukan titik api (hotspot) yang berada di empat lokasi yang berbeda, adapun lahan tesebut di tiga lokasi adalah milik warga dan yang satu lagi lahan tersebut dengan status Hutan Konservasi dengan vegetasi kayu hutan dan semak belukar dengan topografi tanah non gambut. Penyebab kebakaran lahan tersebut masih dalam penyelidikan.",,,0,0,False
1566,6304 106 20241028 1,2024-10-28,2024,10,2024-10,6304,Barito Kuala,Kalimantan Selatan,6304,kode,Cerbon,1,"Pada hari Senin, 28 Oktober 2024 Pkl. 11.30 WIB terjadi kebakaran lahan galam di Plasma samping Pelabuhan PT. Palmina Utama Julong Group, Desa Sawahan, Kec. Cerbon, Kab. Barito Kuala. Penyebab kebakaran masih dalam proses lidik dan sidik penegak hukum.",0.0,0.0,0,0,False
1567,1221 106 20241027 1,2024-10-27,2024,10,2024-10,1221,Padang Lawas,Sumatera Utara,1221,kode,,0,"Manggala Agni melalui aplikasi lancang kuning menemukan titik api yang membakar lahan milik masyarakat dengan vegetasi  sawit, kayu hutan dan semak belukar dengan jenis tanah non gambut, penyebab kebakaran karena kesengajaan pemilik lahan membakar lahan dengan sengaja.",,,0,0,False
1568,6471 106 20241027 1,2024-10-27,2024,10,2024-10,6471,Kota Balikpapan,Kalimantan Timur,6471,kode,,0,,0.0,0.0,0,0,False
1569,1672 106 20241027 1,2024-10-27,2024,10,2024-10,1672,Kota Pagar Alam,Sumatera Selatan,1672,kode,,0,,,,0,0,False
1570,3511 106 20241027 1,2024-10-27,2024,10,2024-10,3511,Bondowoso,Jawa Timur,3511,kode,Grujugan,1,"Telah terjadi kebakaran hutan yang berada di Petak 50E-4 RPH Wringin Tapung, BKPH Bondowoso, KPH Bondowoso. Penyebab kebakaran hingga saat ini masih dalam proses lidik dan sidik penegak hukum",0.0,0.0,0,0,False
1571,1217 106 20241027 1,2024-10-27,2024,10,2024-10,1217,Samosir,Sumatera Utara,1217,kode,,0,"Pihak Polres Samosir mendapatkan laporan dari warga bahwasanya terjadi kebakaran lahan yang terjadi di kawasan kaki Gunung Pusuk Buhit kemudian turun turun kelokasi untuk memastikan kebebnaran informasi tersebut, adapun penyebab terjadinya kebakaran lahan masih belum diketahui penyebabnya dengan pasti.",,,0,0,False
1572,1508 106 20241027 1,2024-10-27,2024,10,2024-10,1508,Bungo,Jambi,1508,kode,,0,,0.0,0.0,0,0,False
1573,1220 106 20241027 1,2024-10-27,2024,10,2024-10,1220,Padang Lawas Utara,Sumatera Utara,1220,kode,,0,"Manggala Agni melalui aplikasi lancang kuning menemukan titik api yang membakar lahan milik masyarakat dengan vegetasi  sawit, kayu hutan dan semak belukar dengan jenis tanah non gambut, penyebab kebakaran karena kesengajaan pemilik lahan membakar lahan dengan sengaja.",,,0,0,False
1574,1303 106 20241027 1,2024-10-27,2024,10,2024-10,1303,Sijunjung,Sumatera Barat,1303,kode,Kamang Baru,1,"Telah terjadi kebakaran hutan dan lahan di Nagari Sungai Betung, Kecamatan Kamang Baru, Kabupaten Sijunjung. pada hari minggu, 27 Oktober 2024, pukul 14:50 WIB. Menurut keterangan salah seorang saksi di sekitar lokasi, ada warga yang membakar sisa sampah menimbulkan api membesar tidak dapat dikendalikan karena terkena hembusan angin cukup kencang sehingga menyebabkan api menjalar ke ladang warga lainnya membakar lahan seluas sekitar ±2 Ha lahan kebun sawit.",0.0,0.0,0,0,False
1575,1105 106 20241026 1,2024-10-26,2024,10,2024-10,1105,Aceh Barat,Aceh,1105,kode,Johan Pahlawan Gp. Suak Ribee,1,"Pada hari sabtu, tanggal 26 oktober 2024 BPBD Kab. Aceh Barat menerima laporan masyarakat mengenai adanya titik api di kawasan suak ribee (di dekat kampus Akper).   Kemudian Pusdalops BPBD Kab. Aceh Barat merespon laporan dengan mengecek lokasi kejadian guna memastikan lokasi titik api tersebut dan melakukan pemadaman api yang membakar lahan.",0.0,0.0,0,0,False
1576,3529 106 20241026 1,2024-10-26,2024,10,2024-10,3529,Sumenep,Jawa Timur,3529,kode,Sumenep,1,Penyebab kebakaran disebabkan oleh pembakaran sampah sisa daun kering hingga merembet ke lahan sekitar,0.0,0.0,0,0,False
1577,1610 106 20241026 1,2024-10-26,2024,10,2024-10,1610,Ogan Ilir,Sumatera Selatan,1610,kode,,0,,,,0,0,False
1578,6407 106 20241026 1,2024-10-26,2024,10,2024-10,6407,Kutai Barat,Kalimantan Timur,6407,kode,,0,,0.0,0.0,0,0,False
1579,1502 106 20241026 1,2024-10-26,2024,10,2024-10,1502,Merangin,Jambi,1502,kode,,0,,0.0,0.0,0,0,False
1580,1906 106 20241026 1,2024-10-26,2024,10,2024-10,1906,Belitung Timur,Kepulauan Bangka Belitung,1906,kode,Manggar,1,Dalam proses lidik dan sidik penegak hukum,0.0,0.0,0,0,False
1581,1508 106 20241026 1,2024-10-26,2024,10,2024-10,1508,Bungo,Jambi,1508,kode,,0,,0.0,0.0,0,0,False
1582,3517 106 20241025 1,2024-10-25,2024,10,2024-10,3517,Jombang,Jawa Timur,3517,kode,Mojoagung,1,"Penyebab kebakaran disebabkan karena pembakaran sampah, karena angin kencang api membesar meluas mendekati rumpun bambu",0.0,0.0,0,0,False
1583,1304 106 20241025 1,2024-10-25,2024,10,2024-10,1304,Tanah Datar,Sumatera Barat,1304,kode,Sungaian Ng. Minangkabau,1,Masih dalam proses lidik dan sidik penegak hukum,0.0,0.0,0,0,False
1584,1610 106 20241025 1,2024-10-25,2024,10,2024-10,1610,Ogan Ilir,Sumatera Selatan,1610,kode,,0,,,,0,0,False
1585,1504 106 20241024 1,2024-10-24,2024,10,2024-10,1504,Batanghari,Jambi,1504,kode,,0,,0.0,0.0,0,0,False
1586,1105 106 20241024 1,2024-10-24,2024,10,2024-10,1105,Aceh Barat,Aceh,1105,kode,Samatiga Gp. Deuah; Johan Pahlawan Gp. Suak Ribee,2,BPBD Kab. Aceh Barat menerima laporan dari masyarakat pada hari kamis tanggal 24 Oktober 2024 pukul 14.30 WIB terkait adanya titik api di wilayah Kec. Samatiga.   Kemudian Pusdalops BPBD Kab. Aceh Barat merespon laporan dengan mengecek lokasi kejadian guna memastikan lokasi titik api tersebut dan melakukan pemadaman api yang membakar lahan di Gp. Deuah Kec. Samatiga Kab. Aceh Barat.,0.0,0.0,0,0,False
1587,3517 106 20241024 1,2024-10-24,2024,10,2024-10,3517,Jombang,Jawa Timur,3517,kode,Sumobito,1,"Terjadi  Kebakaran pada Kamis,24 Oktober 2024 pkl.11.30 WIB di Dusun Babut, Ds.Plemahan, Kec.Sumobito yang disebabkan pembakaran sampah yang merambat ke lahan Tebu",0.0,0.0,0,0,False
1588,6407 106 20241024 1,2024-10-24,2024,10,2024-10,6407,Kutai Barat,Kalimantan Timur,6407,kode,,0,,0.0,0.0,0,0,False
1589,1221 106 20241024 1,2024-10-24,2024,10,2024-10,1221,Padang Lawas,Sumatera Utara,1221,kode,,0,"Manggala Agni melalui aplikasi lancang kuning menemukan titik api yang membakar lahan milik masyarakat dengan vegetasi  sawit, kayu hutan dan semak belukar dengan jenis tanah non gambut, penyebab kebakaran karena kesengajaan pemilik lahan membakar lahan dengan sengaja.",,,0,0,False
1590,6402 106 20241024 3,2024-10-24,2024,10,2024-10,6402,Kutai Kartanegara,Kalimantan Timur,6402,kode,,0,,0.0,0.0,0,0,False
1591,6402 106 20241024 2,2024-10-24,2024,10,2024-10,6402,Kutai Kartanegara,Kalimantan Timur,6402,kode,,0,,0.0,0.0,0,0,False
1592,3209 106 20241024 1,2024-10-24,2024,10,2024-10,3209,Cirebon,Jawa Barat,3209,kode,Beber,1,masih dalam penyelidikan lidik dan sidik,0.0,0.0,0,0,False
1593,6402 106 20241024 1,2024-10-24,2024,10,2024-10,6402,Kutai Kartanegara,Kalimantan Timur,6402,kode,,0,,0.0,0.0,0,0,False
1594,6101 106 20241023 1,2024-10-23,2024,10,2024-10,6101,Sambas,Kalimantan Barat,6101,kode,,0,"pada hari rabu tim BPBD melakukan pemadaman karhutla bersama Manggala Agni, TNI, Polri dan Masyarakat MPA diperkirakan lahan yang sudah terbakar untuk sementara kurang lebih 10 Ha",0.0,0.0,0,0,False
1595,1203 106 20241023 1,2024-10-23,2024,10,2024-10,1203,Tapanuli Selatan,Sumatera Utara,1203,kode,,0,"Manggala Agni melalui aplikasi lancang kuning menemukan titik api yang membakar lahan milik masyarakat dengan vegetasi semak belukar, penyebab kebakaran karena kesengajaan pemilik lahan membakar lahan dengan sengaja.",,,0,0,False
1596,1221 106 20241023 1,2024-10-23,2024,10,2024-10,1221,Padang Lawas,Sumatera Utara,1221,kode,,0,"Manggala Agni melalui aplikasi lancang kuning menemukan titik api yang membakar lahan milik masyarakat dengan vegetasi anakn kayu, penyebab kebakaran karena kesengajaan pemilik lahan membakar lahan dengan sengaja.",,,0,0,False
1597,1213 106 20241023 1,2024-10-23,2024,10,2024-10,1213,Mandailing Natal,Sumatera Utara,1213,kode,,0,"Manggala Agni melalui aplikasi lancang kuning menemukan titik api yang membakar lahan milik masyarakat dengan vegetasi  kayu hutan dan semak belukar, penyebab kebakaran karena kesengajaan pemilik lahan membakar lahan dengan sengaja.",,,0,0,False
1598,5315 106 20241023 1,2024-10-23,2024,10,2024-10,5315,Manggarai Barat,Nusa Tenggara Timur,5315,kode,Welak,1,"Berdasarkan sumber informasi yang didapat dari Kepala Desa Gurung, Kec. Welak, bahwa telah terjadi bencana kebakaran lahan cengkeh warga yang terjadi di Kampung Norang, Desa Gurung, Kec. Welak yang diakibatkan dari api yang tidak diketahui sumbernya, pada hari Selasa, 23 Oktober 2024 dari Pukul 14.00-16.00 Wita",0.0,0.0,0,0,False
1599,1222 106 20241022 1,2024-10-22,2024,10,2024-10,1222,Labuhanbatu Selatan,Sumatera Utara,1222,kode,,0,"Manggala Agni melalui aplikasi lancang kuning menemukan titik api yang membakar lahan milik masyarakat dengan vegetasi Karet, dengan jenis tanah non gambut, penyebab kebakaran karena kesengajaan pemilik lahan membakar lahan dengan sengaja",,,0,0,False
1600,1201 106 20241022 1,2024-10-22,2024,10,2024-10,1201,Tapanuli Tengah,Sumatera Utara,1201,kode,,0,"Terjadinya kebakaran lahan milik warga di wilayah Kelurahan Sibuluan Nalambok Lingkungan Sibuni-buni terbakar, adapun penyebab kebakaran disebabkan oleh cuaca yang cukup panas dan sudah berlangsung selama beberapa hari ditambah dengan puntung rokok yang dibuang oleh warga yang melintas di lahan tersebut.",,,0,0,False
1601,1221 106 20241022 1,2024-10-22,2024,10,2024-10,1221,Padang Lawas,Sumatera Utara,1221,kode,,0,"Manggala Agni melalui aplikasi lancang kuning menemukan titik api yang membakar lahan milik masyarakat dengan vegetasi semak belukar, penyebab kebakaran karena kesengajaan pemilik lahan membakar lahan dengan sengaja.",,,0,0,False
1602,3301 106 20241021 1,2024-10-21,2024,10,2024-10,3301,Cilacap,Jawa Tengah,3301,kode,Cimanggu,1,"Pada hari Senin, tanggal 21 Oktober 2024 sekitar pukul +/- 15. 00 WIB melihat kobaran api yang yang muncul di perkebunan warga masih dalam  proses lidik dan sidik penegak hukum",0.0,0.0,0,0,False
1603,1508 106 20241021 1,2024-10-21,2024,10,2024-10,1508,Bungo,Jambi,1508,kode,,0,,0.0,0.0,0,0,False
1604,1610 106 20241021 1,2024-10-21,2024,10,2024-10,1610,Ogan Ilir,Sumatera Selatan,1610,kode,,0,,,,0,0,False
1605,1303 106 20241021 1,2024-10-21,2024,10,2024-10,1303,Sijunjung,Sumatera Barat,1303,kode,,0,,,,0,0,False
1606,1220 106 20241021 1,2024-10-21,2024,10,2024-10,1220,Padang Lawas Utara,Sumatera Utara,1220,kode,,0,Manggala Agni melalui aplikasi lancang kuning menemukan titik api yang membakar lahan milik masyarakat dengan vegetasi kayu hutan dan semak belukar penyebab kebakaran karena kesengajaan pemilik lahan membakar lahan dengan sengaja.,,,0,0,False
1607,5107 106 20241020 1,2024-10-20,2024,10,2024-10,5107,Karangasem,Bali,5107,kode,,0,Telah terjadi kebakaran lahan bukit mangun,0.0,0.0,0,0,False
1608,1221 106 20241020 1,2024-10-20,2024,10,2024-10,1221,Padang Lawas,Sumatera Utara,1221,kode,,0,"Manggala Agni melalui aplikasi lancang kuning menemukan titik api yang membakar lahan milik masyarakat dengan vegetasi anakan kayu, penyebab kebakaran karena kesengajaan pemilik lahan membakar lahan dengan sengaja.",,,0,0,False
1609,1612 106 20241019 1,2024-10-19,2024,10,2024-10,1612,Penukal Abab Lematang Ilir,Sumatera Selatan,1612,kode,,0,,,,0,0,False
1610,1612 106 20241018 1,2024-10-18,2024,10,2024-10,1612,Penukal Abab Lematang Ilir,Sumatera Selatan,1612,kode,,0,,,,0,0,False
1611,3514 106 20241018 1,2024-10-18,2024,10,2024-10,3514,Pasuruan,Jawa Timur,3514,kode,Gempol,1,"Pada hari Jum’at tanggal 18 Oktober 2024 pukul 12.30 WIB terjadi kebakaran di Dsn. Randupitu, Ds. Randupitu, Kec. Gempol dan selanjutnya terjadi kebakaran lahan pada hari Jum'at, 18 Oktober 2024 pukul 17.30 WIB di Dsn. Kejapanan, Ds. Carat, Kec. Gempol. Penyebab kebakaran diakibatkan pembakaran sampah dan  masih dalam proses lidik dan sidik penegak hukum.",0.0,0.0,0,0,False
1612,1607 106 20241017 1,2024-10-17,2024,10,2024-10,1607,Banyuasin,Sumatera Selatan,1607,kode,,0,,,,0,0,False
1613,3510 106 20241017 1,2024-10-17,2024,10,2024-10,3510,Banyuwangi,Jawa Timur,3510,kode,Glenmore,1,"Pada hari Kamis, 17 Oktober 2024, pkl. 09.00 WIB telah terjadi kebakaran hutan yang berada di area Gn. Raung, KRPH Krikilan, Kec. Glenmore. Penyebab saat ini kebakaran masih proses lidik dan sidik penegak hukum.",0.0,0.0,0,0,False
1614,6471 106 20241016 1,2024-10-16,2024,10,2024-10,6471,Kota Balikpapan,Kalimantan Timur,6471,kode,,0,,0.0,0.0,0,0,False
1615,1607 106 20241016 1,2024-10-16,2024,10,2024-10,1607,Banyuasin,Sumatera Selatan,1607,kode,,0,,,,0,0,False
1616,5107 106 20241016 1,2024-10-16,2024,10,2024-10,5107,Karangasem,Bali,5107,kode,Kubu,1,Telah terjadi kebakaran lahan bukit mangun,0.0,0.0,0,0,False
1617,3520 106 20241016 1,2024-10-16,2024,10,2024-10,3520,Magetan,Jawa Timur,3520,kode,Parang,1,"Terjadi kebakaran lahan kebun jati pada hari Rabu, 16 Oktober 2024 pukul 09.00 WIB, berlokasi di Gn. Bancak, Ds. Sundul, Kec. Parang yang disebabkan oleh adanya aktivitas pembakaran serasah daun jati, api semakin membesar akibat tiupan angin yang cukup kencang menjalar dan meluas membakar pepohonan kebun jati di lokasi kejadian.",0.0,0.0,0,0,False
1618,6401 106 20241016 1,2024-10-16,2024,10,2024-10,6401,Paser,Kalimantan Timur,6401,kode,,0,,0.0,0.0,0,0,False
1619,3512 106 20241014 1,2024-10-14,2024,10,2024-10,3512,Situbondo,Jawa Timur,3512,kode,Kendit,1,"Pada hari Senin, 14 Oktober 2024 pukul 19.10 WIB terjadi kebakaran hutan dan lahan di Petak 40, RPH Kendit, BKPH Panarukan, KPH Bondowoso wilayah administrasi Dsn. Gundil, Ds. Klatakan, Kec. Kendit. Penyebab kebakaran masih belum diketahui dan tidak ada korban jiwa dalam kejadian. Api berhasil dipadamkan pada pukul 21.30 WIB.",0.0,0.0,0,0,False
1620,3517 106 20241014 1,2024-10-14,2024,10,2024-10,3517,Jombang,Jawa Timur,3517,kode,Jombang,1,"Telah terjadi kebakaran lahan pada hari Senin, 14 Oktober 2024 pukul 13.00 WIB di Jl. Prof. Dr. Nur Kholis Majid No. 168, Kec. Jombang. Dalam kejadian ini tidak ada korban jiwa dan penyebab kebakaran belum diketahui",0.0,0.0,0,0,False
1621,6407 106 20241013 1,2024-10-13,2024,10,2024-10,6407,Kutai Barat,Kalimantan Timur,6407,kode,,0,,0.0,0.0,0,0,False
1622,3510 106 20241013 1,2024-10-13,2024,10,2024-10,3510,Banyuwangi,Jawa Timur,3510,kode,Kalibaru.,1,"Kronologi: Pada hari Minggu, 13 Oktober 2024 pukul 12.00 WIB terjadi kebakaran hutan & lahan di gunung Raung punggungan tengah sebelah timur jalur pendakian Via Kalibaru. Area yang terbakar jauh dari pemukiman dan titik api berada di medan yang terjal sulit dijangkau, tumbuhan yang terbaka berupa pohon cemara dan pohon klompis. Saat ini jalur pendakian Via Kalibaru ditutup untuk sementara waktu. Kondisi terkini : Api masih belum padam #Update Senin, 14 Oktober 2024 pukul 12.00 WIB sbb: Perkembangan: - Pada hari Minggu, 13 Oktober 2024 pukul 12.00 WIB terjadi kebakaran hutan & lahan di gunung Raung punggungan tengah sebelah timur jalur pendakian Via Kalibaru. - Senin, 14 Oktober 2024 Sekretariat Pendakian G. Raung 3344 MDPL melakukan penutupan sementara jalur pendakian. - Personil BPBD Prov. Jatim dan Dinas Perhutani melakukan pemantauan titik api. Kondisi titik api saat ini jauh dari pemukiman. - Cuaca saat ini : Cerah Kondisi terkini: Api masih belum padam Kendala: - Titik api berada di area yang terjal dan sulit dijangkau. #Update Senin, 14 Oktober 2024 pukul 18.00 WIB sbb: Perkembangan: - Senin, 14 Oktober 2024 Sekretariat Pendakian G. Raung 3344 MDPL melakukan penutupan sementara jalur pendakian. Untuk pembukaan jalur pendakian menunggu informasi lebih lanjut dari Sekretariat Pendakian G. Raung 3344 MDPL. - Personil BPBD Prov. Jatim dan Dinas Perhutani melanjutkan pemantauan titik api di sekretariat pos pendakian. - Senin, 14 Oktober 2024 pukul 16.00 WIB terpantau api telah padam dan tidak terlihat kepulan asap. - Cuaca saat ini : Cerah",0.0,0.0,0,0,False
1623,5107 106 20241013 1,2024-10-13,2024,10,2024-10,5107,Karangasem,Bali,5107,kode,Rendang,1,"Telah terjadi kebakaran di Lereng Barat Daya Gunung Agung pada Minggu, 13 Oktober 2024, sekitar pukul 11.00 WITA, lokasi kebakaran sekitar 2.300 mdpl, berjarak 4 - 5 km dari Pura Pengubengan dan pemukiman penduduk. Tim pengawas dari RPH melaporkan bahwa kebakaran mulai terlihat dari jarak jauh. Penyebab kebakaran sementara diduga dari percikan api pada semak yg kering dan dipicu angin kencang.",0.0,0.0,0,0,False
1624,1612 106 20241013 1,2024-10-13,2024,10,2024-10,1612,Penukal Abab Lematang Ilir,Sumatera Selatan,1612,kode,,0,,,,0,0,False
1625,3514 106 20241012 1,2024-10-12,2024,10,2024-10,3514,Pasuruan,Jawa Timur,3514,kode,Gempol,1,Dalam proses lidik dan sidik penegak hukum,0.0,0.0,0,0,False
1626,3579 106 20241011 1,2024-10-11,2024,10,2024-10,3579,Kota Batu,Jawa Timur,3579,kode,Bumiaji,1,Dalam proses lidik dan sidik penegak hukum,0.0,0.0,0,0,False
1627,1612 106 20241011 1,2024-10-11,2024,10,2024-10,1612,Penukal Abab Lematang Ilir,Sumatera Selatan,1612,kode,,0,,,,0,0,False
1628,3501 106 20241011 1,2024-10-11,2024,10,2024-10,3501,Pacitan,Jawa Timur,3501,kode,Arjosari,1,"Terjadi kebakaran lahan di RT.04/RW.04, Dsn. Jenggrik, Ds. Gayuhan. Penyebab kebakaran masih dalam proses lidik dan sidik penegak hukum",0.0,0.0,0,0,False
1629,3511 106 20241011 1,2024-10-11,2024,10,2024-10,3511,Bondowoso,Jawa Timur,3511,kode,Botolinggo,1,"Terjadi kebakaran lahan di Ds. Penang, Kec. Botolinggo. Penyebab kebakaran masih dalam proses lidik dan sidik penegak hukum",0.0,0.0,0,0,False
1630,3507 106 20241010 1,2024-10-10,2024,10,2024-10,3507,Malang,Jawa Timur,3507,kode,Paggak,1,"Telah terjadi kebakaran hutan pada hari Kamis, 10 Oktober 2024, pkl. 12.43 WIB yang berada di wilayah Gn. Geger, Petak 12G, RPH Rejosari, BKPH Sengguruh, Ds. Sumberejo, Kec. Paggak. Penyebab kebakaran hingga saat ini masih dalam proses penyelidikan. Saat ini kondisi api telah padam total.",0.0,0.0,0,0,False
1631,6408 106 20241010 1,2024-10-10,2024,10,2024-10,6408,Kutai Timur,Kalimantan Timur,6408,kode,,0,,0.0,0.0,0,0,False
1632,3512 106 20241010 1,2024-10-10,2024,10,2024-10,3512,Situbondo,Jawa Timur,3512,kode,Banyuputih,1,"Telah terjadi kebakaran Hutan pada hari Kamis, 10 Oktober 2024, pkl. 09.00 WIB yang berada di tebing Gn. Blok Kawah Widuri, Ds. Sumberwaru, Kec. Banyuputih. Penyebab kejadian masih dalam penyelidikan. Kondisi terkini: Api sudah berhasil dipadamkan pada hari Kamis, 10 Oktober 2024 pukul 17.00 WIB",0.0,0.0,0,0,False
1633,1610 106 20241010 1,2024-10-10,2024,10,2024-10,1610,Ogan Ilir,Sumatera Selatan,1610,kode,,0,,,,0,0,False
1634,1612 106 20241010 1,2024-10-10,2024,10,2024-10,1612,Penukal Abab Lematang Ilir,Sumatera Selatan,1612,kode,,0,,,,0,0,False
1635,1303 106 20241009 1,2024-10-09,2024,10,2024-10,1303,Sijunjung,Sumatera Barat,1303,kode,,0,,,,0,0,False
1636,1607 106 20241009 1,2024-10-09,2024,10,2024-10,1607,Banyuasin,Sumatera Selatan,1607,kode,,0,,,,0,0,False
1637,3514 106 20241009 1,2024-10-09,2024,10,2024-10,3514,Pasuruan,Jawa Timur,3514,kode,Pandaan,1,kebakaran disebabkan karena pembakaran untuk membuka lahan kemudian merembet akibat angin,0.0,0.0,0,0,False
1638,3511 106 20241009 1,2024-10-09,2024,10,2024-10,3511,Bondowoso,Jawa Timur,3511,kode,Ijen,1,Dalam proses lidik dan sidik penegak hukum,0.0,0.0,0,0,False
1639,3512 106 20241009 1,2024-10-09,2024,10,2024-10,3512,Situbondo,Jawa Timur,3512,kode,Banyuputih,1,"Telah terjadi kebakaran hutan pada hari Rabu, 09 Oktober 2024, pkl. 14.15 WIB di Jl. Nasional 1, area Taman Nasional Baluran, Ds. Wonorejo, Kec. Banyuputih. Kebakaran diakibatkan karena sengaja dibakar oleh oknum warga. Pada pkl. 15.03 WIB kondisi api berhasil dipadamkan.",0.0,0.0,0,0,False
1640,6402 106 20241009 1,2024-10-09,2024,10,2024-10,6402,Kutai Kartanegara,Kalimantan Timur,6402,kode,,0,,0.0,0.0,0,0,False
1641,1604 106 20241009 1,2024-10-09,2024,10,2024-10,1604,Lahat,Sumatera Selatan,1604,kode,,0,,,,0,0,False
1642,1612 106 20241008 1,2024-10-08,2024,10,2024-10,1612,Penukal Abab Lematang Ilir,Sumatera Selatan,1612,kode,,0,,,,0,0,False
1643,5312 106 20241007 1,2024-10-07,2024,10,2024-10,5312,Sumba Barat,Nusa Tenggara Timur,5312,kode,,0,"BPBD Kabupaten Sumba Barat melaporkan peristiwa kebakaran lahan dan pemukiman penduduk di Desa Harona Kalla, Kecamatan Laboya Barat, Senin (7/10) pukul 10:30 Wita. Berdasarkan informasi warga, yang melihat lansung lokasi kebakaran, menyebutkan bahwa api muncul akibat adanya gesekan bambu yang kemudian meluas menjadi kebakaran lahan. Lahan yang didominasi semak kering serta tiupan angin yang cukup kencang membuat api dengan cepat merambat ke pemukiman penduduk di Kampung Kahale, Manola dan Ubu Boya, hingga menghaguskan sembilan rumah warga dan satu rumah adat. Petugas tidak dapat melakukan upaya untuk memadamkan api, dikarenakan minimnya peralatan, sumber air yang cukup jauh dari lokasi kebakaran dan akses menuju lokasi yang kurang baik. Tercatat sebanyak 17 kepala keluarga menderita/terdampak akibat peristiwa ini.",0.0,0.0,10,0,False
1644,3512 106 20241007 1,2024-10-07,2024,10,2024-10,3512,Situbondo,Jawa Timur,3512,kode,Panarukan,1,"Telah terjadi kebakaran lahan di Kp. Langai, RT.03 RW.03, Ds. Sumberkolak, Kec. Panarukan. Penyebab kebakaran masih dalam proses lidik dan sidik penegak hukum.",0.0,0.0,0,0,False
1645,3514 106 20241004 1,2024-10-04,2024,10,2024-10,3514,Pasuruan,Jawa Timur,3514,kode,Kraton; Gempol,2,"Pada hari Jum'at, 04 Oktober 2024 pukul 13.09 WIB terjadi kebakaran lahan yang disebabkan pembakaran sampah yang merambat ke lahan kosong di Dsn. Getas, Ds. Tambakrejo, Kec. Kraton. Dan pukul 15.40 WIB juga terjadi kebakaran lahan yang disebabkan pembakaran sampah yang merambat ke lahan kosong di Dsn. Pabean, Ds. Kejapanan, Kec. Gempol.",0.0,0.0,0,0,False
1646,3503 106 20241003 1,2024-10-03,2024,10,2024-10,3503,Trenggalek,Jawa Timur,3503,kode,Panggul,1,Penyebab kebakaran masih proses lidik dan sidik penegak hukum.,0.0,0.0,0,0,False
1647,3513 106 20241003 1,2024-10-03,2024,10,2024-10,3513,Probolinggo,Jawa Timur,3513,kode,Banyuanyar,1,"Pada hari Kamis, 03 Oktober 2024 pukul 19.28 WIB telah terjadi kebakaran hutan di Petak 25a (Blok Tarokan), RPH Klenang, BKPH Probolinggo, awal mula api diketahui oleh petugas yang sedang melakukan patroli di sekitaran hutan, penyebab kebakaran masih proses lidik dan sidik penegak hukum.",0.0,0.0,0,0,False
1648,1612 106 20241003 1,2024-10-03,2024,10,2024-10,1612,Penukal Abab Lematang Ilir,Sumatera Selatan,1612,kode,,0,,,,0,0,False
1649,3672 106 20241002 1,2024-10-02,2024,10,2024-10,3672,Kota Cilegon,Banten,3672,kode,Cibeber Kel Karang Asem,1,Disebabkan oleh adanya masyarakat yang melakukan pembakaran sampah,0.0,0.0,0,0,False
1650,3571 106 20241001 1,2024-10-01,2024,10,2024-10,3571,Kota Kediri,Jawa Timur,3571,kode,Pesantren,1,"Telah terjadi kebakaran hutan di wilayah Bukit Maskumambang, Kel. Sukorame. Penyebab kebakaran masih belum diketahui dan masih proses lidik dan sidik penegak hukum",0.0,0.0,0,0,False
1651,1508 106 20241001 1,2024-10-01,2024,10,2024-10,1508,Bungo,Jambi,1508,kode,,0,,0.0,0.0,0,0,False
1652,3514 106 20241001 1,2024-10-01,2024,10,2024-10,3514,Pasuruan,Jawa Timur,3514,kode,Beji; Rembang,2,"Telah terjadi kebakaran lahan di Ds. Kenep, Kec. Beji. Tumbuhan yang terbakar berupa daun kering, ilalang dan semak belukar. Asap mengarah ke pemukiman warga. Penyebab kebakaran masih belum diketahui dan masih proses lidik dan sidik penegak hukum",0.0,0.0,0,0,False
1653,3501 106 20240930 1,2024-09-30,2024,9,2024-09,3501,Pacitan,Jawa Timur,3501,kode,Pacitan,1,Dalam proses lidik dan sidik penegak hukum,0.0,0.0,0,0,False
1654,6402 106 20240929 1,2024-09-29,2024,9,2024-09,6402,Kutai Kartanegara,Kalimantan Timur,6402,kode,,0,,0.0,0.0,0,0,False
1655,1610 106 20240928 1,2024-09-28,2024,9,2024-09,1610,Ogan Ilir,Sumatera Selatan,1610,kode,,0,,,,0,0,False
1656,1603 106 20240928 1,2024-09-28,2024,9,2024-09,1603,Muara Enim,Sumatera Selatan,1603,kode,,0,,,,0,0,False
1657,2101 106 20240928 1,2024-09-28,2024,9,2024-09,2101,Bintan,Kepulauan Riau,2101,kode,Toapaya,1,Masih dalam penyelidikan,0.0,0.0,0,0,False
1658,5107 106 20240928 1,2024-09-28,2024,9,2024-09,5107,Karangasem,Bali,5107,kode,,0,"Kebakaran hutan dan lahan di daerah Sukadana, Kubu. Kejadian disebabkan karena situasi vegetasi yang kering dan panas tinggi",0.0,0.0,0,0,False
1659,7315 106 20240927 1,2024-09-27,2024,9,2024-09,7315,Pinrang,Sulawesi Selatan,7315,kode,Suppa,1,Disebabkan oleh adanya masyarakat yang melakukan pembakaran sampah.,0.0,0.0,0,0,False
1660,3401 106 20240926 1,2024-09-26,2024,9,2024-09,3401,Kulon Progo,Daerah Istimewa Yogyakarta,3401,kode,,0,"Orang membuang puntung rokok sembarangan menyebabkan kebakaran lahan seluas 2 hektar dengan  pemilik  1- perhutani dg luas 1.100 m²z 2, Joyo Kasim  luas lahan 500 m² dg alamat setro Kulur Temon dan 3. Budi suprapto luas lahan 400 m² alamat Selo barat rt 55 RW. 15  hargorejo.",,,0,0,False
1661,5314 106 20240924 1,2024-09-24,2024,9,2024-09,5314,Rote Ndao,Nusa Tenggara Timur,5314,kode,,0,"Kebakaran hutan dan lahan (karhutla) terjadi di wilayah hutan lindung Baubafan, Desa Oematambolik, Kecamatan Lobalain, Kabupaten Rote Ndao pada Selasa (24/9) pukul 13:30 Wita. Lahan yang didominasi semak belukar kering membuat api begitu cepat menyebar ke area sekitar. Dampak kebakaran ini mencapai tiga hektar lahan, yang sebagian besar merupakan area tanaman pohon jati. Meskipun luas lahan terdampak cukup signifikan, upaya cepat tim dilapangan berhasil mencegah penyebaran lebih lanjut yang dapat mengancam pemukiman warga yang bermukim di sekitar lahan terdampak.",0.0,0.0,0,0,False
1662,3516 106 20240923 1,2024-09-23,2024,9,2024-09,3516,Mojokerto,Jawa Timur,3516,kode,Jatirejo,1,"Penyebab kebakaran diduga akibat adanya pembakaran hutan untuk pembukaan lahan, Tumbuhan yang terbakar berupa serasah daun jati.",0.0,0.0,0,0,False
1663,3512 106 20240923 1,2024-09-23,2024,9,2024-09,3512,Situbondo,Jawa Timur,3512,kode,Panarukan,1,Penyebab kebakaran masih dalam proses lidik dan sidik penegak hukum,0.0,0.0,0,0,False
1664,1610 106 20240923 1,2024-09-23,2024,9,2024-09,1610,Ogan Ilir,Sumatera Selatan,1610,kode,,0,,,,0,0,False
1665,1612 106 20240923 1,2024-09-23,2024,9,2024-09,1612,Penukal Abab Lematang Ilir,Sumatera Selatan,1612,kode,,0,,,,0,0,False
1666,1607 106 20240923 1,2024-09-23,2024,9,2024-09,1607,Banyuasin,Sumatera Selatan,1607,kode,,0,,,,0,0,False
1667,6407 106 20240923 1,2024-09-23,2024,9,2024-09,6407,Kutai Barat,Kalimantan Timur,6407,kode,,0,,0.0,0.0,0,0,False
1668,3401 106 20240923 1,2024-09-23,2024,9,2024-09,3401,Kulon Progo,Daerah Istimewa Yogyakarta,3401,kode,,0,"4. Api Tidak diketahui dari mana asalnya tiba tiba api sudah membesar membakar lahan jati seluas 1,5 H.Api padam sekitar 18.15 dengan cara manual dikarenakan tebing terjal dan tidak dapat dijangkau dengan pipa mobil pemadam. Lahan jati seluas 1,5 H - Lahan Alm Ibu Rakem - Lahan Bapak Sambudi - Lahan Bapak Semin",,,0,0,False
1669,1606 106 20240923 1,2024-09-23,2024,9,2024-09,1606,Musi Banyuasin,Sumatera Selatan,1606,kode,,0,,,,0,0,False
1670,1674 106 20240923 1,2024-09-23,2024,9,2024-09,1674,Kota Prabumulih,Sumatera Selatan,1674,kode,,0,,,,0,0,False
1671,1607 106 20240922 1,2024-09-22,2024,9,2024-09,1607,Banyuasin,Sumatera Selatan,1607,kode,,0,,,,0,0,False
1672,6402 106 20240922 1,2024-09-22,2024,9,2024-09,6402,Kutai Kartanegara,Kalimantan Timur,6402,kode,,0,,0.0,0.0,0,0,False
1673,1603 106 20240922 1,2024-09-22,2024,9,2024-09,1603,Muara Enim,Sumatera Selatan,1603,kode,,0,,,,0,0,False
1674,1606 106 20240922 1,2024-09-22,2024,9,2024-09,1606,Musi Banyuasin,Sumatera Selatan,1606,kode,,0,,,,0,0,False
1675,6472 106 20240922 1,2024-09-22,2024,9,2024-09,6472,Kota Samarinda,Kalimantan Timur,6472,kode,,0,,0.0,0.0,0,0,False
1676,3307 106 20240922 1,2024-09-22,2024,9,2024-09,3307,Wonosobo,Jawa Tengah,3307,kode,Wadaslintang,1,Api pertama diketahui malam hari 18.30 WIB di hutan pinus lokasi sijeruk Desa Panerusan Kec Wadaslintang.  Penyebab kebakaran masih dalam proses lidik dan sidik penegak hukum,0.0,0.0,0,0,False
1677,1610 106 20240922 1,2024-09-22,2024,9,2024-09,1610,Ogan Ilir,Sumatera Selatan,1610,kode,,0,,,,0,0,False
1678,3503 106 20240922 1,2024-09-22,2024,9,2024-09,3503,Trenggalek,Jawa Timur,3503,kode,Pogalan,1,Penyebab kebakaran masih dalam proses lidik dan sidik penegak hukum,0.0,0.0,0,0,False
1679,1610 106 20240921 1,2024-09-21,2024,9,2024-09,1610,Ogan Ilir,Sumatera Selatan,1610,kode,,0,,,,0,0,False
1680,3520 106 20240921 1,2024-09-21,2024,9,2024-09,3520,Magetan,Jawa Timur,3520,kode,Kawedanan,1,Telah terjadi kebakaran lahan  tebu di wilayah area Gunung Bancak masuk wilayah Desa Giripurno Dkh. Santren.  Jarak titik api dengan pemukiman warga ± 30 Meter. Penyebab kebakaran masih dalam proses lidik dan sidik penegak hukum,0.0,0.0,0,0,False
1681,3302 106 20240921 1,2024-09-21,2024,9,2024-09,3302,Banyumas,Jawa Tengah,3302,kode,Lumbir,1,Pada hari Sabtu 21 September 2024 sekitar pukul 19.30 WIB diketahui kebakaran lahan di  gunung Sengkala Desa Kedunggede - Cingebul Kecamatan Lumbir. Lahan yang terbakar merupakan lahan jati warga  daun jati kering dan rumput ilalang membuat api cepat meluas,0.0,0.0,0,0,False
1682,1811 106 20240921 1,2024-09-21,2024,9,2024-09,1811,Mesuji,Lampung,1811,kode,Mesuji,1,Telah terjadi kebakaran lahan sawit yang menjalar ke lokasi rumah warga di perbatasan Desa Wiralaga Mulya. Penyebab kebakaran masih dalam proses lidik dan sidik penegak hukum,0.0,0.0,0,0,False
1683,3503 106 20240921 1,2024-09-21,2024,9,2024-09,3503,Trenggalek,Jawa Timur,3503,kode,Karangan,1,Penyebab kebakaran masih dalam proses lidik dan sidik penegak hukum,0.0,0.0,0,0,False
1684,3513 106 20240921 1,2024-09-21,2024,9,2024-09,3513,Probolinggo,Jawa Timur,3513,kode,Banyuanyar,1,Penyebab kebakaran masih dalam proses lidik dan sidik penegak hukum,0.0,0.0,0,0,False
1685,6210 106 20240921 1,2024-09-21,2024,9,2024-09,6210,Gunung Mas,Kalimantan Tengah,6210,kode,Kurun,1,Dalam proses lidik dan sidik penegak hukum,0.0,0.0,0,0,False
1686,1505 106 20240920 1,2024-09-20,2024,9,2024-09,1505,Muaro Jambi,Jambi,1505,kode,,0,,0.0,0.0,0,0,False
1687,6403 106 20240920 1,2024-09-20,2024,9,2024-09,6403,Berau,Kalimantan Timur,6403,kode,,0,,0.0,0.0,0,0,False
1688,3601 106 20240920 1,2024-09-20,2024,9,2024-09,3601,Pandeglang,Banten,3601,kode,Cikeusik  Pulau Terluar Pulau Deli,1,"september 2024, sekitar pukul 17.30 WIB di Kepulauan terluar (Pulau Deli), Kecamatan Cikeusik, Kabupaten Pandeglang, Provinsi Banten, telah terjadi kebakaran hutan diduga kebakaran disebabkan oleh nelayan yang biasa singgah di Kampnya dan api merambat di sekitar Pulau Deli sebelah barat.",0.0,0.0,0,0,False
1689,3516 106 20240920 1,2024-09-20,2024,9,2024-09,3516,Mojokerto,Jawa Timur,3516,kode,Jetis,1,Telah terjadi kebakaran lahan  tebu di wilayah Ds. Perning Kec. Jetis. Penyebab kebakaran disebabkan adanya pembakaran sampah kemudian merembet ke lahan tebu dekat dengan pemukiman warga,0.0,0.0,0,0,False
1690,3401 106 20240920 1,2024-09-20,2024,9,2024-09,3401,Kulon Progo,Daerah Istimewa Yogyakarta,3401,kode,,0,Tidak diketahui penyebabnya tiba2 ada titik api dihutan/lahan Tanaman pertanian ( ketela) . lahan terbakar 30hektar,,,0,0,False
1691,3502 106 20240920 1,2024-09-20,2024,9,2024-09,3502,Ponorogo,Jawa Timur,3502,kode,Pulung,1,"Telah terjadi kebakaran lahan yang berlokasi di  RT 01 RW 03, Dkh. Dungus, Ds. Karangpatihan. Penyebab kebakaran masih dalam proses lidik dan sidik penegak hukum",0.0,0.0,0,0,False
1692,3503 106 20240920 1,2024-09-20,2024,9,2024-09,3503,Trenggalek,Jawa Timur,3503,kode,Trenggalek,1,"Telah terjadi kebakaran hutan yang berlokasi di  Petak 114A, RPH Gandusari, Ds. Karangsoko. Penyebab kebakaran masih dalam proses lidik dan sidik penegak hukum",0.0,0.0,0,0,False
1693,1811 106 20240920 1,2024-09-20,2024,9,2024-09,1811,Mesuji,Lampung,1811,kode,Mesuji,1,Dalam proses lidik dan sidik penegak hukum,0.0,0.0,0,0,False
1694,3305 106 20240920 1,2024-09-20,2024,9,2024-09,3305,Kebumen,Jawa Tengah,3305,kode,Alian,1,"Telah terjadi kebakaran lahan di Dk. Gupit RT 02 RW 01 Desa Kalirancang, Kec. Alian.  Kepulan asap mulai terlihat dari pukul 08.00 WIB, dan api menjalar dari bukit sebelah timur tertiup angin kencang ke rumput kering sehingga api membesar sekitar pukul 16.30 WIB. Penyebab kebakaran info dari masyarakat ada warga membuka lahan dengan membakar lahan dan pembersihan pembakaran sampah",0.0,0.0,0,0,False
1695,1906 106 20240920 1,2024-09-20,2024,9,2024-09,1906,Belitung Timur,Kepulauan Bangka Belitung,1906,kode,Gantung,1,Dalam proses lidik dan sidik penegak hukum,0.0,0.0,0,0,False
1696,1603 106 20240919 1,2024-09-19,2024,9,2024-09,1603,Muara Enim,Sumatera Selatan,1603,kode,,0,,,,0,0,False
1697,1607 106 20240919 1,2024-09-19,2024,9,2024-09,1607,Banyuasin,Sumatera Selatan,1607,kode,,0,,,,0,0,False
1698,6303 106 20240919 1,2024-09-19,2024,9,2024-09,6303,Banjar,Kalimantan Selatan,6303,kode,Tatah Makmur,1,Proses lidik dan sidik penegak hukum,0.0,0.0,0,0,False
1699,1610 106 20240919 1,2024-09-19,2024,9,2024-09,1610,Ogan Ilir,Sumatera Selatan,1610,kode,,0,,,,0,0,False
1700,6407 106 20240919 1,2024-09-19,2024,9,2024-09,6407,Kutai Barat,Kalimantan Timur,6407,kode,,0,,0.0,0.0,0,0,False
1701,3511 106 20240919 1,2024-09-19,2024,9,2024-09,3511,Bondowoso,Jawa Timur,3511,kode,Wringin,1,Dalam proses lidik dan sidik penegak hukum,0.0,0.0,0,0,False
1702,3503 106 20240919 1,2024-09-19,2024,9,2024-09,3503,Trenggalek,Jawa Timur,3503,kode,Trenggalek,1,Dalam proses lidik dan sidik penegak hukum,0.0,0.0,0,0,False
1703,3511 106 20240918 1,2024-09-18,2024,9,2024-09,3511,Bondowoso,Jawa Timur,3511,kode,Wringin,1,"Pada hari Rabu, 18 September 2024 pkl. 14.45 WIB, telah terjadi kebakaran hutan di kawasan Arak-Arak, Ds. Sumbercanting, Kec. Wringin. Karena angin yang kencang menyebabkan api cepat merambat. Penyebab kebakaran masih dalam penyelidikan. Pada pkl. 16.10 WIB, api berhasil dipadamkan.",0.0,0.0,0,0,False
1704,6402 106 20240918 1,2024-09-18,2024,9,2024-09,6402,Kutai Kartanegara,Kalimantan Timur,6402,kode,,0,,0.0,0.0,0,0,False
1705,3310 106 20240918 1,2024-09-18,2024,9,2024-09,3310,Klaten,Jawa Tengah,3310,kode,Bayat,1,Proses lidik dan sidik penegak hukum.,0.0,0.0,0,0,False
1706,3322 106 20240918 1,2024-09-18,2024,9,2024-09,3322,Semarang,Jawa Tengah,3322,kode,Getasan,1,"Kebakaran berawal dari warga yang membakar rumut/seresah dauh dan api menjalar naik ke atas Gunung Telomoyo dan lokasi terbakar ada di lereng dan jurang di Dusun Dangklik, Ds.Tolokan, jara dari pemukiman terdekat sekitar 2 KM",0.0,0.0,0,0,False
1707,1603 106 20240918 1,2024-09-18,2024,9,2024-09,1603,Muara Enim,Sumatera Selatan,1603,kode,,0,,,,0,0,False
1708,6402 106 20240917 1,2024-09-17,2024,9,2024-09,6402,Kutai Kartanegara,Kalimantan Timur,6402,kode,,0,,0.0,0.0,0,0,False
1709,3306 106 20240917 1,2024-09-17,2024,9,2024-09,3306,Purworejo,Jawa Tengah,3306,kode,Bagelen,1,Masih dalam penyelidikan.,0.0,0.0,0,0,False
1710,3578 106 20240917 1,2024-09-17,2024,9,2024-09,3578,Kota Surabaya,Jawa Timur,3578,kode,Benowo,1,"Pada hari Selasa 17 September 2024 Pkl. 21.00 WIB, telah terjadi kebakaran Lahan TPA di Jl. Tambak Osowilangon. Penyebab kebakaran masih dalam penyelidikan",0.0,0.0,0,0,False
1711,3310 106 20240917 1,2024-09-17,2024,9,2024-09,3310,Klaten,Jawa Tengah,3310,kode,Pedan,1,Dipicu karena pembakaran sampah tidak terkontrol.,0.0,0.0,0,0,False
1712,6402 106 20240917 2,2024-09-17,2024,9,2024-09,6402,Kutai Kartanegara,Kalimantan Timur,6402,kode,,0,,0.0,0.0,0,0,False
1713,3503 106 20240917 1,2024-09-17,2024,9,2024-09,3503,Trenggalek,Jawa Timur,3503,kode,Trenggalek,1,"Terjadi Kebakaran Hutan dan Lahan di milik masyarakat yang menjalar ke lahan Perhutani (Petak 114A luas baku 42,3 Ha tanaman jenis, Sengon buto, Akasia, kelas Hutan TJKL, RPH Gandusari BKPH Karangan KPH Kediri) pada Selasa, 17 September 2024 pukul 12.30 WIB",0.0,0.0,0,0,False
1714,3516 106 20240917 1,2024-09-17,2024,9,2024-09,3516,Mojokerto,Jawa Timur,3516,kode,Banyuwangi,1,"Telah terjadi kebakaran lahan ilalang dengan  lokasi Jl.  DI Panjaitan, Kel. Kampung Mandar, Kec. Banyuwangi. Penyebab kebakaran diduga oleh pembakaran sampah yang merembet ke area sekitarnya",0.0,0.0,0,0,False
1715,6409 106 20240917 1,2024-09-17,2024,9,2024-09,6409,Penajam Paser Utara,Kalimantan Timur,6409,kode,,0,,0.0,0.0,0,0,False
1716,1607 106 20240917 1,2024-09-17,2024,9,2024-09,1607,Banyuasin,Sumatera Selatan,1607,kode,,0,,,,0,0,False
1717,3213 106 20240916 1,2024-09-16,2024,9,2024-09,3213,Subang,Jawa Barat,3213,kode,Pagaden,1,Penyebab kebakaran masih dalam sidik dan lidik pihak berwajib,0.0,0.0,0,0,False
1718,1906 106 20240916 1,2024-09-16,2024,9,2024-09,1906,Belitung Timur,Kepulauan Bangka Belitung,1906,kode,Kelapa Kampit,1,"Operator Pusdalops menerima telepon melalui hotline bahwa ada kebakaran lahan di area Desa Buding Kecamatan Kelapa Kampit. penyebab kebakaran belum diketahui, masih dalam proses lidik dan sidik penegak hukum",0.0,0.0,0,0,False
1719,6407 106 20240916 1,2024-09-16,2024,9,2024-09,6407,Kutai Barat,Kalimantan Timur,6407,kode,,0,,0.0,0.0,0,0,False
1720,1603 106 20240916 1,2024-09-16,2024,9,2024-09,1603,Muara Enim,Sumatera Selatan,1603,kode,,0,,,,0,0,False
1721,3503 106 20240916 1,2024-09-16,2024,9,2024-09,3503,Trenggalek,Jawa Timur,3503,kode,Trenggalek,1,"Pada hari Senin, 16 September 2024, pkl. 17.38 WIB telah terjadi kebakaran hutan yang berada di RT/13 RW/04 Ds. Sambirejo, Kec. Trenggalek. Hingga saat ini penyebab kebakaran masih dalam proses penyelidikan. Pada pkl. 19.33 WIB kondisi api telah berhasil dipadamkan.",0.0,0.0,0,0,False
1722,6472 106 20240916 1,2024-09-16,2024,9,2024-09,6472,Kota Samarinda,Kalimantan Timur,6472,kode,,0,,0.0,0.0,0,0,False
1723,6409 106 20240916 1,2024-09-16,2024,9,2024-09,6409,Penajam Paser Utara,Kalimantan Timur,6409,kode,,0,,0.0,0.0,0,0,False
1724,3502 106 20240916 1,2024-09-16,2024,9,2024-09,3502,Ponorogo,Jawa Timur,3502,kode,Balong.,1,"Telah terjadi kebakaran hutan pada hari Senin, 16 September 2024, pkl. 17.15 WIB di Dkh. Mbodoro, Ds. Pandak, Kec. Balong. Penyebab kebakaran hingga saat ini masih dalam proses penyelidikan. #Update Selasa, 17 September 2024 pukul 06.00 WIB, sbb: Api dapat dipadamkan pada pukul 01.45 WIB",0.0,0.0,0,0,False
1725,1610 106 20240916 1,2024-09-16,2024,9,2024-09,1610,Ogan Ilir,Sumatera Selatan,1610,kode,,0,,,,0,0,False
1726,3514 106 20240915 1,2024-09-15,2024,9,2024-09,3514,Pasuruan,Jawa Timur,3514,kode,Rembang; Beji,2,"Telah terjadi kebakaran lahan di Dsn. Nganglang, Ds. Oro-oro ombo kulon, Kec. Rembang. Penyebab kebakaran diduga karena puntung rokok dan angin yang kencang Telah terjadi kebakaran lahan di di JL.Raya Pandaan – Beji Desa Kenep Kecamatan Beji. Penyebab kebakaran diduga karena membakar sampah api yang merembet",0.0,0.0,0,0,False
1727,1610 106 20240915 1,2024-09-15,2024,9,2024-09,1610,Ogan Ilir,Sumatera Selatan,1610,kode,,0,,,,0,0,False
1728,3502 106 20240915 1,2024-09-15,2024,9,2024-09,3502,Ponorogo,Jawa Timur,3502,kode,Slahung,1,"Telah terjadi kebakaran Hutan di Dkh. Jenggring, Ds. Duri, Kec. Slahung. Awal mula warga sekitar melihat ada kepulan asap tebal dan api di Gunung Babak. Penyebab kebakaran masih dalam proses lidik dan sidik penegak hukum",0.0,0.0,0,0,False
1729,6402 106 20240915 1,2024-09-15,2024,9,2024-09,6402,Kutai Kartanegara,Kalimantan Timur,6402,kode,,0,,0.0,0.0,0,0,False
1730,3301 106 20240915 1,2024-09-15,2024,9,2024-09,3301,Cilacap,Jawa Tengah,3301,kode,Sidareja,1,Diduga disebabkan oleh puntung rokok yang dibuang sembarangan kemudian membakar rumput kering dan menyambar lahan,0.0,0.0,0,0,False
1731,1603 106 20240915 1,2024-09-15,2024,9,2024-09,1603,Muara Enim,Sumatera Selatan,1603,kode,,0,,,,0,0,False
1732,3507 106 20240914 1,2024-09-14,2024,9,2024-09,3507,Malang,Jawa Timur,3507,kode,Kepanjen,1,Dipicu pembakaran sampah yang merambat,0.0,0.0,0,0,False
1733,1906 106 20240914 1,2024-09-14,2024,9,2024-09,1906,Belitung Timur,Kepulauan Bangka Belitung,1906,kode,Manggar,1,Masih dalam proses lidik dan sidik penegak hukum,0.0,0.0,0,0,False
1734,6501 106 20240914 1,2024-09-14,2024,9,2024-09,6501,Bulungan,Kalimantan Utara,6501,kode,Tanjung Selor; Tanjung Palas Timur,2,"Pada pukul 15:45 Wita mendapat informasi kebakaran hutan dan lahan oleh warga desa bumi rahayu  (sdr Tohari) ke Anggota BPBD Bulungan melalui Via telepon, mendapat laporan dari warga tersebut, anggota BPBD langsung turun ke lokasi untuk melakukan upaya pengendalian karhutla",0.0,0.0,0,0,False
1735,6472 106 20240914 2,2024-09-14,2024,9,2024-09,6472,Kota Samarinda,Kalimantan Timur,6472,kode,,0,,0.0,0.0,0,0,False
1736,6472 106 20240914 1,2024-09-14,2024,9,2024-09,6472,Kota Samarinda,Kalimantan Timur,6472,kode,,0,,0.0,0.0,0,0,True
1737,3513 106 20240914 1,2024-09-14,2024,9,2024-09,3513,Probolinggo,Jawa Timur,3513,kode,Lumbang,1,Dipicu pembakaran sampah yang merambat,0.0,0.0,0,0,False
1738,3505 106 20240914 1,2024-09-14,2024,9,2024-09,3505,Blitar,Jawa Timur,3505,kode,Ponggok,1,"Pada hari Sabtu 14/09/2024 sekitar pukul 18.00 WIB, Telah terjadi kebakaran di area kawasan Pendakian Paralayang Gunung Pegat, Beberapa pendaki yang sedang bermalam melihat kobaran api langsung bergegas memadamkan api tersebut, dikarenakan kobaran api yang makin membesar dan tak kunjung padam maka segera melaporkan kejadian tersebut ke BPBD Kab. Blitar. Penyebab kebakaran tidak diketahui dengan pasti",0.0,0.0,0,0,False
1739,6472 106 20240913 1,2024-09-13,2024,9,2024-09,6472,Kota Samarinda,Kalimantan Timur,6472,kode,,0,,0.0,0.0,0,0,False
1740,3517 106 20240913 1,2024-09-13,2024,9,2024-09,3517,Jombang,Jawa Timur,3517,kode,Mojowarno,1,"Pada hari Jum'at, 13 September 2024 pukul 10.10 WIB terjadi kebakaran lahan yang diakibatkan karena sisa pembakaran tebu di Dsn. Kembangsore, kebakaran lahan sempat mendekati pemukiman. Pada pukul 12.30 WIB kebakaran berhasil dipadamkan.",0.0,0.0,0,0,False
1741,3520 106 20240913 1,2024-09-13,2024,9,2024-09,3520,Magetan,Jawa Timur,3520,kode,Kawedanan,1,Masih dalam proses lidik dan sidik penegak hukum,0.0,0.0,0,0,False
1742,3310 106 20240913 1,2024-09-13,2024,9,2024-09,3310,Klaten,Jawa Tengah,3310,kode,Delanggu,1,Masih dalam proses lidik dan sidik penegak hukum,0.0,0.0,0,0,False
1743,1906 106 20240913 1,2024-09-13,2024,9,2024-09,1906,Belitung Timur,Kepulauan Bangka Belitung,1906,kode,Manggar,1,Diketahui oleh Tim BPBD sedang melaksanakan Patroli Wilayah di area Kulong Kero Desa Padang Kecamatan Manggar melihat kepulan asap dari kejauhan dan terdapat kobaran api yang menjalar dengan cepat karena angin kencang. Penyebab kebakaran masih dalam proses lidik dan sidik penegak hukum,0.0,0.0,0,0,False
1744,6402 106 20240913 1,2024-09-13,2024,9,2024-09,6402,Kutai Kartanegara,Kalimantan Timur,6402,kode,,0,,0.0,0.0,0,0,False
1745,3503 106 20240912 2,2024-09-12,2024,9,2024-09,3503,Trenggalek,Jawa Timur,3503,kode,Karangan,1,Berawal dari laporan warga sekitar yang melihat adanya kebakaran di  lahan Pemajekan dan Perhutani (Penyebab kebakaran masih dalam proses lidik dan sidik penegak hukum),0.0,0.0,0,0,False
1746,6472 106 20240912 1,2024-09-12,2024,9,2024-09,6472,Kota Samarinda,Kalimantan Timur,6472,kode,,0,,0.0,0.0,0,0,False
1747,3511 106 20240912 1,2024-09-12,2024,9,2024-09,3511,Bondowoso,Jawa Timur,3511,kode,Ijen,1,Masih dalam proses lidik dan sidik penegak hukum,0.0,0.0,0,0,False
1748,3502 106 20240912 1,2024-09-12,2024,9,2024-09,3502,Ponorogo,Jawa Timur,3502,kode,Slahung,1,Penyebab kebakaran masih dalam proses lidik dan sidik penegak hukum,0.0,0.0,0,0,False
1749,6472 106 20240912 2,2024-09-12,2024,9,2024-09,6472,Kota Samarinda,Kalimantan Timur,6472,kode,,0,,0.0,0.0,0,0,False
1750,3515 106 20240912 1,2024-09-12,2024,9,2024-09,3515,Sidoarjo,Jawa Timur,3515,kode,Gedangan,1,Penyebab kebakaran masih dalam proses lidik dan sidik penegak hukum,0.0,0.0,0,0,False
1751,3503 106 20240912 1,2024-09-12,2024,9,2024-09,3503,Trenggalek,Jawa Timur,3503,kode,Durenan,1,Masih dalam lidik dan sidik penegak hukum,0.0,0.0,0,0,False
1752,3502 106 20240911 1,2024-09-11,2024,9,2024-09,3502,Ponorogo,Jawa Timur,3502,kode,Sambit.,1,"Pada hari Rabu, 11 September 2024, pkl. 17.00 WIB telah terjadi kebakaran hutan di Petak 135B dan 135D, Dukuh Banyon RT/03 RW/01, Ds. Nglewan, Kec. Sambit. Penyebab kebakaran hingga saat ini dalam proses penyelidikan. Api dapat dipadamkan pada pkl. 19.00 WIB.",0.0,0.0,0,0,False
1753,3528 106 20240911 1,2024-09-11,2024,9,2024-09,3528,Pamekasan,Jawa Timur,3528,kode,Pamekasan,1,"Pada hari Rabu, 11 September 2024 pukul 12.30 WIB telah terjadi kebakaran lahan jati di Dsn. Tengah, Ds. Nyalabuh Daya, Kec. Pamekasan yang mengakibatkan 1 korban meninggal dunia. Penyebab kebakaran dikarenakan sengaja dibakar oleh korban. Saat ini kondisi api telah berhasil dipadamkan. Korban: MD: 1 Jiwa - Nama : Mohamad Sinin (L/88) - Alamat: Dsn. Tengah, Ds. Nyalabuh Daya, Kec. Pamekasan",1.0,0.0,0,0,False
1754,3514 106 20240910 1,2024-09-10,2024,9,2024-09,3514,Pasuruan,Jawa Timur,3514,kode,Kejayan,1,"Telah terjadi kebakaran lahan pada hari Selasa, 10 September 2024 Pkl. 11.00 WIB di Dusun. Welang, Desa. Kedemungan, Kec. Kejayan. Kepulan asap pertama kali dilihat di area lahan yang terdapat semak belukar kemudian api membesar dikarenakan angin yang cukup kencang. Penyebab kebakaran masih dalam proses lidik dan selidik.",0.0,0.0,0,0,False
1755,1607 106 20240909 1,2024-09-09,2024,9,2024-09,1607,Banyuasin,Sumatera Selatan,1607,kode,,0,,,,0,0,False
1756,1106 106 20240909 1,2024-09-09,2024,9,2024-09,1106,Aceh Besar,Aceh,1106,kode,Baitussalam Gp. Cit Paya; Krueng Barona Jaya Gp. Lueng Ie,2,Dipicu dari pembakaran sampah yang menyebar ke lahan yang mudah terbakar,0.0,0.0,0,0,False
1757,1603 106 20240909 1,2024-09-09,2024,9,2024-09,1603,Muara Enim,Sumatera Selatan,1603,kode,,0,,,,0,0,False
1758,1508 106 20240909 1,2024-09-09,2024,9,2024-09,1508,Bungo,Jambi,1508,kode,,0,,0.0,0.0,0,0,False
1759,1811 106 20240908 1,2024-09-08,2024,9,2024-09,1811,Mesuji,Lampung,1811,kode,Mesuji,1,"Telah terjadi kebakaran pada hari Minggu, 08 September 2024, Pkl 12.25 WIB di lahan perkebunan sawit milik Bpk. Budiman nainggolan di Ds. Wira Laga Dua, Kec. Mesuji, Kab. Mesuji. Penyebab kebakaran masih dalam proses sidik selidik.",0.0,0.0,0,0,False
1760,1906 106 20240908 1,2024-09-08,2024,9,2024-09,1906,Belitung Timur,Kepulauan Bangka Belitung,1906,kode,Gantung,1,"Minggu, 8 September 2024 Pkl. 07.26 WIB terjadi kebakaran lahan yang disebabkan dari pembakaran sampah",0.0,0.0,0,0,False
1761,6271 106 20240908 1,2024-09-08,2024,9,2024-09,6271,Kota Palangkaraya,Kalimantan Tengah,6271,kode,Jekan Raya,1,Dalam proses lidik dan sidik penegak hukum.,0.0,0.0,0,0,False
1762,6110 106 20240908 1,2024-09-08,2024,9,2024-09,6110,Melawi,Kalimantan Barat,6110,kode,Belimbing,1,Api diperkirakan akibat pembakaran tandan busuk ponggol sawit oleh seorang warga,0.0,0.0,0,0,False
1763,1610 106 20240908 1,2024-09-08,2024,9,2024-09,1610,Ogan Ilir,Sumatera Selatan,1610,kode,,0,,,,0,0,False
1764,3213 106 20240908 1,2024-09-08,2024,9,2024-09,3213,Subang,Jawa Barat,3213,kode,Cipeundeuy,1,"Kebakaran terjadi pada hari minggu, 08 September 2024, pkl. 16.30 WIB di lokasi Kp. Babakan Ered RT 13 RW 05, Kel. Wantilan. Penyebab timbulnya api akibat dari pembakaran sampah.",0.0,0.0,0,0,False
1765,1606 106 20240908 1,2024-09-08,2024,9,2024-09,1606,Musi Banyuasin,Sumatera Selatan,1606,kode,,0,,,,0,0,False
1766,1508 106 20240908 1,2024-09-08,2024,9,2024-09,1508,Bungo,Jambi,1508,kode,,0,,0.0,0.0,0,0,False
1767,3210 106 20240907 1,2024-09-07,2024,9,2024-09,3210,Majalengka,Jawa Barat,3210,kode,Majalengka; Sukahaji,2,"Terjadinya kebakaran lahan seluas ±  7,09 Ha di Ds. Cibodas, Kec. Majalengka pada hari Sabtu, 07 September 2024, Pkl 14.00 WIB dan lahan seluas ±  5 Ha di Ds. Salagedang, Kec. Sukahaji  pada hari Sabtu, 07 September 2024, Pkl 18.30 WIB. Penyebab masih dalam proses sidik selidik.",0.0,0.0,0,0,False
1768,3208 106 20240907 1,2024-09-07,2024,9,2024-09,3208,Kuningan,Jawa Barat,3208,kode,Cidahu,1,"Kebakaran terjadi pada hari sabtu, 07 September 2024, pkl. 17.10 WIB di lokasi Dsn. Manis RT.04 RW.01, Kel. Legok. Penyebab timbulnya api diduga dari puntung rokok dibuang sembarangan.",0.0,0.0,0,0,False
1769,1906 106 20240907 1,2024-09-07,2024,9,2024-09,1906,Belitung Timur,Kepulauan Bangka Belitung,1906,kode,Gantung,1,Diketahui oleh warga yang melintas di lokasi kejadian kepulan asap yang sangat tebal terlihat di area Pulau Daporar Desa Selinsing Kecamatan Gantung dan warga  segera melaporkan kejadian tersebut melalui hotline BPBD Belitung Timur,0.0,0.0,0,0,False
1770,6110 106 20240907 1,2024-09-07,2024,9,2024-09,6110,Melawi,Kalimantan Barat,6110,kode,Nanga Pinoh,1,Api diperkirakan akibat pembuangan puntung rokok dan dari keterangan warga api tiba-tiba membesar,0.0,0.0,0,0,False
1771,6303 106 20240907 1,2024-09-07,2024,9,2024-09,6303,Banjar,Kalimantan Selatan,6303,kode,Martapura,1,"Terjadi kebakaran pada hari, Sabtu, 7 September 2024 pukul 20.00 Wita di Desa Sungai Sipai Kecamatan Martapura Kabupaten Banjar Penyebab kebakaran masih dalam proses lidik dan sidik penegak hukum",0.0,0.0,0,0,False
1772,1603 106 20240907 1,2024-09-07,2024,9,2024-09,1603,Muara Enim,Sumatera Selatan,1603,kode,,0,,,,0,0,False
1773,1607 106 20240907 1,2024-09-07,2024,9,2024-09,1607,Banyuasin,Sumatera Selatan,1607,kode,,0,,,,0,0,False
1774,1508 106 20240907 1,2024-09-07,2024,9,2024-09,1508,Bungo,Jambi,1508,kode,,0,,0.0,0.0,0,0,False
1775,3502 106 20240907 1,2024-09-07,2024,9,2024-09,3502,Ponorogo,Jawa Timur,3502,kode,Slahung,1,Masih dalam proses lidik dan sidik penegak hukum,0.0,0.0,0,0,False
1776,3322 106 20240907 1,2024-09-07,2024,9,2024-09,3322,Semarang,Jawa Tengah,3322,kode,Pringapus,1,"Sabtu, 07 September 2024 sekitar pukul 19.00 wib pos damkar ungaran mendapat laporan bahwa di lahan PTP Ngobo wilayah Kali ulo, Desa Klepu Kec. Pringapus Kab. Semarang telah terjadi kebakaran lahan persiapan tanam. Damkar dan BPBD Kab. Semarang meluncur ke lokasi. Api sudah membakar semak semak dengan luasan kurang lebih 1,5 ha.  Untuk penyebab masih dalam proses lidik dan sidik penegak hukum.",0.0,0.0,0,0,False
1777,1605 106 20240907 1,2024-09-07,2024,9,2024-09,1605,Musi Rawas,Sumatera Selatan,1605,kode,,0,,,,0,0,False
1778,3513 106 20240906 1,2024-09-06,2024,9,2024-09,3513,Probolinggo,Jawa Timur,3513,kode,Sukapura; Banyuanyar,2,"Pada hari Jum'at, 06 September 2024, pkl. 18.20 WIB telah terjadi kebakaran hutan seluas ±  2 Ha yang berada di Ds. Wonokerto, Kec. Sukapura dan pada pkl. 19.30 WIB terjadi kebakaran  seluas ±  1 Ha di Petak 26B, Blok Jati Gunung Klenang Kidul, RPH Klenang, BKPH Probolinggo, KPH Probolinggo, Ds. Klenang Kidul, Kec. Banyuanyar. Penyebab kebakaran hutan hingga saat ini masih dalam proses sidik dan lidik.",0.0,0.0,0,0,False
1779,3302 106 20240906 1,2024-09-06,2024,9,2024-09,3302,Banyumas,Jawa Tengah,3302,kode,Somagede,1,Pada hari Jumat tgl 06 Agustus 2024 sekitar pukul 18.30 WIB terjadi kebakaran lahan hutan jati belakang rumah warga. Penyebab terjadinya kebakaran disebabkan saat musim kemarau menyebabkan pepohonan kering dan diduga adanya warga yang membuang puntung rokok menimbulkan api yang membakar pepohonan lahan hutan jati wilayah Ds. Kemawi kec Somagede dan kemudian api menjalar menuju area lahan hutan jati wilayah Ds. Piasa Kulon Kec. Somagede.,0.0,0.0,0,0,False
1780,1610 106 20240906 1,2024-09-06,2024,9,2024-09,1610,Ogan Ilir,Sumatera Selatan,1610,kode,,0,,,,0,0,False
1781,1505 106 20240906 1,2024-09-06,2024,9,2024-09,1505,Muaro Jambi,Jambi,1505,kode,,0,,0.0,0.0,0,0,False
1782,1606 106 20240906 1,2024-09-06,2024,9,2024-09,1606,Musi Banyuasin,Sumatera Selatan,1606,kode,,0,,,,0,0,False
1783,1211 106 20240906 1,2024-09-06,2024,9,2024-09,1211,Dairi,Sumatera Utara,1211,kode,,0,"Manggala Agni yang sedang melaksanakan patroli Karhutla mendapatkan laporan dari masyarakat bahwasanya terjadi kebakaran dilahan hutan lindung dengan vegetasi semak belukar, pinus, anak kayu hutan dan ilalang ditanah non gambut. Penyebab kebakaran akibat kesengajaan pemilik lahan membersihkan lahan miliknya dengan cara membakar",,,0,0,False
1784,1277 106 20240906 1,2024-09-06,2024,9,2024-09,1277,Kota Padang Sidempuan,Sumatera Utara,1277,kode,Padangsidimpuan Selatan; Batunadua,2,Dalam proses lidik dan sidik penegak hukum,0.0,0.0,0,0,False
1785,6501 106 20240906 1,2024-09-06,2024,9,2024-09,6501,Bulungan,Kalimantan Utara,6501,kode,Tanjung Palas Timur,1,"pada pukul 12.30 telah di terima permintaan dari warga untuk membakar lahan milik perusahaan BPN, security Perusahan memberikan himbauan untuk melarang membakar dan kemudian warga tersebut pergi, tidak lama kemudian sekitar Pukul 13:00 wita Security perusahaan melihat api sudah membesar di areal tumbangan warga tersebut.",0.0,0.0,0,0,False
1786,3511 106 20240906 1,2024-09-06,2024,9,2024-09,3511,Bondowoso,Jawa Timur,3511,kode,Wringin,1,"Pada hari Jum'at 06 September 2024 pukul 12.51 WIB telah terjadi kebakaran hutan lahan di Kawasan Arak-Arak, Ds. Sumber Canting, Kec. Wringin, Koordinat (-7,78417; 113,726). Penyebab kebakaran hutan masih dalam proses sidik dan lidik.",0.0,0.0,0,0,False
1787,3503 106 20240906 1,2024-09-06,2024,9,2024-09,3503,Trenggalek,Jawa Timur,3503,kode,Karangan,1,"Pada hari jum'at 06 September 2024 pukul 12.15 WIB telah terjadi Kebakaran Hutan di RT.10 RW.04, Ds. Jatiprahu, Kec. Karangan, Koordinat lokasi kejadian (-8,09852; 111,684). Penyebab kebakaran hutan masih dalam proses sidik dan lidik",0.0,0.0,0,0,False
1788,5108 106 20240905 1,2024-09-05,2024,9,2024-09,5108,Buleleng,Bali,5108,kode,,0,Kebakaran Lahan Jati seluas 3 hektar dan untuk api tidak berdampak pada pemukiman warga karena jauh dari lokasi kejadian.,0.0,0.0,0,0,False
1789,3520 106 20240905 1,2024-09-05,2024,9,2024-09,3520,Magetan,Jawa Timur,3520,kode,Kawedanan,1,Dalam proses lidik dan sidik penegak hukum.,0.0,0.0,0,0,False
1790,1223 106 20240905 1,2024-09-05,2024,9,2024-09,1223,Labuhanbatu Utara,Sumatera Utara,1223,kode,,0,"Manggala Agni melalui aplikasi lancang kuning menemukan titik api dan membakar lahan milik masyarakat dengan vegetasi tanaman anak kayu hutan, penyebab kebakaran masih dalam penyelidikan.",,,0,0,False
1791,3509 106 20240905 1,2024-09-05,2024,9,2024-09,3509,Jember,Jawa Timur,3509,kode,Wuluhan.,1,"Pada Hari Kamis 05 September 2024 pada pukul 12.15 WIB terjadi kebakaran hutan di wilayah Ds. Lojejer puncak gunung Watangan, terdapat dua titik lokasi kebakaran dengan tanaman yang terbakar berupa tanaman Pohon Jati. Penyebab kebakaran masih belum diketahui. Jarak antara titik api ke pemukiman warga ± 5 km. Kondisi Terkini: Pada Pkl. 16.00 WIB api berhasil dipadamkan",0.0,0.0,0,0,False
1792,1106 106 20240905 1,2024-09-05,2024,9,2024-09,1106,Aceh Besar,Aceh,1106,kode,Kota Jantho,1,dalam proses penyelidikan lidik selidik oleh aparat penegak hukum,0.0,0.0,0,0,False
1793,1220 106 20240905 1,2024-09-05,2024,9,2024-09,1220,Padang Lawas Utara,Sumatera Utara,1220,kode,,0,"Pihak BPBD Paluta menerima laporan bahwasanya telah terjadi terjadi kebakaran lahan yang berada di Komplek Parangin II dengan vegetasi tanaman semak belukar dan anak kayu yang kering serta pohon sawit,adapun penyebab kebakaran tersebut akibat kelalaian dan pelaku pembakaran tersebut masih dalam penyelidikan",,,0,0,False
1794,1610 106 20240905 1,2024-09-05,2024,9,2024-09,1610,Ogan Ilir,Sumatera Selatan,1610,kode,,0,,,,0,0,False
1795,3514 106 20240905 1,2024-09-05,2024,9,2024-09,3514,Pasuruan,Jawa Timur,3514,kode,Beji,1,"Pada hari Kamis 05 September 2024 pada pukul 19.00 WIB terjadi kebakaran lahan di wilayah Dsn. Gunungsari, Ds. Pilangsari , Kec. Beji . Lahan yang terbakar berupa semak belukar, pohon jati dan bambu. Penyebab kebakaran belum diketahui.",0.0,0.0,0,0,False
1796,1906 106 20240904 1,2024-09-04,2024,9,2024-09,1906,Belitung Timur,Kepulauan Bangka Belitung,1906,kode,Gantung,1,Masih dalam proses lidik dan sidik penegak hukum,0.0,0.0,0,0,False
1797,1610 106 20240904 1,2024-09-04,2024,9,2024-09,1610,Ogan Ilir,Sumatera Selatan,1610,kode,,0,,,,0,0,False
1798,1602 106 20240904 1,2024-09-04,2024,9,2024-09,1602,Ogan Komering Ilir,Sumatera Selatan,1602,kode,,0,,,,0,0,False
1799,5313 106 20240904 1,2024-09-04,2024,9,2024-09,5313,Lembata,Nusa Tenggara Timur,5313,kode,Nubatukan,1,Dicurigai berasal dari puntung rokok yg dibuang di pinggir jalan menuju desa Bakalerek karena asal api bermula dari pinggir jalan.,0.0,0.0,0,0,False
1800,3517 106 20240904 1,2024-09-04,2024,9,2024-09,3517,Jombang,Jawa Timur,3517,kode,Mojoagung,1,"Rabu, 04 September 2024 pada pukul 12.30 WIB terjadi kebakaran Lahan di Dsn. Gedangan, Ds. Kedunglumpang, Kec. Mojoagung, Kab. Jombang. Kebakaran disebabkan pembakaran sampah sisa tebu yang merambat ke lahan tebu. Api berhasil dipadamkan pada pukul 14.00 WIB.",0.0,0.0,0,0,False
1801,3513 106 20240904 1,2024-09-04,2024,9,2024-09,3513,Probolinggo,Jawa Timur,3513,kode,Banyuanyar,1,,0.0,0.0,0,0,False
1802,1223 106 20240904 1,2024-09-04,2024,9,2024-09,1223,Labuhanbatu Utara,Sumatera Utara,1223,kode,,0,"Manggala Agni melalui aplikasi lancang kuning menemukan titik api dan membakar lahan karet milik masyarakat , penyebab kebakaran masih dalam penyelidikan.",,,0,0,False
1803,1505 106 20240904 1,2024-09-04,2024,9,2024-09,1505,Muaro Jambi,Jambi,1505,kode,,0,,0.0,0.0,0,0,False
1804,1606 106 20240904 1,2024-09-04,2024,9,2024-09,1606,Musi Banyuasin,Sumatera Selatan,1606,kode,,0,,,,0,0,False
1805,3401 106 20240904 1,2024-09-04,2024,9,2024-09,3401,Kulon Progo,Daerah Istimewa Yogyakarta,3401,kode,,0,Api membesar dari tengah hutan Lahan jati 3 Ha terbakar,,,0,0,False
1806,1603 106 20240904 1,2024-09-04,2024,9,2024-09,1603,Muara Enim,Sumatera Selatan,1603,kode,,0,,,,0,0,False
1807,1117 106 20240904 1,2024-09-04,2024,9,2024-09,1117,Bener Meriah,Aceh,1117,kode,Pintu Rime Gayo,1,Dalam proses penyelidikan lidik selidik oleh aparat penegak hukum,0.0,0.0,0,0,False
1808,1505 106 20240903 1,2024-09-03,2024,9,2024-09,1505,Muaro Jambi,Jambi,1505,kode,,0,,0.0,0.0,0,0,False
1809,1603 106 20240903 1,2024-09-03,2024,9,2024-09,1603,Muara Enim,Sumatera Selatan,1603,kode,,0,,,,0,0,False
1810,3513 106 20240903 2,2024-09-03,2024,9,2024-09,3513,Probolinggo,Jawa Timur,3513,kode,,0,,0.0,0.0,0,0,False
1811,1605 106 20240903 1,2024-09-03,2024,9,2024-09,1605,Musi Rawas,Sumatera Selatan,1605,kode,,0,,,,0,0,False
1812,1606 106 20240903 1,2024-09-03,2024,9,2024-09,1606,Musi Banyuasin,Sumatera Selatan,1606,kode,,0,,,,0,0,False
1813,5107 106 20240903 1,2024-09-03,2024,9,2024-09,5107,Karangasem,Bali,5107,kode,,0,Telah terjadi kebakaran lahan yang menghanguskan lahan milik warga -+10 Hektar,0.0,0.0,0,0,False
1814,3509 106 20240903 1,2024-09-03,2024,9,2024-09,3509,Jember,Jawa Timur,3509,kode,Wuluhan,1,"Pada hari Selasa 03 September 2024 pada pukul 19.15 WIB terjadi kebakaran hutan di wilayah Gunung Watangan, Dsn. Krajan, Ds. Lojejer, Kec. Wuluhan terdapat 5 titik lokasi kebakaran, tumbuhan yang terbakar berupa serasah daun jati dan tumbuhan liar. Penyebab kebakaran masih belum diketahui, jarak antara titik api ke pemukiman warga ± 5 km.",0.0,0.0,0,0,False
1815,3513 106 20240903 1,2024-09-03,2024,9,2024-09,3513,Probolinggo,Jawa Timur,3513,kode,Banyuanyar,1,"Pada hari Selasa, 03 September 2024 pukul 16.30 WIB terjadi kebakaran hutan di Kec. Banyuanyar, penyebab kebakaran hingga saat ini belum diketahui, tanaman yang terbakar berupa semak-semak, ilalang dan daun kering. Kebakaran berhasil dipadamkan pada pukul 19.22 WIB",0.0,0.0,0,0,False
1816,1504 106 20240903 1,2024-09-03,2024,9,2024-09,1504,Batanghari,Jambi,1504,kode,,0,,0.0,0.0,0,0,False
1817,1610 106 20240903 1,2024-09-03,2024,9,2024-09,1610,Ogan Ilir,Sumatera Selatan,1610,kode,,0,,,,0,0,False
1818,5313 106 20240903 1,2024-09-03,2024,9,2024-09,5313,Lembata,Nusa Tenggara Timur,5313,kode,,0,"Pusdalops Badan Penanggulangan Bencana Daerah (BPBD) Kabupaten Lembata melaporkan peristiwa kebakaran lahan terjadi di Desa Amakaka, Kecamatan Ile Ape pada Selasa (3/9) sekitar pukul 13.34 Wita. Kebakaran ini dipicu oleh aktivitas pembakaran sampah yang dilakukan oleh warga, yang kemudian api merambat ke semak-semak kering di sekitar lokasi dan menyebabkan kebakaran meluas.",0.0,0.0,0,0,False
1819,1508 106 20240903 1,2024-09-03,2024,9,2024-09,1508,Bungo,Jambi,1508,kode,,0,,0.0,0.0,0,0,False
1820,1603 106 20240902 1,2024-09-02,2024,9,2024-09,1603,Muara Enim,Sumatera Selatan,1603,kode,,0,,,,0,0,False
1821,1607 106 20240902 1,2024-09-02,2024,9,2024-09,1607,Banyuasin,Sumatera Selatan,1607,kode,,0,,,,0,0,False
1822,3502 106 20240902 1,2024-09-02,2024,9,2024-09,3502,Ponorogo,Jawa Timur,3502,kode,Balong.,1,"Terjadi Kebakaran Hutan yang berada ± 200 meter dari pemukiman warga di kawasan Gunung Pegat , RPH Karangpatihan , KPH Lawu DS, BKPH Ponorogo Barat , Dukuh pelok , Desa Bulak , Kec. Balong #Update 03 September 2024 pkl 12.00 WIB : Perkembangan: - Kondisi terkini : Kebakaran hutan telah berhasil dipadamkan pada pukul 09.30 WIB. - Kondisi cuaca saat ini Cerah",0.0,0.0,0,0,False
1823,3314 106 20240902 1,2024-09-02,2024,9,2024-09,3314,Sragen,Jawa Tengah,3314,kode,Gesi,1,Dalam proses lidik dan sidik penegak hukum,0.0,0.0,0,0,False
1824,1206 106 20240902 1,2024-09-02,2024,9,2024-09,1206,Karo,Sumatera Utara,1206,kode,,0,Manggala Agni melakukan pemantauan lewat aplikasi Lancang Kuning dan menemukan adanya titik api dilahan milik warga dengan vegetasi tanaman jagung ditanah non gambut. Penyebab kebakaran karena disengaja untuk pembersihan lahan supaya bisa ditanami dengan tanaman yang baru,,,0,0,False
1825,6104 106 20240902 1,2024-09-02,2024,9,2024-09,6104,Ketapang,Kalimantan Barat,6104,kode,Muara Pawan; Nanga Tayap; Simpang Dua,3,,0.0,0.0,0,0,False
1826,6402 106 20240902 1,2024-09-02,2024,9,2024-09,6402,Kutai Kartanegara,Kalimantan Timur,6402,kode,,0,,0.0,0.0,0,0,False
1827,1610 106 20240902 1,2024-09-02,2024,9,2024-09,1610,Ogan Ilir,Sumatera Selatan,1610,kode,,0,,,,0,0,False
1828,1504 106 20240902 1,2024-09-02,2024,9,2024-09,1504,Batanghari,Jambi,1504,kode,,0,,0.0,0.0,0,0,False
1829,1605 106 20240902 1,2024-09-02,2024,9,2024-09,1605,Musi Rawas,Sumatera Selatan,1605,kode,,0,,,,0,0,False
1830,1505 106 20240902 1,2024-09-02,2024,9,2024-09,1505,Muaro Jambi,Jambi,1505,kode,,0,,0.0,0.0,0,0,False
1831,1612 106 20240902 1,2024-09-02,2024,9,2024-09,1612,Penukal Abab Lematang Ilir,Sumatera Selatan,1612,kode,,0,,,,0,0,False
1832,1604 106 20240901 1,2024-09-01,2024,9,2024-09,1604,Lahat,Sumatera Selatan,1604,kode,,0,,,,0,0,False
1833,7315 106 20240901 1,2024-09-01,2024,9,2024-09,7315,Pinrang,Sulawesi Selatan,7315,kode,Suppa,1,kebakaran diakibatkan pembakaran yang disengaja untuk pembukaan lahan,0.0,0.0,0,0,False
1834,3511 106 20240901 1,2024-09-01,2024,9,2024-09,3511,Bondowoso,Jawa Timur,3511,kode,Curahdami,1,"Terjadi kebakaran hutan yang berada di Petak 18 RPH Curahdami, BKPH Bondowoso, KPH Bondowoso Ds. Poncogati, Kec. Curahdami Penyebab kebakaran saat ini masih belum diketahui, angin kencang menyebabkan api cepat meluas.",0.0,0.0,0,0,False
1835,3517 106 20240901 1,2024-09-01,2024,9,2024-09,3517,Jombang,Jawa Timur,3517,kode,Sumobito,1,"dikarenakan seorang yang warga membakar sampah, karena cuaca panas dan angin kencang api merembet membesar ke rumpun bambu mendekati pemukiman.",0.0,0.0,0,0,False
1836,3508 106 20240901 1,2024-09-01,2024,9,2024-09,3508,Lumajang,Jawa Timur,3508,kode,Senduro; Ranupani,2,Pada hari Minggu tanggal 1 September 2024 pukul 16.30 WIB telah terjadi kebakaran hutan di area hutan TNBTS Desa Argosari Kecamatan Senduro Kabupaten Lumajang. Penyebab kebakaran masih dalam proses penyelidikan,0.0,0.0,0,0,False
1837,3502 106 20240901 1,2024-09-01,2024,9,2024-09,3502,Ponorogo,Jawa Timur,3502,kode,Balong,1,"Masih dalam proses penyelidikan Telah terjadi kebakaran hutan pada hari Minggu, 01 September 2024, pkl. 22.28 WIB yang berada di Kawasan Gn. Puhgading tepatnya Petak 46, RPH Karangpatihan, KPH Lawu DS, BKPH Ponorogo Barat, Dkh. Puhgading, Ds. Ngendut, Kec. Balong, Kab. Ponorogo",0.0,0.0,0,0,False
1838,1610 106 20240901 1,2024-09-01,2024,9,2024-09,1610,Ogan Ilir,Sumatera Selatan,1610,kode,,0,,,,0,0,False
1839,1603 106 20240901 1,2024-09-01,2024,9,2024-09,1603,Muara Enim,Sumatera Selatan,1603,kode,,0,,,,0,0,False
1840,1674 106 20240901 1,2024-09-01,2024,9,2024-09,1674,Kota Prabumulih,Sumatera Selatan,1674,kode,,0,,,,0,0,False
1841,1117 106 20240901 1,2024-09-01,2024,9,2024-09,1117,Bener Meriah,Aceh,1117,kode,Bukit,1,dalam proses penyelidikan lidik selidik oleh aparat penegak hukum,0.0,0.0,0,0,False
1842,1602 106 20240901 1,2024-09-01,2024,9,2024-09,1602,Ogan Komering Ilir,Sumatera Selatan,1602,kode,,0,,,,0,0,False
1843,1502 106 20240831 1,2024-08-31,2024,8,2024-08,1502,Merangin,Jambi,1502,kode,,0,Tim TRC Piket menerima laporan dari warga telah terjadi kebakaran lahan di desa Mentawak Kec.Nalo Tantan,0.0,0.0,0,0,False
1844,3503 106 20240831 1,2024-08-31,2024,8,2024-08,3503,Trenggalek,Jawa Timur,3503,kode,,0,"Pada hari Sabtu, 31 Agustus 2024 terjadi kebakaran lahan di Gunung Orak - arik Desa Jatiprahu Trenggalek. Berawal dari laporan warga sekitar yang melihat adanya api di Gunung Orak - arik pukul 13.00 WIB. Penyebab kebakaran belum diketahui, api berhasil dipadamkan pukul 14.00 WIB.",0.0,0.0,0,0,False
1845,3511 106 20240831 1,2024-08-31,2024,8,2024-08,3511,Bondowoso,Jawa Timur,3511,kode,Tapen.,1,"Pada hari Sabtu, 31 Agustus 2024 pukul 17.55 WIB telah terjadi Kebakaran Hutan di Petak 65G, RPH Tapen, BKPH Wonosari, KPH Bondowoso. Angin yang kencang mengakibatkan api cepat merambat dan membakar serasah daun Jati dan semak belukar. Penyebab kebakaran belum diketahui, api telah berhasil dipadamkan pukul 18.45 WIB.",0.0,0.0,0,0,False
1846,1610 106 20240831 1,2024-08-31,2024,8,2024-08,1610,Ogan Ilir,Sumatera Selatan,1610,kode,,0,,,,0,0,False
1847,3505 106 20240831 1,2024-08-31,2024,8,2024-08,3505,Blitar,Jawa Timur,3505,kode,Sutojayan,1,Telah terjadi kebakaran di area Kawasan Hutan Gunung Betet Petak 58B. Penyebab kebakaran diduga diakibatkan oleh puntung rokok yang dibuang di area banyak daun-daun kering sehingga timbul api dan menyebabkan api cepat menyebar.,0.0,0.0,0,0,False
1848,3502 106 20240831 1,2024-08-31,2024,8,2024-08,3502,Ponorogo,Jawa Timur,3502,kode,Sambit.,1,"Pada hari Sabtu, 31 Agustus 2024 pukul 19.00 WIB telah terjadi Kebakaran Lahan di wilayah RT 01 RW 01, Dkh. Dungwatu, Ds. Bancangan, Kec. Sambit. Penyebab kebakaran belum diketahui, api telah berhasil dipadamkan pukul 22.00 WIB.",0.0,0.0,0,0,False
1849,3213 106 20240830 1,2024-08-30,2024,8,2024-08,3213,Subang,Jawa Barat,3213,kode,Subang,1,Dalam proses lidik dan sidik penegak hukum,0.0,0.0,0,0,False
1850,3505 106 20240830 1,2024-08-30,2024,8,2024-08,3505,Blitar,Jawa Timur,3505,kode,Garum,1,Dipicu pembakaran sampah sisa-sisa pembersihan bambu yang kurang diperhatikan dan disertai angin kencang menyebabkan api menjadi besar dan tidak terkontrol.,0.0,0.0,0,0,False
1851,3518 106 20240830 1,2024-08-30,2024,8,2024-08,3518,Nganjuk,Jawa Timur,3518,kode,Sawahan,1,Dipicu dari dampak kebakaran di wilayah tulungagung yang menjalar ke wilayah nganjuk di Desa Bareng Kec. Sawahan,0.0,0.0,0,0,False
1852,3513 106 20240830 1,2024-08-30,2024,8,2024-08,3513,Probolinggo,Jawa Timur,3513,kode,Tegalsiwalan,1,Dalam proses lidik dan sidik penegak hukum,0.0,0.0,0,0,False
1853,3321 106 20240830 1,2024-08-30,2024,8,2024-08,3321,Demak,Jawa Tengah,3321,kode,Mranggen,1,Dalam proses lidik dan sidik penegak hukum,0.0,0.0,0,0,False
1854,3324 106 20240830 1,2024-08-30,2024,8,2024-08,3324,Kendal,Jawa Tengah,3324,kode,Kaliwungu Selatan,1,Dipicu oleh pembakaran sisa tanaman yang merembet dan menyebabkan api membesar,0.0,0.0,0,0,False
1855,3310 106 20240830 1,2024-08-30,2024,8,2024-08,3310,Klaten,Jawa Tengah,3310,kode,Jogonalan; Bayat,2,Dipicu pembakaran sisa rapak tebu hasil panen yang kemudian merembet ke lahan kering yang ada disekitarnya,0.0,0.0,0,0,False
1856,3311 106 20240830 1,2024-08-30,2024,8,2024-08,3311,Sukoharjo,Jawa Tengah,3311,kode,Nguter,1,Dalam proses lidik dan sidik penegak hukum,0.0,0.0,0,0,False
1857,1507 106 20240830 1,2024-08-30,2024,8,2024-08,1507,Tanjung Jabung Timur,Jambi,1507,kode,,0,,0.0,0.0,0,0,False
1858,1504 106 20240830 1,2024-08-30,2024,8,2024-08,1504,Batanghari,Jambi,1504,kode,,0,,0.0,0.0,0,0,False
1859,1610 106 20240830 1,2024-08-30,2024,8,2024-08,1610,Ogan Ilir,Sumatera Selatan,1610,kode,,0,,,,0,0,False
1860,1603 106 20240830 1,2024-08-30,2024,8,2024-08,1603,Muara Enim,Sumatera Selatan,1603,kode,,0,,,,0,0,False
1861,5107 106 20240830 1,2024-08-30,2024,8,2024-08,5107,Karangasem,Bali,5107,kode,,0,Kebakaran lahan mente kurang lebih sekitar 1 Hektar milik I Nengah Ngari dan I Nyoman Kier,0.0,0.0,0,0,False
1862,3505 106 20240830 2,2024-08-30,2024,8,2024-08,3505,Blitar,Jawa Timur,3505,kode,Kesamben,1,"Jum'at, 30 Agutus 2024 pukul 11.00 WIB terjadi kebakaran lahan di RT.03/RW.01 Ds. Pagergunung, Kec. Kesamben, Kab. Blitar. Penyebab kebakaran masih belum diketahui. Api berhasil dipadamkan pada pukul 21.00 WIB.",0.0,0.0,0,0,False
1863,1606 106 20240829 1,2024-08-29,2024,8,2024-08,1606,Musi Banyuasin,Sumatera Selatan,1606,kode,,0,,,,0,0,False
1864,1610 106 20240829 1,2024-08-29,2024,8,2024-08,1610,Ogan Ilir,Sumatera Selatan,1610,kode,,0,,,,0,0,False
1865,3520 106 20240829 1,2024-08-29,2024,8,2024-08,3520,Magetan,Jawa Timur,3520,kode,Kewedanan,1,Masih dalam proses lidik dan sidik penegak hukum,0.0,0.0,0,0,False
1866,1504 106 20240829 1,2024-08-29,2024,8,2024-08,1504,Batanghari,Jambi,1504,kode,,0,,0.0,0.0,0,0,False
1867,1607 106 20240829 1,2024-08-29,2024,8,2024-08,1607,Banyuasin,Sumatera Selatan,1607,kode,,0,,,,0,0,False
1868,3511 106 20240829 1,2024-08-29,2024,8,2024-08,3511,Bondowoso,Jawa Timur,3511,kode,Tapen,1,Telah terjadi kebakaran hutan jati milik perhutani. Penyebab kebakaran masih belum diketahui. Api berhasil dipadamkan pada pkl. 14.25 WIB.,0.0,0.0,0,0,False
1869,3502 106 20240829 1,2024-08-29,2024,8,2024-08,3502,Ponorogo,Jawa Timur,3502,kode,Badegan; Sampung,2,"Pada hari Kamis, 29 Agustus 2024 pukul 16.00 WIB terjadi kebakaran hutan di Petak 18, 19 KPH Lawu, RPH Watubonang BKPH Ponorogo Barat, Desa Karangan. Penyebab kebakaran hingga saat ini masih belum diketahui.",0.0,0.0,0,0,False
1870,3513 106 20240829 1,2024-08-29,2024,8,2024-08,3513,Probolinggo,Jawa Timur,3513,kode,Tegalsiwalan,1,,0.0,0.0,0,0,False
1871,3511 106 20240829 2,2024-08-29,2024,8,2024-08,3511,Bondowoso,Jawa Timur,3511,kode,Tegalampel,1,Telah terjadi kebakaran hutan jati yang berdampak pada vegetasi setempat. Penyebab kebakaran masih dalam penyelidikan. Api telah padam sepenuhnya pada pkl. 18.20 WIB.,0.0,0.0,0,0,False
1872,1603 106 20240829 1,2024-08-29,2024,8,2024-08,1603,Muara Enim,Sumatera Selatan,1603,kode,,0,,,,0,0,False
1873,3516 106 20240829 1,2024-08-29,2024,8,2024-08,3516,Mojokerto,Jawa Timur,3516,kode,Trowulan,1,"Pada pkl. 17.05 WIB, telah terjadi kebakaran lahan tebu yang berdekatan dengan pemukiman warga. Penyebab kebarakn masih dalam penyelidikan. Pada pkl. 20.34 WIB, api telah padam sepenuhnya.",0.0,0.0,0,0,False
1874,3519 106 20240829 1,2024-08-29,2024,8,2024-08,3519,Madiun,Jawa Timur,3519,kode,Balerejo,1,Telah terjadi kebakaran lahan tebu milik PT Rajawali Rejo Agung. Penyebab kebakaran lahan tebu yang hangus terbakar terbawa angin sampai ke pemukiman penduduk. Api telah pada sepenuhnya pada pkl. 23.30 WIB.,0.0,0.0,0,0,False
1875,1206 106 20240829 1,2024-08-29,2024,8,2024-08,1206,Karo,Sumatera Utara,1206,kode,,0,"Berdasarkan laporan dari Masyarakat yang melihat kepulan asap disekitar perbukitan Desa Tongging, dan segera menyampaikan laporan kepada MPA Tongging dan diteruskan ke Manggala Agni Daops Sibolangit dan BPBD Kabupaten Karo. Tim segera melakukan koordinasi untuk melakukan tindakan pemadaman dan mencegah api merambat lebih luas.",,,0,0,False
1876,3213 106 20240828 1,2024-08-28,2024,8,2024-08,3213,Subang,Jawa Barat,3213,kode,Cibogo,1,Dipicu dari pembakaran sampah yang menjalar ke kebun karet menyebabkan kebakaran lahan kebun karet hingga ± 1 Ha.,0.0,0.0,0,0,False
1877,1603 106 20240828 1,2024-08-28,2024,8,2024-08,1603,Muara Enim,Sumatera Selatan,1603,kode,,0,,,,0,0,False
1878,3507 106 20240828 1,2024-08-28,2024,8,2024-08,3507,Malang,Jawa Timur,3507,kode,Kepanjen,1,"Pada hari Rabu, 28 Agustus 2024 pukul 17.45 WIB telah terjadi kebakaran hutan di petak 6 BKPH, KGPH Sengguruh, Kab. Malang. Terpantau api berada di beberapa titik. #Update Kamis 29 Agustus 2024 pkl. 11.00 WIB - Pada hari Rabu, 28 Agustus 2024 pukul 17.45 WIB telah terjadi kebakaran hutan di petak 6 BKPH, KGPH Sengguruh, Kab. Malang. Terpantau api berada di beberapa titik, tumbuhan yang terbakar berupa serasah daun jati. - Kondisi saat ini : sebagian titik api sudah padam (belum padam secara keseluruhan) - Sebagian titik api sulit dipadamkan karena berada di medan yang terjal - Cuaca saat ini : Cerah Berawan #Update Kamis 29 Agustus 2024 pkl. 18.00 WIB Pada hari Rabu, 28 Agustus 2024 pukul 17.45 WIB telah terjadi kebakaran hutan di petak 6 BKPH, KGPH Sengguruh, Kab. Malang. Terpantau api berada di beberapa titik, tumbuhan yang terbakar berupa serasah daun jati. - Kondisi saat ini : Api dinyatakan sudah padam, tim gabungan tetap melakukan pemantauan. - Cuaca saat ini : Cerah Berawan",0.0,0.0,0,0,False
1879,2101 106 20240828 1,2024-08-28,2024,8,2024-08,2101,Bintan,Kepulauan Riau,2101,kode,,0,Sumber api tidak diketahui,0.0,0.0,0,0,False
1880,3506 106 20240828 1,2024-08-28,2024,8,2024-08,3506,Kediri,Jawa Timur,3506,kode,Mojo,1,"Pada hari Rabu, 28 Agustus 2024 pukul 13.00 WIB telah terjadi kebakaran hutan dengan luas area terbakar 8 Ha. Penyebab kebakaran hingga saat ini masih belum di ketahui. Kondisi terkini api telah berhasil di padamkan pada pukul 17.00 WIB",0.0,0.0,0,0,False
1881,1613 106 20240828 1,2024-08-28,2024,8,2024-08,1613,Musi Rawas Utara,Sumatera Selatan,1613,kode,,0,,,,0,0,False
1882,3511 106 20240828 1,2024-08-28,2024,8,2024-08,3511,Bondowoso,Jawa Timur,3511,kode,Wringin,1,"Pada hari Rabu, 28 Agustus 2024 pukul 15.00 WIB telah terjadi kebakaran hutan dan lahan di Ds. Sumbercanting, Kec. Wringin dengan luas area terbakar 10 Ha. Penyebab kebakaran saat ini masih belum diketahui, angin kencang menyebabkan api cepat meluas. - Kondisi terkini api sudah padam.",0.0,0.0,0,0,False
1883,7315 106 20240828 1,2024-08-28,2024,8,2024-08,7315,Pinrang,Sulawesi Selatan,7315,kode,Suppa,1,"Api tiba-tiba  membesar di tumpukan sampah, menyebar dan membakar lahan. Penyebab terjadi kebakaran akibat warga membakar sampah di lokasi kejadian.",0.0,0.0,0,0,False
1884,3503 106 20240827 1,2024-08-27,2024,8,2024-08,3503,Trenggalek,Jawa Timur,3503,kode,Trenggalek,1,Dalam proses lidik dan sidik penegak hukum,0.0,0.0,0,0,False
1885,3512 106 20240827 1,2024-08-27,2024,8,2024-08,3512,Situbondo,Jawa Timur,3512,kode,Kendit,1,Dalam proses lidik dan sidik penegak hukum,0.0,0.0,0,0,False
1886,1610 106 20240827 1,2024-08-27,2024,8,2024-08,1610,Ogan Ilir,Sumatera Selatan,1610,kode,,0,,,,0,0,False
1887,3401 106 20240827 1,2024-08-27,2024,8,2024-08,3401,Kulon Progo,Daerah Istimewa Yogyakarta,3401,kode,,0,Membakar sampah merembet ke tumpukan jerami dan membakar kandang,,,0,0,False
1888,5107 106 20240827 1,2024-08-27,2024,8,2024-08,5107,Karangasem,Bali,5107,kode,,0,Kebakaran lahan 2 hektar,0.0,0.0,0,0,False
1889,3503 106 20240827 2,2024-08-27,2024,8,2024-08,3503,Trenggalek,Jawa Timur,3503,kode,Pogalan,1,"Telah terjadi kebakaran hutan pada hari Selasa, 27 Agustus 2024, pkl. 17.30 WIB yang berada di Petak 108A, KPH Kediri, BKPH Trenggalek, RPH Durenan, Dsn. Nglembu, Ds. Bendorejo, Kec. Pogalan. Penyebab kebakaran hingga saat ini masih dalam proses penyelidikan. # Update Rabu, 28 Agustus 2024 pukul 00.00 - 06.00 WIB, sbb: Perkembangan: Api dapat dipadamkan (27/08) pukul 22.00 WIB",0.0,0.0,0,0,False
1890,1612 106 20240827 1,2024-08-27,2024,8,2024-08,1612,Penukal Abab Lematang Ilir,Sumatera Selatan,1612,kode,,0,,,,0,0,False
1891,1504 106 20240827 1,2024-08-27,2024,8,2024-08,1504,Batanghari,Jambi,1504,kode,,0,,0.0,0.0,0,0,False
1892,1603 106 20240827 1,2024-08-27,2024,8,2024-08,1603,Muara Enim,Sumatera Selatan,1603,kode,,0,,,,0,0,False
1893,1508 106 20240827 1,2024-08-27,2024,8,2024-08,1508,Bungo,Jambi,1508,kode,,0,,0.0,0.0,0,0,False
1894,3513 106 20240827 1,2024-08-27,2024,8,2024-08,3513,Probolinggo,Jawa Timur,3513,kode,Tegalsiwalan,1,,0.0,0.0,0,0,False
1895,1507 106 20240827 1,2024-08-27,2024,8,2024-08,1507,Tanjung Jabung Timur,Jambi,1507,kode,,0,,0.0,0.0,0,0,False
1896,1607 106 20240827 1,2024-08-27,2024,8,2024-08,1607,Banyuasin,Sumatera Selatan,1607,kode,,0,,,,0,0,False
1897,1504 106 20240826 1,2024-08-26,2024,8,2024-08,1504,Batanghari,Jambi,1504,kode,,0,,0.0,0.0,0,0,False
1898,1607 106 20240826 1,2024-08-26,2024,8,2024-08,1607,Banyuasin,Sumatera Selatan,1607,kode,,0,,,,0,0,False
1899,3313 106 20240826 1,2024-08-26,2024,8,2024-08,3313,Karanganyar,Jawa Tengah,3313,kode,Colomadu,1,Kebakaran berasal dari pembakaran sampah daun tebu kering yg merambat ke area sekitar. Tiupan angin membuat api dengan cepat membesar,0.0,0.0,0,0,False
1900,1603 106 20240826 1,2024-08-26,2024,8,2024-08,1603,Muara Enim,Sumatera Selatan,1603,kode,,0,,,,0,0,False
1901,3209 106 20240826 1,2024-08-26,2024,8,2024-08,3209,Cirebon,Jawa Barat,3209,kode,Gempol,1,TTelah terjadi kebakaran di lahan dan area Kuburan tanah desa cikesal akibat ada seseorang buang puntung roko,0.0,0.0,0,0,False
1902,3204 106 20240826 1,2024-08-26,2024,8,2024-08,3204,Bandung,Jawa Barat,3204,kode,,0,,0.0,0.0,0,0,False
1903,1610 106 20240826 1,2024-08-26,2024,8,2024-08,1610,Ogan Ilir,Sumatera Selatan,1610,kode,,0,,,,0,0,False
1904,3507 106 20240826 1,2024-08-26,2024,8,2024-08,3507,Malang,Jawa Timur,3507,kode,Pujon,1,"Pada hari Senin, 26 Agustus 2024 Pkl. 16.00 WIB Telah terjadi kebakaran hutan di wilayah Petak 100, RPH Pujon Selatan, BKPH Pujon. Penyebab kebakaran masih dalam pencarian.",0.0,0.0,0,0,False
1905,3401 106 20240826 1,2024-08-26,2024,8,2024-08,3401,Kulon Progo,Daerah Istimewa Yogyakarta,3401,kode,,0,Seseorang membakar sampah sehingga merembet,,,0,0,False
1906,1906 106 20240826 1,2024-08-26,2024,8,2024-08,1906,Belitung Timur,Kepulauan Bangka Belitung,1906,kode,Damar,1,Penyebab kebakaran diduga karena lahan kebun yang dibakar dengan sengaja oleh pemilik.,0.0,0.0,0,0,False
1907,3401 106 20240825 2,2024-08-25,2024,8,2024-08,3401,Kulon Progo,Daerah Istimewa Yogyakarta,3401,kode,,0,Saat sedang melintas pelapor melihat kebakaran yang tidak di ketahui penyebabnya,,,0,0,False
1908,3401 106 20240825 1,2024-08-25,2024,8,2024-08,3401,Kulon Progo,Daerah Istimewa Yogyakarta,3401,kode,,0,"Minggu, 25 Agustus 2024, terjadi kebakaran yang tiba-tiba muncul di bukit pada tengah malam.",,,0,0,False
1909,3511 106 20240825 1,2024-08-25,2024,8,2024-08,3511,Bondowoso,Jawa Timur,3511,kode,Binakal,1,"Telah terjadi kebakaran hutan di Petak 23 Gunung Saeng, Ds. Sumberwaru, Kec. Binakal, Kab. Bondowoso. Penyebab kebakaran masih dalam penyelidikan dan tidak ada korban dalam kejadian ini karena lokasi titik api jauh dari pemukiman warga",0.0,0.0,0,0,False
1910,3503 106 20240825 1,2024-08-25,2024,8,2024-08,3503,Trenggalek,Jawa Timur,3503,kode,Trenggalek,1,Dalam proses lidik dan sidik penegak hukum,0.0,0.0,0,0,False
1911,1610 106 20240825 1,2024-08-25,2024,8,2024-08,1610,Ogan Ilir,Sumatera Selatan,1610,kode,,0,,,,0,0,False
1912,5107 106 20240825 1,2024-08-25,2024,8,2024-08,5107,Karangasem,Bali,5107,kode,,0,"Kebakaran Lahan bambu dan semak belukar seluas 3 Ha, Kebakaran Mente dan semak belukar seluas ± 12 Ha",0.0,0.0,0,0,False
1913,1612 106 20240825 1,2024-08-25,2024,8,2024-08,1612,Penukal Abab Lematang Ilir,Sumatera Selatan,1612,kode,,0,,,,0,0,False
1914,3204 106 20240825 1,2024-08-25,2024,8,2024-08,3204,Bandung,Jawa Barat,3204,kode,,0,,0.0,0.0,0,0,False
1915,1607 106 20240825 1,2024-08-25,2024,8,2024-08,1607,Banyuasin,Sumatera Selatan,1607,kode,,0,,,,0,0,False
1916,3319 106 20240825 1,2024-08-25,2024,8,2024-08,3319,Kudus,Jawa Tengah,3319,kode,Bae,1,Kebakaran lahan tebu berasal dari pembakaran sampah daun tebu kering yg merambat ke area sekitar. Tiupan angin membuat api dengan cepat membesar.,0.0,0.0,0,0,False
1917,3502 106 20240824 1,2024-08-24,2024,8,2024-08,3502,Ponorogo,Jawa Timur,3502,kode,Badegan,1,"Terjadi kebakaran hutan lindung yang berlokasi di Petak 4d, (Blok Sondowo) RPH Watubonang, KPH Lawu, BKPH Ponorogo Barat dengan jenis tanaman/vegetasi yang terbakar kayu putih. Lokasi kebakaran jauh dari pemukiman, diduga titik api berasal dari bawah lereng dan merambat ke puncak. Penyebab kebakaran hingga saat ini masih belum diketahui dan dalam proses lidik dan sidik penegak hukum.",0.0,0.0,0,0,False
1918,1603 106 20240824 1,2024-08-24,2024,8,2024-08,1603,Muara Enim,Sumatera Selatan,1603,kode,Sungai Rotan,1,Dalam proses lidik dan sidik penegak hukum,0.0,0.0,0,0,False
1919,1610 106 20240824 1,2024-08-24,2024,8,2024-08,1610,Ogan Ilir,Sumatera Selatan,1610,kode,,0,,,,0,0,False
1920,3314 106 20240824 1,2024-08-24,2024,8,2024-08,3314,Sragen,Jawa Tengah,3314,kode,Gondang,1,dikarenakan ada pembakaran daun kering di Lahan jati yang berada di sebelah lahan tebu.,0.0,0.0,0,0,False
1921,3204 106 20240824 1,2024-08-24,2024,8,2024-08,3204,Bandung,Jawa Barat,3204,kode,,0,,0.0,0.0,0,0,False
1922,3322 106 20240824 1,2024-08-24,2024,8,2024-08,3322,Semarang,Jawa Tengah,3322,kode,Ungaran Timur,1,Dalam proses lidik dan sidik penegak hukum,0.0,0.0,0,0,False
1923,1603 106 20240824 2,2024-08-24,2024,8,2024-08,1603,Muara Enim,Sumatera Selatan,1603,kode,,0,,,,0,0,False
1924,1807 106 20240824 1,2024-08-24,2024,8,2024-08,1807,Lampung Timur,Lampung,1807,kode,Labuhan Ratu,1,"Telah terjadi Kebakaran Hutan/Lahan di Wilayah Taman Nasional Way Kambas (TNWK) di beberapa titik. Informasi titik kebakaran awal yakni di  wilayah Rawakuntul, Kecamatan Labuhan Ratu.",0.0,0.0,0,0,False
1925,1505 106 20240824 1,2024-08-24,2024,8,2024-08,1505,Muaro Jambi,Jambi,1505,kode,,0,,0.0,0.0,0,0,False
1926,1206 106 20240824 1,2024-08-24,2024,8,2024-08,1206,Karo,Sumatera Utara,1206,kode,,0,"Manggala Agni melalui aplikasi lancang kuning menemukan titik api yang membakar lahan milik masyarakat dengan vegetasi semak belukar, penyebab kebakaran karena kesengajaan pemilik lahan membakar lahan dengan sengaja.",,,0,0,False
1927,1906 106 20240823 1,2024-08-23,2024,8,2024-08,1906,Belitung Timur,Kepulauan Bangka Belitung,1906,kode,Gantung,1,Dalam proses lidik dan sidik penegak hukum.,0.0,0.0,0,0,False
1928,1205 106 20240823 1,2024-08-23,2024,8,2024-08,1205,Langkat,Sumatera Utara,1205,kode,,0,"Manggala Agni melalui aplikasi lancang kuning menemukan titik api yang membakar lahan milik masyarakat dan kawasan TNGL  dengan vegetasi sawit,karet dan semak belukar, penyebab kebakaran karena kesengajaan pemilik lahan membakar lahan dengan sengaja.",,,0,0,False
1929,1607 106 20240823 1,2024-08-23,2024,8,2024-08,1607,Banyuasin,Sumatera Selatan,1607,kode,,0,,,,0,0,False
1930,3511 106 20240823 1,2024-08-23,2024,8,2024-08,3511,Bondowoso,Jawa Timur,3511,kode,Ijen,1,"Pada hari Jum'at, 23 Agustus 2024 pukul 12.00 WIB telah terjadi kebakaran lahan berupa alang - alang dan tanaman kering. Penyebab kebakaran dikarenakan cuaca panas di Wilayah Kab. Bondowoso. Kondisi terkini api telah berhasil di padamkan dan telah dilakukan pembasahan pada pukul 16.30 WIB",0.0,0.0,0,0,False
1931,1610 106 20240823 1,2024-08-23,2024,8,2024-08,1610,Ogan Ilir,Sumatera Selatan,1610,kode,,0,,,,0,0,False
1932,1606 106 20240823 1,2024-08-23,2024,8,2024-08,1606,Musi Banyuasin,Sumatera Selatan,1606,kode,,0,,,,0,0,False
1933,3516 106 20240822 1,2024-08-22,2024,8,2024-08,3516,Mojokerto,Jawa Timur,3516,kode,Jatirejo,1,"Pada hari Kamis, 22 Agustus 2024 pkl. 18.15 WIB telah terjadi kebakaran hutan jati yang berada di wilayah Petak 3a RPH Manting Ds. Bleberan & Petak 2b RPH Sumberjati Ds. Sumberjati, Kec. Jatirejo. Kebakaran terjadi karena sisa pembakaran lahan milik warga yang kemudian meluas ke area hutan.",0.0,0.0,0,0,False
1934,3310 106 20240822 1,2024-08-22,2024,8,2024-08,3310,Klaten,Jawa Tengah,3310,kode,Delanggu,1,Dalam proses lidik dan sidik penegak hukum,0.0,0.0,0,0,False
1935,3517 106 20240822 1,2024-08-22,2024,8,2024-08,3517,Jombang,Jawa Timur,3517,kode,Mojoagung,1,"Pada hari Kamis, 22 Agustus 2024, pkl. 18.05 WIB telah terjadi kebakaran lahan tebu yang berada di Dsn. Betek Barat, Ds. Betek, Kec. Mojoagung. Penyebab kebakaran hutan masih belum diketahui dan dalam proses lidik dan sidik penegak hukum",0.0,0.0,0,0,False
1936,1610 106 20240822 1,2024-08-22,2024,8,2024-08,1610,Ogan Ilir,Sumatera Selatan,1610,kode,Muara Kuang; Payaraman; Indralaya Utara,3,,0.0,0.0,0,0,False
1937,1610 106 20240822 2,2024-08-22,2024,8,2024-08,1610,Ogan Ilir,Sumatera Selatan,1610,kode,,0,,,,0,0,False
1938,1508 106 20240821 1,2024-08-21,2024,8,2024-08,1508,Bungo,Jambi,1508,kode,,0,,0.0,0.0,0,0,False
1939,1106 106 20240821 1,2024-08-21,2024,8,2024-08,1106,Aceh Besar,Aceh,1106,kode,Baitussalam,1,Dalam proses lidik dan sidik penegak hukum,0.0,0.0,0,0,False
1940,3302 106 20240821 1,2024-08-21,2024,8,2024-08,3302,Banyumas,Jawa Tengah,3302,kode,Patrikraja,1,"Rabu, 21 Agustus 2024 telah terjadi Kebakaran Lahan di Wilayah Perhutani Krph sidamulih bkph kebasen, kph banyumas timur petak 24 sekitar pukul 20.00 WIB . Api Diduga dari kelalaian manusia yang tidak sengaja seseorang  membuang puntung rokok, sehingga menyebabkan kebakaran di area tersebut. (dalam proses penyelidikan)",0.0,0.0,0,0,False
1941,3503 106 20240821 1,2024-08-21,2024,8,2024-08,3503,Trenggalek,Jawa Timur,3503,kode,Karangan,1,Telah terjadi kebakaran hutan di Kec. Karangan. Penyebab kebakaran tidak diketahui dan dalam proses lidik dan sidik penegak hukum.,0.0,0.0,0,0,False
1942,3512 106 20240821 1,2024-08-21,2024,8,2024-08,3512,Situbondo,Jawa Timur,3512,kode,Banyuputih; Bungatan,2,"Telah terjadi kebakaran hutan sekitar pukul 10.15 WIB di Blok AH2, Area Hutan/Kebun, Ds. Sumberwaru, Kec. Banyuputih. Penyebab kebakaran sengaja dibakar oleh orang tidak bertanggung jawab.",0.0,0.0,0,0,False
1943,3511 106 20240821 1,2024-08-21,2024,8,2024-08,3511,Bondowoso,Jawa Timur,3511,kode,Ijen,1,"Pada hari Rabu, 21 Agustus 2024, pkl. 14.47 WIB telah terjadi kebakaran hutan di Kec. Ijen. di Petak 83G, RPH Blawan, BKPH Sukosari, KPH Bondowoso, Jl. Kawah Ijen, Kp. Malang. Dikarenakan angin yang kencang mengakibatkan api cepat merambat dan membakar hutan. Penyebab kebakaran hutan masih belum diketahui dan dalam proses lidik dan sidik penegak hukum.",0.0,0.0,0,0,False
1944,3512 106 20240821 2,2024-08-21,2024,8,2024-08,3512,Situbondo,Jawa Timur,3512,kode,Bungatan,1,"Pada hari Rabu, 21 Agustus 2024, sekitar pukul 18.40 WIB telah terjadi kebakaran hutan di Petak 38h RPH Bugatan. Penyebab kebakaran tidak diketahui, api telah berhasil dipadamkan pukul 20.50 WIB",0.0,0.0,0,0,False
1945,5314 106 20240821 1,2024-08-21,2024,8,2024-08,5314,Rote Ndao,Nusa Tenggara Timur,5314,kode,,0,"Kebakaran lahan melanda kawasan hutan jati di Kelurahan Onatali, Kecamatan Rote Tengah, Kabupaten Rote Ndao, pada Rabu, (21/08), sekitar pukul 10:00 wita. Lima titik api yang muncul di dalam kawasan hutan jati dengan cepat menyebar, melalap area seluas 5 hektar.",0.0,0.0,0,0,False
1946,1610 106 20240821 1,2024-08-21,2024,8,2024-08,1610,Ogan Ilir,Sumatera Selatan,1610,kode,,0,,,,0,0,False
1947,1602 106 20240821 1,2024-08-21,2024,8,2024-08,1602,Ogan Komering Ilir,Sumatera Selatan,1602,kode,,0,,,,0,0,False
1948,1603 106 20240821 1,2024-08-21,2024,8,2024-08,1603,Muara Enim,Sumatera Selatan,1603,kode,,0,,,,0,0,False
1949,1604 106 20240821 1,2024-08-21,2024,8,2024-08,1604,Lahat,Sumatera Selatan,1604,kode,,0,,,,0,0,False
1950,1612 106 20240821 1,2024-08-21,2024,8,2024-08,1612,Penukal Abab Lematang Ilir,Sumatera Selatan,1612,kode,,0,,,,0,0,False
1951,3571 106 20240820 1,2024-08-20,2024,8,2024-08,3571,Kota Kediri,Jawa Timur,3571,kode,Pesantren,1,"Pada hari Selasa, 20 Agustus 2024 Pkl. 13.23 WIB telah terjadi Kebakaran lahan tebu di Jl. Betet Selatan, RT.7 / RW.3, Kel. Betet, Kec. Pesantren, Kota Kediri. Kebakaran disebabkan pembakaran sampah daun tebu yang merambat ke lahan tebu.",0.0,0.0,0,0,False
1952,1508 106 20240820 1,2024-08-20,2024,8,2024-08,1508,Bungo,Jambi,1508,kode,,0,,0.0,0.0,0,0,False
1953,1606 106 20240820 1,2024-08-20,2024,8,2024-08,1606,Musi Banyuasin,Sumatera Selatan,1606,kode,,0,,,,0,0,False
1954,1610 106 20240820 1,2024-08-20,2024,8,2024-08,1610,Ogan Ilir,Sumatera Selatan,1610,kode,,0,,,,0,0,False
1955,1603 106 20240820 1,2024-08-20,2024,8,2024-08,1603,Muara Enim,Sumatera Selatan,1603,kode,,0,,,,0,0,False
1956,1807 106 20240820 1,2024-08-20,2024,8,2024-08,1807,Lampung Timur,Lampung,1807,kode,Sukadana,1,"Telah terjadi kebakaran lahan di komplek perumahan Pemda Lampung Timur, Desa Negara Nabung, Kecamatan Sukadana, pada tanggal 20 Agustus 2024 Pukul 18.28 WIB. Kebakaran diduga karena pembuangan puntung rokok mengakibatkan kebakaran lahan seluas  ± 3 Ha",0.0,0.0,0,0,False
1957,3324 106 20240820 1,2024-08-20,2024,8,2024-08,3324,Kendal,Jawa Tengah,3324,kode,Kaliwungu,1,"Selasa, 20 Agustus 2024 telah terjadi kebakaran hutan lahan yang terjadi di jalan tol semarang- batang km 410 Sumberjo Kaliwungu, berawal dari informasi petugas Tol yang melihat api yang sudah membesar, dan tidak diketahui penyebab terjadinya api yang membakar rumput di hutan lahan milik perhutani dan lahan disepanjang jalan Tol semarang-batang Km 410. adapun area yang terdampak oleh kejadian kebakaran ini mencapai lebih kurang 1,5 hektar.",0.0,0.0,0,0,False
1958,1906 106 20240820 1,2024-08-20,2024,8,2024-08,1906,Belitung Timur,Kepulauan Bangka Belitung,1906,kode,Gantung,1,"Pada hari Selasa tanggal 20 Agustus 2024 jam 13.22 WIB, Operator Pusdalops menerima telepon melalui hotline bahwa ada kebakaran lahan di area Dusun Selumar Desa Selingsing dan segera menyampaikan kepada Anggota TRC-PB untuk membantu pemadaman kebakaran tersebut.",0.0,0.0,0,0,False
1959,1604 106 20240820 1,2024-08-20,2024,8,2024-08,1604,Lahat,Sumatera Selatan,1604,kode,,0,,,,0,0,False
1960,1607 106 20240820 1,2024-08-20,2024,8,2024-08,1607,Banyuasin,Sumatera Selatan,1607,kode,,0,,,,0,0,False
1961,3502 106 20240820 1,2024-08-20,2024,8,2024-08,3502,Ponorogo,Jawa Timur,3502,kode,Bungkal,1,"Pada hari Selasa, 20 Agustus 2024 Pkl. 19.30 WIB telah terjadi kebakaran hutan di Petak 129 D1, RPH Bungkal, BKPH Ponorogo Timur, Ds. Belang, Kec. Bungkal, Kab. Ponorogo. Penyebab kebakaran masih dalam penyelidikan.",0.0,0.0,0,0,False
1962,3514 106 20240820 1,2024-08-20,2024,8,2024-08,3514,Pasuruan,Jawa Timur,3514,kode,Gempol; Puspo,2,"Pada hari Selasa, 20 Agustus 2024 Pkl. 13.30 WIB telah terjadi kebakaran lahan di Ds. Randupitu Kec. Gempol dan di area TNBTS Ds. Kedawung, Kec. Puspo, Kab. Pasuruan. Penyebab kebakaran masih dalam penyelidikan.",0.0,0.0,0,0,False
1963,1603 106 20240819 1,2024-08-19,2024,8,2024-08,1603,Muara Enim,Sumatera Selatan,1603,kode,,0,,,,0,0,False
1964,3510 106 20240819 1,2024-08-19,2024,8,2024-08,3510,Banyuwangi,Jawa Timur,3510,kode,Kalibaru,1,"Pada hari Senin, 19 Agustus 2024 pukul 12.40 WIB terjadi kebakaran lahan tebu di Dsn. Krajan RT 02 . RW 6, Ds. Kalibaru kulon, Kec. Kalibaru. Penyebab kebakaran diduga sengaja dibakar, kondisi angin yang kencang serta banyak tumbuhan liar dan semak belukar yang kering sehingga api membesar. Api berhasil dipadamkan pukul 18.00 WIB.",0.0,0.0,0,0,False
1965,3310 106 20240819 1,2024-08-19,2024,8,2024-08,3310,Klaten,Jawa Tengah,3310,kode,Bayat,1,"Lahan milik AN. Suwanto, Rubikan, Supratman, Parikan, Saifudin terbakar karena banyaknya serasah dedaunan jati kering. Penyebab kebakaran belum diketahui. Masih dalam proses lidik dan sidik penegak hukum",0.0,0.0,0,0,False
1966,1504 106 20240819 1,2024-08-19,2024,8,2024-08,1504,Batanghari,Jambi,1504,kode,,0,,0.0,0.0,0,0,False
1967,3311 106 20240819 1,2024-08-19,2024,8,2024-08,3311,Sukoharjo,Jawa Tengah,3311,kode,Bulu,1,Masih dalam proses lidik dan sidik penegak hukum,0.0,0.0,0,0,False
1968,3502 106 20240819 1,2024-08-19,2024,8,2024-08,3502,Ponorogo,Jawa Timur,3502,kode,Kauman,1,"Pada hari Senin, 19 Agustus 2024 pukul 14.00 WIB terjadi kebakaran serasah daun jati di lahan perpajakan warga di gunung gombak wilayah Ds. Sukosari, Kec. Kauman. Jarak dari titik api kerumah warga terdekat ± 300 m. Penyebab kebakaran masih dalam proses lidik dan sidik penegak hukum.",0.0,0.0,0,0,False
1969,1606 106 20240819 2,2024-08-19,2024,8,2024-08,1606,Musi Banyuasin,Sumatera Selatan,1606,kode,,0,,,,0,0,False
1970,1610 106 20240819 1,2024-08-19,2024,8,2024-08,1610,Ogan Ilir,Sumatera Selatan,1610,kode,,0,,,,0,0,False
1971,1606 106 20240819 1,2024-08-19,2024,8,2024-08,1606,Musi Banyuasin,Sumatera Selatan,1606,kode,,0,,,,0,0,False
1972,1502 106 20240819 1,2024-08-19,2024,8,2024-08,1502,Merangin,Jambi,1502,kode,,0,Tim TRC Piket menerima laporan dari warga telah terjadi kebakaran lahan di desa dusun mudo,0.0,0.0,0,0,False
1973,1508 106 20240819 1,2024-08-19,2024,8,2024-08,1508,Bungo,Jambi,1508,kode,,0,,0.0,0.0,0,0,False
1974,3522 106 20240819 1,2024-08-19,2024,8,2024-08,3522,Bojonegoro,Jawa Timur,3522,kode,Baureno,1,"Pada hari Senin, 19 Agustus 2024 pukul 12.30 WIB terjadi kebakaran lahan di Dsn. Ngampo, Ds. Pasinan, Kec. Baureno. Penyebab kebakaran diduga adanya warga yang membakar sampah, kondisi angin yang kencang serta banyak tumbuhan liar dan semak belukar yang kering sehingga api merembet ke lahan kosong. Api berhasil dipadamkan pukul 14.45 WIB.",0.0,0.0,0,0,False
1975,1508 106 20240818 1,2024-08-18,2024,8,2024-08,1508,Bungo,Jambi,1508,kode,,0,,0.0,0.0,0,0,False
1976,1607 106 20240818 1,2024-08-18,2024,8,2024-08,1607,Banyuasin,Sumatera Selatan,1607,kode,,0,,,,0,0,False
1977,1906 106 20240818 1,2024-08-18,2024,8,2024-08,1906,Belitung Timur,Kepulauan Bangka Belitung,1906,kode,Manggar; Gantung,2,Diduga Api disebabkan dari dampak kebakaran lahan sebelumnya (yang terbawa Angin) yang terjadi tidak jauh dari lokasi kebakaran lahan sebelumnya.,0.0,0.0,0,0,False
1978,3604 106 20240818 1,2024-08-18,2024,8,2024-08,3604,Serang,Banten,3604,kode,,0,,0.0,0.0,0,0,False
1979,3512 106 20240818 1,2024-08-18,2024,8,2024-08,3512,Situbondo,Jawa Timur,3512,kode,Kendit,1,"Terjadi kebakaran sarasahan hutan jati pada hari Minggu, 18 Agustus 2024 pukul 20.00 WIB. Penyebab kebakaran masih belum diketahui. Api telah berhasil dipadamkan pada pukul 23.40 wib.",0.0,0.0,0,0,False
1980,3401 106 20240818 1,2024-08-18,2024,8,2024-08,3401,Kulon Progo,Daerah Istimewa Yogyakarta,3401,kode,,0,"Minggu, 18 Agustus 2024, terjadi kebakaran sampah yang menyebar ke lahan sekitar dan hampir mengenai kandang ayam.",,,0,0,False
1981,6401 106 20240818 1,2024-08-18,2024,8,2024-08,6401,Paser,Kalimantan Timur,6401,kode,,0,,0.0,0.0,0,0,False
1982,1610 106 20240818 1,2024-08-18,2024,8,2024-08,1610,Ogan Ilir,Sumatera Selatan,1610,kode,,0,,,,0,0,False
1983,5106 106 20240818 1,2024-08-18,2024,8,2024-08,5106,Bangli,Bali,5106,kode,Kintamani Desa Songan,1,"Telah terjadi kebakaran kebun di dekat Pura Dalem Pasek Gelgel, Songan , dengan luasan lahan terbakar hampir 2 ha",0.0,0.0,0,0,False
1984,3510 106 20240817 1,2024-08-17,2024,8,2024-08,3510,Banyuwangi,Jawa Timur,3510,kode,Banyuwangi,1,"Telah terjadi kebakaran lahan seluas 2 Ha pada hari Sabtu, 17 Agustus 2024, pkl. 11.45 WIB yang berada di Jl. Trenggono, Kel. Kebalenan, Kec. Banyuwangi. Kebakaran diduga karena sisa pembakaran sampah yang meluas ke area lahan.",0.0,0.0,0,0,False
1985,1606 106 20240817 1,2024-08-17,2024,8,2024-08,1606,Musi Banyuasin,Sumatera Selatan,1606,kode,,0,,,,0,0,False
1986,1610 106 20240817 1,2024-08-17,2024,8,2024-08,1610,Ogan Ilir,Sumatera Selatan,1610,kode,,0,,,,0,0,False
1987,3510 106 20240816 1,2024-08-16,2024,8,2024-08,3510,Banyuwangi,Jawa Timur,3510,kode,Banyuwangi,1,"Pada Hari Jum'at, tgl 16 Agustus 2024 Pkl. 14.00 WIB telah terjadi kebakaran lahan di Jalan Sutawijaya Kel. Sumberrejo, Kec. Banyuwangi. Penyebab kebakaran dikarenakan ada salah satu warga yang membakar sampah sehingga api membesar membakar 3 Ha luas area lahan.",0.0,0.0,0,0,False
1988,1508 106 20240816 1,2024-08-16,2024,8,2024-08,1508,Bungo,Jambi,1508,kode,,0,,0.0,0.0,0,0,False
1989,1603 106 20240816 1,2024-08-16,2024,8,2024-08,1603,Muara Enim,Sumatera Selatan,1603,kode,,0,,,,0,0,False
1990,3204 106 20240816 1,2024-08-16,2024,8,2024-08,3204,Bandung,Jawa Barat,3204,kode,,0,,0.0,0.0,0,0,False
1991,1505 106 20240816 1,2024-08-16,2024,8,2024-08,1505,Muaro Jambi,Jambi,1505,kode,,0,,0.0,0.0,0,0,False
1992,1610 106 20240816 1,2024-08-16,2024,8,2024-08,1610,Ogan Ilir,Sumatera Selatan,1610,kode,,0,,,,0,0,False
1993,1612 106 20240815 1,2024-08-15,2024,8,2024-08,1612,Penukal Abab Lematang Ilir,Sumatera Selatan,1612,kode,Tanah Abang,1,sengaja dibakar untuk pembukaan lahan,0.0,0.0,0,0,False
1994,1902 106 20240815 1,2024-08-15,2024,8,2024-08,1902,Belitung,Kepulauan Bangka Belitung,1902,kode,Sijuk,1,Musim kemarau jarang turun hujan,0.0,0.0,0,0,False
1995,1607 106 20240815 1,2024-08-15,2024,8,2024-08,1607,Banyuasin,Sumatera Selatan,1607,kode,,0,,,,0,0,False
1996,3302 106 20240815 1,2024-08-15,2024,8,2024-08,3302,Banyumas,Jawa Tengah,3302,kode,Kalibagor,1,Kebakaran masih dalam proses lidik dan sidik penegak hukum,0.0,0.0,0,0,False
1997,3516 106 20240815 1,2024-08-15,2024,8,2024-08,3516,Mojokerto,Jawa Timur,3516,kode,Jatirejo,1,"Pada hari Kamis, 15 Agustus 2024, Pkl. 17.15 WIB terjadi kebakaran hutan di Petak 2I, RPH Sumberjati, BKPH Jatirejo, KPH Pasuruan masuk wilayah administrasi Ds. Sumberjati, Kec. Jatirejo. Penyebab kebakaran masih dalam penyelidikan. Hingga saat ini api masih dalam proses pemadaman. #Update tanggal 16 Juli 01.10 WIB Kondisi api telah berhasil dipadamkan pada Pkl. 12.30 WIB",0.0,0.0,0,0,False
1998,1610 106 20240815 1,2024-08-15,2024,8,2024-08,1610,Ogan Ilir,Sumatera Selatan,1610,kode,,0,,,,0,0,False
1999,3305 106 20240815 1,2024-08-15,2024,8,2024-08,3305,Kebumen,Jawa Tengah,3305,kode,Karangsambung; Alian,2,Lahan milik Perhutani dibersihkan oleh warga dengan cara dibakar kemudian api menjadi tidak terkendali dan membakar hutan jati sekitarnya.,0.0,0.0,0,0,False
2000,3510 106 20240815 1,2024-08-15,2024,8,2024-08,3510,Banyuwangi,Jawa Timur,3510,kode,Sempu,1,"Pada hari Kamis, 15 Agustus 2024 Pkl. 12.00 WIB terjadi kebakaran lahaan di Dsn. Nganjukan, Ds. Karangsari, Kec. Sempu. Kebakaran disebabkan pembakaran sampah yang merambat ke lahan tebu. Api berhasil dipadamkan pada Pkl. 15.45 WIB.",0.0,0.0,0,0,False
2001,3502 106 20240815 1,2024-08-15,2024,8,2024-08,3502,Ponorogo,Jawa Timur,3502,kode,Sampung,1,"Pada hari Kamis, 15 Agustus 2024, Pkl. 14.00 WIB terjadi kebakaran hutan di area Gunung Mojo Petak 18C, KPH Madiun, RPH Pagerukir, BKPH Sumoroto wilayah administrasi Kec. Sampung. Hingga saat ini penyebab kebakaran masih belum diketahui. Api berhasil dipadamkan pada Pkl. 15.00 WIB.",0.0,0.0,0,0,False
2002,6407 106 20240814 1,2024-08-14,2024,8,2024-08,6407,Kutai Barat,Kalimantan Timur,6407,kode,,0,,0.0,0.0,0,0,False
2003,3401 106 20240814 1,2024-08-14,2024,8,2024-08,3401,Kulon Progo,Daerah Istimewa Yogyakarta,3401,kode,,0,"Rabu, 14 Agustus 2024, terjadi kebakaran yang disebabkan oleh pembakaran sampah. Api semakin membesar akibat tiupan angin dan merambat ke lahan sekitar.",,,0,0,False
2004,1612 106 20240814 1,2024-08-14,2024,8,2024-08,1612,Penukal Abab Lematang Ilir,Sumatera Selatan,1612,kode,,0,,,,0,0,False
2005,1610 106 20240814 1,2024-08-14,2024,8,2024-08,1610,Ogan Ilir,Sumatera Selatan,1610,kode,,0,,,,0,0,False
2006,1906 106 20240814 1,2024-08-14,2024,8,2024-08,1906,Belitung Timur,Kepulauan Bangka Belitung,1906,kode,Kulon Kero,1,Masih dalam proses lidik dan sidik penegak hukum,0.0,0.0,0,0,False
2007,1508 106 20240814 1,2024-08-14,2024,8,2024-08,1508,Bungo,Jambi,1508,kode,,0,,0.0,0.0,0,0,False
2008,1220 106 20240814 1,2024-08-14,2024,8,2024-08,1220,Padang Lawas Utara,Sumatera Utara,1220,kode,,0,"Manggala Agni melalui aplikasi lancang kuning menemukan titik api yang membakar lahan milik masyarakat dengan vegetasi kayu hutan dan kayu karet, penyebab kebakaran karena kesengajaan pemilik lahan membakar lahan dengan sengaja",,,0,0,False
2009,1203 106 20240814 1,2024-08-14,2024,8,2024-08,1203,Tapanuli Selatan,Sumatera Utara,1203,kode,,0,"Manggala Agni melalui aplikasi  actor  kuning menemukan titik api yang membakar lahan milik masyarakat dengan vegetasi kayu hutan dan semak belukar, penyebab kebakaran karena kesengajaan pemilik lahan membakar lahan dengan sengaja.",,,0,0,False
2010,3502 106 20240814 1,2024-08-14,2024,8,2024-08,3502,Ponorogo,Jawa Timur,3502,kode,Sampung,1,Kebakaran masih dalam proses lidik dan sidik penegak hukum,0.0,0.0,0,0,False
2011,1603 106 20240814 1,2024-08-14,2024,8,2024-08,1603,Muara Enim,Sumatera Selatan,1603,kode,,0,,,,0,0,False
2012,1610 106 20240813 1,2024-08-13,2024,8,2024-08,1610,Ogan Ilir,Sumatera Selatan,1610,kode,,0,,,,0,0,False
2013,1223 106 20240813 1,2024-08-13,2024,8,2024-08,1223,Labuhanbatu Utara,Sumatera Utara,1223,kode,,0,"Manggala Agni melalui aplikasi lancang kuning menemukan titik api yang membakar lahan milik masyarakat dengan vegetasi semak belukar, penyebab kebakaran karena kesengajaan pemilik lahan membakar lahan dengan sengaja.",,,0,0,False
2014,3310 106 20240813 1,2024-08-13,2024,8,2024-08,3310,Klaten,Jawa Tengah,3310,kode,Ceper,1,dalam proses lidik dan sidik penegak hukum,0.0,0.0,0,0,False
2015,6402 106 20240813 1,2024-08-13,2024,8,2024-08,6402,Kutai Kartanegara,Kalimantan Timur,6402,kode,,0,,0.0,0.0,0,0,False
2016,1222 106 20240813 1,2024-08-13,2024,8,2024-08,1222,Labuhanbatu Selatan,Sumatera Utara,1222,kode,,0,"Manggala Agni melalui aplikasi lancang kuning menemukan titik api yang membakar lahan milik masyarakat dengan vegetasi sawit dan semak belukar, penyebab kebakaran karena kesengajaan pemilik lahan membakar lahan dengan sengaja.",,,0,0,False
2017,1612 106 20240813 1,2024-08-13,2024,8,2024-08,1612,Penukal Abab Lematang Ilir,Sumatera Selatan,1612,kode,,0,,,,0,0,False
2018,1220 106 20240813 1,2024-08-13,2024,8,2024-08,1220,Padang Lawas Utara,Sumatera Utara,1220,kode,,0,"Manggala Agni melalui aplikasi lancang kuning menemukan titik api yang membakar lahan milik masyarakat dengan vegetasi kayu hutan dan semak belukar, penyebab kebakaran karena kesengajaan pemilik lahan membakar lahan dengan sengaja.",,,0,0,False
2019,6111 106 20240812 1,2024-08-12,2024,8,2024-08,6111,Kayong Utara,Kalimantan Barat,6111,kode,Sukadana,1,"Telah terjadi Karhutla di Provinsi Kalimantan Barat sejak Senin tanggal 12 Agustus 2024 pukul. 10.00 WIB sampai dengan saat ini, penyebab pada kejadian-kejadian tersebut sudah dalam tahap penyelidikan aparat penegak hukum sesuai wilayah kerja.",0.0,0.0,0,0,False
2020,3504 106 20240812 1,2024-08-12,2024,8,2024-08,3504,Tulungagung,Jawa Timur,3504,kode,Gondang,1,"Pada hari Senin, 12 Agustus 2024 Pukul 17.00 WIB telah terjadi kebakaran hutan dengan luas area terbakar mencapai 3 Ha. Penyebab kebakaran dari cuaca terik serta tanaman tumbuhan yang kering. Kondisi terkini api berhasil dipadamkan dan telah dilakukan pembasahan pada pukul 22.00 WIB",0.0,0.0,0,0,False
2021,1504 106 20240812 1,2024-08-12,2024,8,2024-08,1504,Batanghari,Jambi,1504,kode,,0,,0.0,0.0,0,0,False
2022,1906 106 20240812 1,2024-08-12,2024,8,2024-08,1906,Belitung Timur,Kepulauan Bangka Belitung,1906,kode,Gantung,1,"Telah terjadi Karhutla di Provinsi Kep. Bangka Belitung sejak Senin tanggal 12 Agustus 2024 pukul. 13.56 WIB sampai dengan saat ini, penyebab pada kejadian-kejadian tersebut sudah dalam tahap penyelidikan aparat penegak hukum sesuai wilayah kerja.",0.0,0.0,0,0,False
2023,1612 106 20240812 1,2024-08-12,2024,8,2024-08,1612,Penukal Abab Lematang Ilir,Sumatera Selatan,1612,kode,,0,,,,0,0,False
2024,1607 106 20240812 1,2024-08-12,2024,8,2024-08,1607,Banyuasin,Sumatera Selatan,1607,kode,,0,,,,0,0,False
2025,3401 106 20240812 1,2024-08-12,2024,8,2024-08,3401,Kulon Progo,Daerah Istimewa Yogyakarta,3401,kode,,0,"Senin, 12 Agustus 2024, terjadi kebakaran akibat pembakaran sampah yang tidak terkendali. Api membesar karena tiupan angin dan menyebar, membakar lahan di sekitarnya.",,,0,0,False
2026,1508 106 20240812 1,2024-08-12,2024,8,2024-08,1508,Bungo,Jambi,1508,kode,,0,,0.0,0.0,0,0,False
2027,1610 106 20240812 1,2024-08-12,2024,8,2024-08,1610,Ogan Ilir,Sumatera Selatan,1610,kode,,0,,,,0,0,False
2028,1502 106 20240812 1,2024-08-12,2024,8,2024-08,1502,Merangin,Jambi,1502,kode,,0,Tim TRC Piket menerima laporan dari warga telah terjadi kebakaran lahan di depan SMK desa Mentawak,0.0,0.0,0,0,False
2029,3502 106 20240812 1,2024-08-12,2024,8,2024-08,3502,Ponorogo,Jawa Timur,3502,kode,Badegan,1,"Telah terjadi kebakaran hutan Pada hari Senin, 12 Agustus 2024 pukul 01.00 WIB telah terjadi kebakaran lahan yang membakar serasah daun jati dan tanaman alba di di lokasi Dkh. Krajan, Ds. Watu Bonang, Kec. Badegan. Penyebab kebakaran masih dalam proses lidik dan sidik penegak hukum",0.0,0.0,0,0,False
2030,3502 106 20240812 2,2024-08-12,2024,8,2024-08,3502,Ponorogo,Jawa Timur,3502,kode,Jenangan,1,dalam proses lidik dan sidik penegak hukum,0.0,0.0,0,0,False
2031,3521 106 20240812 1,2024-08-12,2024,8,2024-08,3521,Ngawi,Jawa Timur,3521,kode,Sine,1,Kebakaran disebabkan adanya oknum yang sengaja membakar hutan untuk pembukaan lahan.,0.0,0.0,0,0,False
2032,3577 106 20240812 1,2024-08-12,2024,8,2024-08,3577,Kota Madiun,Jawa Timur,3577,kode,Mangunharjo,1,dalam proses lidik dan sidik penegak hukum,0.0,0.0,0,0,False
2033,3511 106 20240812 1,2024-08-12,2024,8,2024-08,3511,Bondowoso,Jawa Timur,3511,kode,Wringin,1,dalam proses lidik dan sidik penegak hukum,0.0,0.0,0,0,False
2034,3310 106 20240812 1,2024-08-12,2024,8,2024-08,3310,Klaten,Jawa Tengah,3310,kode,Trucuk; Karangdowo; Tulung; wonosari; Pedan; Polanharjo,6,"Telah terjadi Karhutla di Kab. Klaten sejak Senin tanggal 12 Agustus 2024 pukul. 18.40 WIB sampai dengan saat ini, penyebab pada kejadian-kejadian tersebut sudah dalam tahap penyelidikan aparat penegak hukum sesuai wilayah kerja.",0.0,4.0,0,0,False
2035,3314 106 20240812 1,2024-08-12,2024,8,2024-08,3314,Sragen,Jawa Tengah,3314,kode,Miri,1,Pada sekitar pukul 10.15 WIB warga melihat lahan tebu terbakar kemudian selanjutnya meminta bantuan pemadam kebakaran untuk pemadaman lahan tebu yang terbakar. Diduga penyebab kebakaran karena ada warga yang membakar lahan kemudian merambat ke lahan tebu,0.0,0.0,0,0,False
2036,3311 106 20240812 1,2024-08-12,2024,8,2024-08,3311,Sukoharjo,Jawa Tengah,3311,kode,Bulu,1,"Terjadi kebakaran lahan pada hari Senin, 12 Agustus 2024 sekitar pukul 15.30 WIB di areal lahan alas jati. Penyebab kebakaran masih dalam proses lidik dan sidik penegak hukum",0.0,0.0,0,0,False
2037,1612 106 20240811 1,2024-08-11,2024,8,2024-08,1612,Penukal Abab Lematang Ilir,Sumatera Selatan,1612,kode,,0,,,,0,0,False
2038,6401 106 20240811 1,2024-08-11,2024,8,2024-08,6401,Paser,Kalimantan Timur,6401,kode,,0,,0.0,0.0,0,0,False
2039,1805 106 20240810 1,2024-08-10,2024,8,2024-08,1805,Tulang Bawang,Lampung,1805,kode,Gedung Aji Baru Kp. Sidomekar,1,dalam proses lidik dan sidik penegak hukum,0.0,0.0,0,0,False
2040,3512 106 20240810 1,2024-08-10,2024,8,2024-08,3512,Situbondo,Jawa Timur,3512,kode,Kendit,1,"± Pukul 19.06 WIB terjadi kebakaran sarasahan hutan jati Di Petak 40 H RPH Kendit BKPH Panarukan KPH Bondowoso Desa Klatakan Kecamatan Kendit Kabupaten Situbondo. Selanjutnya, petugas Perhutani, anggota BPBD Kab. Situbondo  dan anggota Tagana Dinsos melakukan pemadaman.",0.0,0.0,0,0,False
2041,1610 106 20240810 1,2024-08-10,2024,8,2024-08,1610,Ogan Ilir,Sumatera Selatan,1610,kode,,0,,,,0,0,False
2042,1223 106 20240810 1,2024-08-10,2024,8,2024-08,1223,Labuhanbatu Utara,Sumatera Utara,1223,kode,,0,"Manggala Agni melalui aplikasi lancang kuning menemukan titik api yang membakar hutan lindung dengan vegetasi tanaman padi, penyebab kebakaran karena kesengajaan pemilik lahan membakar lahan dengan sengaja.",,,0,0,False
2043,1607 106 20240810 1,2024-08-10,2024,8,2024-08,1607,Banyuasin,Sumatera Selatan,1607,kode,,0,,,,0,0,False
2044,1504 106 20240810 1,2024-08-10,2024,8,2024-08,1504,Batanghari,Jambi,1504,kode,,0,,0.0,0.0,0,0,False
2045,1811 106 20240809 1,2024-08-09,2024,8,2024-08,1811,Mesuji,Lampung,1811,kode,Tanjung raya,1,Telah terjadi kebakaran di lahan perkebunan milik PT BNCW (Budi Nusa Cipta Wahana) dimana lokasi awal  kebakaran di titik Blok  8 hingga kemudian merambat ke utara,0.0,0.0,0,0,False
2046,2101 106 20240809 1,2024-08-09,2024,8,2024-08,2101,Bintan,Kepulauan Riau,2101,kode,,0,Sumber api tidak diketahui,0.0,0.0,0,0,False
2047,3401 106 20240809 1,2024-08-09,2024,8,2024-08,3401,Kulon Progo,Daerah Istimewa Yogyakarta,3401,kode,,0,"Jumat, 9 Agustus 2024, terjadi kebakaran di lahan depan SD Pripih 2, Kokap. Seorang warga melihat api dan segera memberi tahu warga sekitar, kemudian menghubungi pemadam kebakaran Kulon Progo",,,0,0,False
2048,3601 106 20240809 1,2024-08-09,2024,8,2024-08,3601,Pandeglang,Banten,3601,kode,,0,"Pada hari Jumat tanggal 09 Agustus 2024 sekira jam 19.30 Wib pusdalops menerima laporan dari pjs banyuasih bahwa telah terjadi kebakaran lahan/Hutan yang bertempat di Kawasan Golf Desa. Banyuasih Kec. Cigeulis Kab. Pandeglang tepatnya di lahan Milik PT.GTA, kebakaran lahan kurang lebih sekitar 2 Hektar akibat banyak nya alang2 dan pohon2 kering yg mengakibatkan api mudah menyebar",0.0,0.0,0,0,False
2049,1505 106 20240809 1,2024-08-09,2024,8,2024-08,1505,Muaro Jambi,Jambi,1505,kode,,0,,0.0,0.0,0,0,False
2050,5313 106 20240809 1,2024-08-09,2024,8,2024-08,5313,Lembata,Nusa Tenggara Timur,5313,kode,,0,"Sekitar pukul 13.00 Wita, peristiwa kebakaran lahan padang terjadi di Desa Pada, Kecamatan Ile Nubatukan. Kebakaran ini melahap sekitar 1 hektar lahan, yang sebagian besar terdiri dari semak kering. Angin kencang yang melanda kawasan tersebut mempercepat penyebaran api, yang diketahui sumber api berasal dari kegiatan pembukaan lahan oleh warga dengan cara membakar.",0.0,0.0,0,0,False
2051,1508 106 20240809 1,2024-08-09,2024,8,2024-08,1508,Bungo,Jambi,1508,kode,,0,,0.0,0.0,0,0,False
2052,1222 106 20240808 1,2024-08-08,2024,8,2024-08,1222,Labuhanbatu Selatan,Sumatera Utara,1222,kode,,0,"Manggala Agni melalui aplikasi lancang kuning menemukan titik api yang membakar lahan milik masyarakat dengan vegetasi Karet dengan jenis tanah non gambut, penyebab kebakaran masih dalam penyelidikan",,,0,0,False
2053,2103 106 20240808 1,2024-08-08,2024,8,2024-08,2103,Natuna,Kepulauan Riau,2103,kode,,0,Sumber api tidak diketahui,0.0,0.0,0,0,False
2054,3401 106 20240807 1,2024-08-07,2024,8,2024-08,3401,Kulon Progo,Daerah Istimewa Yogyakarta,3401,kode,,0,"Sabtu, 7 Agustus 2024, terjadi kebakaran yang bermula dari pembakaran sampah. Api merembet akibat tiupan angin dan menyebar ke daun serta rumput kering milik BPVET. Kebakaran ini meluas hingga mencapai Rusunawa dan perumahan BPVET. Luas lahan yang terbakar mencapai 1 hektar, terdiri dari rumput dan daun kering. Beruntung, aset-aset seperti Rusunawa, perumahan BPVET, dan rumah warga berhasil diselamatkan.",,,0,0,False
2055,3376 106 20240807 1,2024-08-07,2024,8,2024-08,3376,Kota Tegal,Jawa Tengah,3376,kode,Tegal Selatan,1,dalam proses lidik dan sidik penegak hukum,0.0,0.0,0,0,False
2056,1607 106 20240807 1,2024-08-07,2024,8,2024-08,1607,Banyuasin,Sumatera Selatan,1607,kode,,0,,,,0,0,False
2057,3507 106 20240807 1,2024-08-07,2024,8,2024-08,3507,Malang,Jawa Timur,3507,kode,Bantur,1,"Pada hari Selasa, 6 Agustus pukul 22.00 WIB telah terjadi kebakaran Lahan Tebu milik Bapak Hermanto (55th) di Jl. Sukosari, Ds. Rejoyoso, Kec. Bantur, kebakaran terjadi di lahan seluas ± 2 Ha. Penyebab kejadian sampai saat ini masih belum diketahui.",0.0,0.0,0,0,False
2058,1610 106 20240807 1,2024-08-07,2024,8,2024-08,1610,Ogan Ilir,Sumatera Selatan,1610,kode,,0,,,,0,0,False
2059,1505 106 20240807 1,2024-08-07,2024,8,2024-08,1505,Muaro Jambi,Jambi,1505,kode,,0,,0.0,0.0,0,0,False
2060,1612 106 20240807 1,2024-08-07,2024,8,2024-08,1612,Penukal Abab Lematang Ilir,Sumatera Selatan,1612,kode,,0,,,,0,0,False
2061,1504 106 20240807 1,2024-08-07,2024,8,2024-08,1504,Batanghari,Jambi,1504,kode,,0,,0.0,0.0,0,0,False
2062,1606 106 20240806 1,2024-08-06,2024,8,2024-08,1606,Musi Banyuasin,Sumatera Selatan,1606,kode,,0,,,,0,0,False
2063,3519 106 20240806 1,2024-08-06,2024,8,2024-08,3519,Madiun,Jawa Timur,3519,kode,Jiwan,1,"Pukul 13.00 telah terjadi kebakaran lahan tebu milik PT Rajawali Rejo Agung seluas -/+ 10 hektar di Desa Sukolilo Kecamatan Jiwan, penyebab kebakaran masih dalam penyelidikan",0.0,0.0,0,0,False
2064,1607 106 20240806 1,2024-08-06,2024,8,2024-08,1607,Banyuasin,Sumatera Selatan,1607,kode,,0,,,,0,0,False
2065,1505 106 20240806 1,2024-08-06,2024,8,2024-08,1505,Muaro Jambi,Jambi,1505,kode,,0,,0.0,0.0,0,0,False
2066,1504 106 20240806 1,2024-08-06,2024,8,2024-08,1504,Batanghari,Jambi,1504,kode,,0,,0.0,0.0,0,0,False
2067,1507 106 20240806 1,2024-08-06,2024,8,2024-08,1507,Tanjung Jabung Timur,Jambi,1507,kode,,0,,0.0,0.0,0,0,False
2068,1206 106 20240806 1,2024-08-06,2024,8,2024-08,1206,Karo,Sumatera Utara,1206,kode,,0,"Manggala Agni melalui aplikasi  actor  kuning menemukan titik api yang membakar lahan milik masyarakat dengan vegetasi Jagung, penyebab kebakaran karena kesengajaan pemilik lahan membakar lahan dengan sengaja",,,0,0,False
2069,1610 106 20240806 1,2024-08-06,2024,8,2024-08,1610,Ogan Ilir,Sumatera Selatan,1610,kode,,0,,,,0,0,False
2070,1507 106 20240805 1,2024-08-05,2024,8,2024-08,1507,Tanjung Jabung Timur,Jambi,1507,kode,,0,,0.0,0.0,0,0,False
2071,1603 106 20240805 1,2024-08-05,2024,8,2024-08,1603,Muara Enim,Sumatera Selatan,1603,kode,,0,,,,0,0,False
2072,1114 106 20240805 1,2024-08-05,2024,8,2024-08,1114,Aceh Jaya,Aceh,1114,kode,Teunom,1,"Senin, 5 Agustus 2024 telah terjadi kebakaran lahan yang berlokasi di  Kec. Teunom, Desa Lueng Gayo. Penyebab kebakaran dalam proses lidik dan sidik penegak hukum",0.0,0.0,0,0,False
2073,3401 106 20240805 1,2024-08-05,2024,8,2024-08,3401,Kulon Progo,Daerah Istimewa Yogyakarta,3401,kode,,0,"Senin,5 Agustus 2024 terjadi kebakaran lahan tetapi belum diketahui penyebabnya.",,,0,0,False
2074,1505 106 20240805 1,2024-08-05,2024,8,2024-08,1505,Muaro Jambi,Jambi,1505,kode,,0,,0.0,0.0,0,0,False
2075,3502 106 20240805 1,2024-08-05,2024,8,2024-08,3502,Ponorogo,Jawa Timur,3502,kode,Balong,1,"Pada hari Senin, 05 Agustus 2024 Pkl. 18.00 WIB terjadi kebakaran hutan di Ds. Muneng, Kab. Ponorogo. Penyebab kebakaran masih dalam penyelidikan dan api berhasil dipadamkan pada Pkl 21.30 WIB.",0.0,0.0,0,0,False
2076,1277 106 20240805 1,2024-08-05,2024,8,2024-08,1277,Kota Padang Sidempuan,Sumatera Utara,1277,kode,,0,"Agustus 2024 sekitar pukul  14:45 WIB TRC BPBD Kota  Padangsidimpuan mendapat  informasi bahwa ada  kebakaran hutan dan lahan  di Kelurahan Sihitang, TRC  BPBD menuju lokasi infomasi  dan segera menangani  pemadaman bersama Dinas  Pemadam Kebakaran dan  Penyelamatan Kota      Padangsidimpuan. • Pada pukul 15.30 TRC BPBD yang berada di kantor mendengar adanya suara ranting dan daun yang terbakar serta  melihat adanya kobaran api di bukit depan Kantor BPBD Kota Padangsidimpuan, lalu melaporkan kepada Pimpinan BPBD Kota Padangsidimpuan dan segera diperintahkan merapat ke lokasi untuk melakukan pemantauan dan pemadaman agar api tidak meluas serta menghubungi Dinas Pemadam Kebakaran dan Penyelamatan Kota Padangsidimpuan. • Adapun penyebab awal mulanya api masih belum diketahui.",,,0,0,False
2077,3502 106 20240805 2,2024-08-05,2024,8,2024-08,3502,Ponorogo,Jawa Timur,3502,kode,Sambit.,1,"Pada hari Senin, 05 Agustus 2024 Pkl. 18.30 WIB terjadi kebakaran hutan di Gunung Putuk Cupu Ds. Maguwan, Kab. Ponorogo, hingga pukul 22.30 WIB api masih terlihat dan masih dilakukan pemantauan untuk mengantisipasi kebakaran yang semakin meluas. Penyebab kebakaran masih dalam penyelidikan. #Update 06 Agustus 2024 pukul 06.00 WIB - Hingga pukul 4.30 WIB titik api berada diatas Gunung Putuk Cupu. - Pagi ini Selasa 06 Agustus 2024 Pukul 07.00 WIB pemadaman akan dilanjutkan kembali oleh TRC BPBD Kab. Ponorogo dan Tim Gabungan #Update 06 Agustus 2024 pukul 12.00 WIB Perkembangan: - Kondisi saat ini kepulan asap masih terpantau di atas Gn. Putuk Cupu - Kendala jalur yang dilewati begitu curam dan terjal, sehingga hanya dilakukan pemantauan dari jarak jauh. - Cuaca saat ini terpantau: Cerah #Update 06 Agustus 2024 pukul 18.00 WIB 1. Kebakaran Hutan - Kab. Ponorogo (Update) Perkembangan: * Kondisi api sudah padam dengan sendirinya pukul 15.00 WIB * Cuaca saat ini terpantau: Cerah #Update 06 Agustus 2024 pukul 19.45 WIB Perkembangan: * Pukul 18.30 WIB terlihat titik api menyala kembali di titik yang sama, disebabkan oleh sisa bara api yang tertiup angin. * Jarak titik api ke pemukiman warga 卤 1,5 Km. * Saat ini Tim Gabungan membutuhkan waktu 卤 1 jam perjalanan untuk menuju ke lokasi kejadian. * Cuaca saat ini terpantau: Cerah Kendala: * Jalan menuju titik api curam dan minim penerangan. * Angin yang cukup kencang. #Update 07 Agustus 2024 pukul 06.00 WIB Perkembangan: * Titik api di sisi bagian timur sudah bisa dipadamkan, sedangkan untuk sisi bagian barat api masih belum padam dikarenakan angin yang cukup kencang * Pagi ini Rabu (07/08/2024) Pukul 07.00 WIB pemadaman akan dilanjutkan kembali oleh TRC BPBD Kab. Ponorogo dan Tim Gabungan * Cuaca saat ini terpantau: Cerah Berawan Kendala : * Jalan menuju titik api curam * Angin yang cukup kencang #Update 07 Agustus 2024 pukul 07.20 WIB Perkembangan: - Tim Gabungan melakukan pemadaman titik api dari arah barat - Kondisi api saat ini telah padam total - Cuaca saat ini terpantau: Cerah",0.0,0.0,0,0,False
2078,1610 106 20240805 1,2024-08-05,2024,8,2024-08,1610,Ogan Ilir,Sumatera Selatan,1610,kode,,0,,,,0,0,False
2079,1603 106 20240804 1,2024-08-04,2024,8,2024-08,1603,Muara Enim,Sumatera Selatan,1603,kode,,0,,,,0,0,False
2080,2101 106 20240804 1,2024-08-04,2024,8,2024-08,2101,Bintan,Kepulauan Riau,2101,kode,Gunung Kijang; Bintan Timur,2,dalam proses lidik dan sidik penegak hukum,0.0,0.0,0,0,False
2081,1612 106 20240804 1,2024-08-04,2024,8,2024-08,1612,Penukal Abab Lematang Ilir,Sumatera Selatan,1612,kode,,0,,,,0,0,False
2082,1220 106 20240804 1,2024-08-04,2024,8,2024-08,1220,Padang Lawas Utara,Sumatera Utara,1220,kode,,0,"Manggala Agni melalui aplikasi  actor  kuning menemukan titik api yang membakar lahan milik masyarakat dengan vegetasi kayu hutan dan semak belukar, penyebab kebakaran karena kesengajaan pemilik lahan membakar lahan dengan sengaja.",,,0,0,False
2083,3522 106 20240804 1,2024-08-04,2024,8,2024-08,3522,Bojonegoro,Jawa Timur,3522,kode,Bojonegoro,1,"Pada hari Minggu, 4 Agustus 2024 pukul 11.45 WIB terjadi kebakaran lahan kosong dengan tumbuhan yang terbakar berupa tanaman liar dan semak belukar tepatnya di belakang RSUD Sosodoro Djatikoesoemo.",0.0,0.0,0,0,False
2084,3513 106 20240803 1,2024-08-03,2024,8,2024-08,3513,Probolinggo,Jawa Timur,3513,kode,Gending,1,Kebakaran berasal dari cuaca panas yang melanda di sekitar lokasi.,0.0,0.0,0,0,False
2085,1207 106 20240803 1,2024-08-03,2024,8,2024-08,1207,Deli Serdang,Sumatera Utara,1207,kode,,0,"Manggala Agni melalui aplikasi lancang kuning menemukan titik api yang membakar lahan milik masyarakat dengan vegetasi sawit dan semak belukar, penyebab kebakaran karena kesengajaan pemilik lahan membakar lahan dengan sengaja.",,,0,0,False
2086,1221 106 20240803 1,2024-08-03,2024,8,2024-08,1221,Padang Lawas,Sumatera Utara,1221,kode,,0,"Manggala Agni melalui aplikasi lancang kuning menemukan titik api yang membakar lahan milik masyarakat dengan vegetasi kayu hutan dan semak belukar, penyebab kebakaran karena kesengajaan pemilik lahan membakar lahan dengan sengaja.",,,0,0,False
2087,1610 106 20240803 1,2024-08-03,2024,8,2024-08,1610,Ogan Ilir,Sumatera Selatan,1610,kode,,0,,,,0,0,False
2088,3322 106 20240803 1,2024-08-03,2024,8,2024-08,3322,Semarang,Jawa Tengah,3322,kode,Bringin,1,Masih Dalam Proses penyelidikan,0.0,0.0,0,0,False
2089,1505 106 20240802 1,2024-08-02,2024,8,2024-08,1505,Muaro Jambi,Jambi,1505,kode,,0,,0.0,0.0,0,0,False
2090,1612 106 20240802 1,2024-08-02,2024,8,2024-08,1612,Penukal Abab Lematang Ilir,Sumatera Selatan,1612,kode,,0,,,,0,0,False
2091,1504 106 20240802 1,2024-08-02,2024,8,2024-08,1504,Batanghari,Jambi,1504,kode,,0,,0.0,0.0,0,0,False
2092,1220 106 20240802 1,2024-08-02,2024,8,2024-08,1220,Padang Lawas Utara,Sumatera Utara,1220,kode,,0,"Manggala Agni melalui aplikasi lancang kuning menemukan titik api yang membakar lahan milik masyarakat dengan vegetasi kayu hutan dan semak belukar, penyebab kebakaran karena kesengajaan pemilik lahan membakar lahan dengan sengaja.",,,0,0,False
2093,1106 106 20240802 1,2024-08-02,2024,8,2024-08,1106,Aceh Besar,Aceh,1106,kode,Suka Makmur Gampong Kayee Adam,1,Kebakaran diduga akibat pembakaran sampah yang dilakukan tanpa pengawasan.,0.0,0.0,0,0,False
2094,1603 106 20240802 1,2024-08-02,2024,8,2024-08,1603,Muara Enim,Sumatera Selatan,1603,kode,,0,,,,0,0,False
2095,1612 106 20240801 1,2024-08-01,2024,8,2024-08,1612,Penukal Abab Lematang Ilir,Sumatera Selatan,1612,kode,,0,,,,0,0,False
2096,1607 106 20240801 1,2024-08-01,2024,8,2024-08,1607,Banyuasin,Sumatera Selatan,1607,kode,,0,,,,0,0,False
2097,1504 106 20240801 1,2024-08-01,2024,8,2024-08,1504,Batanghari,Jambi,1504,kode,,0,,0.0,0.0,0,0,False
2098,3516 106 20240801 1,2024-08-01,2024,8,2024-08,3516,Mojokerto,Jawa Timur,3516,kode,Gedeg,1,"Pada hari Kamis, 01 Agustus 2024 pukul 18.02 WIB telah terjadi kebakaran lahan tebu di Ds. Terusan, Kec. Gedeg, Koordinat: -7,45114,  112,418. Penyebab kebakaran diduga oleh pembakaran daun tebu yang merembet ke lahan tebu. Kondisi terkini kebakaran telah berhasil di padamkan pada pukul 21.15 WIB.",0.0,0.0,0,0,False
2099,1603 106 20240801 1,2024-08-01,2024,8,2024-08,1603,Muara Enim,Sumatera Selatan,1603,kode,,0,,,,0,0,False
2100,1606 106 20240731 1,2024-07-31,2024,7,2024-07,1606,Musi Banyuasin,Sumatera Selatan,1606,kode,,0,,,,0,0,False
2101,1607 106 20240731 1,2024-07-31,2024,7,2024-07,1607,Banyuasin,Sumatera Selatan,1607,kode,,0,,,,0,0,False
2102,1610 106 20240731 1,2024-07-31,2024,7,2024-07,1610,Ogan Ilir,Sumatera Selatan,1610,kode,,0,,,,0,0,False
2103,1504 106 20240731 1,2024-07-31,2024,7,2024-07,1504,Batanghari,Jambi,1504,kode,,0,,0.0,0.0,0,0,False
2104,3210 106 20240731 1,2024-07-31,2024,7,2024-07,3210,Majalengka,Jawa Barat,3210,kode,Panyingkiran,1,"Diduga adanya orang yang membakar sampah dan disertai angin yang kencang mengakibatkan terjadinya kebakaran lahan di desa Panyingkiran  pada hari Selasa, 30 Juli 2024 , Pkl. 15.30 WIB",0.0,0.0,0,0,False
2105,1906 106 20240731 1,2024-07-31,2024,7,2024-07,1906,Belitung Timur,Kepulauan Bangka Belitung,1906,kode,Manggar; Damar,2,"Dipicu dari api yang berasal dari pembakaran lahan oleh warga setempat yang sedang membersihkan lahan/kebun di area lokasi tersebut , sebaran api meluas dan tidak bisa dikendalikan",0.0,0.0,0,0,False
2106,1603 106 20240730 1,2024-07-30,2024,7,2024-07,1603,Muara Enim,Sumatera Selatan,1603,kode,,0,,,,0,0,False
2107,1404 106 20240730 1,2024-07-30,2024,7,2024-07,1404,Indragiri Hilir,Riau,1404,kode,Batang Tuaka,1,Masih dalam penyelidikan,0.0,0.0,0,0,False
2108,3301 106 20240730 1,2024-07-30,2024,7,2024-07,3301,Cilacap,Jawa Tengah,3301,kode,Sidareja,1,"Diduga adanya puntung rokok, kemudian membakar rumput kering dan daun kering kemudian menjalar hingga membakar lahan warga.",0.0,0.0,0,0,False
2109,1610 106 20240730 1,2024-07-30,2024,7,2024-07,1610,Ogan Ilir,Sumatera Selatan,1610,kode,,0,,,,0,0,False
2110,2101 106 20240730 1,2024-07-30,2024,7,2024-07,2101,Bintan,Kepulauan Riau,2101,kode,,0,Sumber api tidak diketahui,0.0,0.0,0,0,False
2111,1306 106 20240730 1,2024-07-30,2024,7,2024-07,1306,Agam,Sumatera Barat,1306,kode,,0,,,,0,0,False
2112,1117 106 20240730 1,2024-07-30,2024,7,2024-07,1117,Bener Meriah,Aceh,1117,kode,Pintu Rime Gayo,1,Masih dalam penyelidikan.,0.0,0.0,0,0,False
2113,1223 106 20240730 1,2024-07-30,2024,7,2024-07,1223,Labuhanbatu Utara,Sumatera Utara,1223,kode,,0,"Personil dari Babinsa dan Bhabinkamtibmas melakukan patroli karhutla dan menerima laporan dari warga dan  menemukan adanya titik api (hotspot) pada lahan dilokasi yang berbeda dengan sawit dan semak belukar dengan jenis tanah non gambut yang merupakan lahan), dan langsung melakukan koordinasi dengan pihka pihak terkait untuk menangani masalah kebakaran hutan yang terjadi. Penyebab kebakaran disebabkan oleh kelalaian pengguna lahan membakar lahan secara sembarangan.",,,0,0,False
2114,1209 106 20240730 1,2024-07-30,2024,7,2024-07,1209,Asahan,Sumatera Utara,1209,kode,,0,Manggala Agni menerima laporan dari perangkat Desa bahwasanya ada titik api (hotspot) pada dengan vegetasi sawit dan semak belukar dengan jenis tanah gambut yang merupakan lahan warga. Penyebab kebakaran disebabkan oleh cuaca panas yang cukup ekstrim.,,,0,0,False
2115,1210 106 20240730 1,2024-07-30,2024,7,2024-07,1210,Labuhanbatu,Sumatera Utara,1210,kode,,0,"Manggala Agni menerima laporan dari warga dan  menemukan adanya titik api (hotspot) pada sebuah lahan dengan vegetasi kayu hutan, pakisan, hutan kayu dan  semak belukar dengan jenis tanah gambut yang merupakan lahan milik masyarakat, dan langsung berkoordinasi dengan instansi terkait untuk menangani masalah kebakaran hutan yang terjadi. Penyebab kebakaran disebabkan oleh cuaca panas yang cukup ekstrim sehingga membakar tanah gambut yang kering.",,,0,0,False
2116,2104 106 20240730 1,2024-07-30,2024,7,2024-07,2104,Lingga,Kepulauan Riau,2104,kode,,0,Sumber api tidak diketahui,0.0,0.0,0,0,False
2117,1607 106 20240730 1,2024-07-30,2024,7,2024-07,1607,Banyuasin,Sumatera Selatan,1607,kode,,0,,,,0,0,False
2118,1603 106 20240729 1,2024-07-29,2024,7,2024-07,1603,Muara Enim,Sumatera Selatan,1603,kode,Muara Belida,1,masih dalam penyelidikan pihak berwajib,0.0,0.0,0,0,False
2119,1210 106 20240729 1,2024-07-29,2024,7,2024-07,1210,Labuhanbatu,Sumatera Utara,1210,kode,,0,"Manggala Agni menerima laporan aparat Desa dan  menemukan adanya titik api (hotspot) pada sebuah lahan dengan vegetasi sawit, pakisan dan  semak belukar dengan jenis tanah gambut yang merupakan lahan masyarakat, dan langsung berkoordinasi dengan instansi terkait untuk menangani masalah kebakaran hutan yang terjadi. Penyebab kebakaran disebabkan oleh cuaca panas yang cukup ekstrim sehingga membakar tanah gambut yang kering.",,,0,0,False
2120,6112 106 20240729 1,2024-07-29,2024,7,2024-07,6112,Kubu Raya,Kalimantan Barat,6112,kode,Sungai Raya,1,masih dalam penyelidikan,0.0,0.0,0,0,False
2121,1209 106 20240729 1,2024-07-29,2024,7,2024-07,1209,Asahan,Sumatera Utara,1209,kode,,0,"Hari Senin tanggal 29 Juli 2024 sekitar pukul 14.00 WIB warga melihat ada asap yang muncul dilahan milik masyarakat dengan vegetasi tanaman sawit dan jenis tanah gambut di Desa Bangun Baru,  Selanjutnya hal tersebut dilaporkan ke pihak Pemerintah Desa dan melaporkan ke Pemerintah Kecamatan dan melanjutkan laporan ke Pemerintah Kabupaten Asahan Penyebab api belum diketahui, masih dalam  penyelidikan pihak berwenang.",,,0,0,False
2122,3516 106 20240728 1,2024-07-28,2024,7,2024-07,3516,Mojokerto,Jawa Timur,3516,kode,Gedeg,1,"Kebakaran diduga terjadi karena adanya sisa pembakaran daun kering yang menyebar ke area lahan tebu seluas 1.5 Ha di Ds. Ngares Kidul , Kec. Gedeg. Kebakaran terjadi pada hari Minggu, 28 Juli 2024, Pkl. 10.00",0.0,0.0,0,0,False
2123,1205 106 20240728 1,2024-07-28,2024,7,2024-07,1205,Langkat,Sumatera Utara,1205,kode,,0,"Manggala Agni melalui aplikasi lancang kuning menemukan adanya titik api (hotspot) pada sebuah lahan dengan vegetasi ilalang dan karet dengan jenis tanah non gambut yang merupakan lahan TNGL (Taman Nasional gunung Leuser) dan lahan masyarakat, dan langsung berkoordinasi dengan instansi terkait unutk menangani masalah kebakaran hutan yang terjadi. Penyebab kebakaran disebabkan oleh kesengajaan warga membuka lahan dengan cara membakar",,,0,0,False
2124,1502 106 20240728 1,2024-07-28,2024,7,2024-07,1502,Merangin,Jambi,1502,kode,,0,,0.0,0.0,0,0,False
2125,1223 106 20240728 1,2024-07-28,2024,7,2024-07,1223,Labuhanbatu Utara,Sumatera Utara,1223,kode,,0,"Personil dari Babinsa dan Bhabinkamtibmas melakukan patroli karhutla dan menerima laporan dari warga dan  menemukan adanya titik api (hotspot) pada lahan dilokasi yang berbeda dengan vegetasi anak kayu hutan, sawit dan semak belukar dengan jenis tanah non gambut yang merupakan lahan masyarakat dan tanah gambut yang statusnya lahan APL (areal penggunaan lahan), dan langsung berkoordinasi dengan instansi terkait untuk menangani masalah kebakaran hutan yang terjadi. Penyebab kebakaran disebabkan oleh kelalaian pengguna lahan membakar lahan secara sembarangan.",,,0,0,False
2126,1504 106 20240728 1,2024-07-28,2024,7,2024-07,1504,Batanghari,Jambi,1504,kode,,0,,0.0,0.0,0,0,False
2127,1610 106 20240728 1,2024-07-28,2024,7,2024-07,1610,Ogan Ilir,Sumatera Selatan,1610,kode,,0,,,,0,0,False
2128,2101 106 20240728 1,2024-07-28,2024,7,2024-07,2101,Bintan,Kepulauan Riau,2101,kode,Teluk Sebong; Bintan Utara,2,Masih dalam penyelidikan,0.0,0.0,0,0,False
2129,1572 106 20240728 1,2024-07-28,2024,7,2024-07,1572,Kota Sungai Penuh,Jambi,1572,kode,,0,,0.0,0.0,0,0,False
2130,1612 106 20240728 1,2024-07-28,2024,7,2024-07,1612,Penukal Abab Lematang Ilir,Sumatera Selatan,1612,kode,,0,,,,0,0,False
2131,1220 106 20240728 1,2024-07-28,2024,7,2024-07,1220,Padang Lawas Utara,Sumatera Utara,1220,kode,,0,Personil dari Koramil Sigompulon menerima laporan dari masyarakat bahwasanya ditemukan adanya titik api (hotspot) pada sebuah lahan dengan vegetasi sawit dan semak belukar dengan jenis tanah non gambut yang merupakan lahan milik warga setempat dan langsung berkoordinasi dengan instansi terkait unutk menangani masalah kebakaran hutan yang terjadi. Penyebab kebakaran disebabkan oleh kesengajaan pemilik lahan membuka lahan dengan cara membakar.,,,0,0,False
2132,1223 106 20240727 1,2024-07-27,2024,7,2024-07,1223,Labuhanbatu Utara,Sumatera Utara,1223,kode,,0,"Personil dari Manggala Agni dan  Pihak BPBD Kabupaten Labuhanbatu Utara  mendapatkan informasi dari masyarakat dan juga melalui aplikasi Lancang Kuning bahwa terdapat titik api (hotspot) dilokasi yang berada di Kecamatan Panai Hilir dan  Kecamatan Aek Natas. Lahan yang terbakar milik masyarakat dengan vegetasi pohon kelapa dan semak belukar, topografi datar dengan jenis tanah gambut. Penyebab terjadinya kebakaran terindikasi dari kelalaian masyarakat.",,,0,0,False
2133,1612 106 20240727 1,2024-07-27,2024,7,2024-07,1612,Penukal Abab Lematang Ilir,Sumatera Selatan,1612,kode,,0,,,,0,0,False
2134,1607 106 20240727 1,2024-07-27,2024,7,2024-07,1607,Banyuasin,Sumatera Selatan,1607,kode,,0,,,,0,0,False
2135,1210 106 20240727 2,2024-07-27,2024,7,2024-07,1210,Labuhanbatu,Sumatera Utara,1210,kode,Panai Hilir; Panai Tengah; Panai Hilir,3,kelalaian masyarakat sehingga merambat/meluas dari hembusan angin dan musim kemarau.,0.0,0.0,0,0,False
2136,1212 106 20240727 1,2024-07-27,2024,7,2024-07,1212,Toba,Sumatera Utara,1212,kode,,0,Pada pukul 19.15 WIB telah diperoleh informasi dari Perangkat Desa Hutagaol peatalun tentang adanya kebakaran bukit/lahan di Desa Hutagaol Peataluan.   Penyebab awal mulanya api berkobar dilahan tersebut masih dalam penyelidikan,,,0,0,False
2137,1209 106 20240727 1,2024-07-27,2024,7,2024-07,1209,Asahan,Sumatera Utara,1209,kode,,0,"Hari Sabtu tanggal 27 Juli 2024 sekitar pukul 14.00 WIB warga melihat ada asap yang muncul dilahan milik masyarakat dengan vegetasi tanaman sawit dan jenis tanah gambut di Desa  Alang Bonbon,  Selanjutnya hal tersebut dilaporkan ke pihak Pemerintah Desa dan melaporkan ke Pemerintah Kecamatan dan melanjutkan laporan ke Pemerintah Kabupaten Asahan Penyebab api belum diketahui, masih dalam  penyelidikan pihak berwenang.",,,0,0,False
2138,1208 106 20240727 1,2024-07-27,2024,7,2024-07,1208,Simalungun,Sumatera Utara,1208,kode,,0,"Berdasarkan informasi dari  warga bahwa telah terjadi kebakaran hutan dan lahan di  Kelurahan Haranggaol Kecamatan Haranggaol Horison, Penyebab terjadinya kebakaran masih belum diketahui.",,,0,0,False
2139,1606 106 20240727 1,2024-07-27,2024,7,2024-07,1606,Musi Banyuasin,Sumatera Selatan,1606,kode,,0,,,,0,0,False
2140,1277 106 20240727 1,2024-07-27,2024,7,2024-07,1277,Kota Padang Sidempuan,Sumatera Utara,1277,kode,,0,"Informasi yang diperoleh dari warga pada pukul 12.00 mendapati lahan wakaf milik Kelurahan WEK IV yang berlokasi dibelakang rumahnya terbakar, kemudian warga tersebut langsung melaporkan kejadian tersebut kepada warga sekitarnya dan menghubungi Damkar Kota Padang Sidimpuan untuk melakukan pemadaman api. Penyebab kebakaran masih belum diketahui.",,,0,0,False
2141,1209 106 20240727 2,2024-07-27,2024,7,2024-07,1209,Asahan,Sumatera Utara,1209,kode,Aek Kuasan,1,Kebakaran Hutan dan Lahan yang merambat/meluas karena hembusan angin dan musim kemarau,0.0,0.0,0,0,False
2142,1210 106 20240727 1,2024-07-27,2024,7,2024-07,1210,Labuhanbatu,Sumatera Utara,1210,kode,,0,"Personil dari Manggala Agni mendapatkan informasi dari masyarakat dan juga melalui aplikasi Lancang Kuning bahwa terdapat titik api (hotspot) dilokasi yang berada di Kecamatan Panai Hilir  Lahan yang terbakar milik masyarakat dengan vegetasi kelapa sawit,semak belukar dan anakan kayu, topografi datar dengan jenis tanah gambut. Penyebab terjadinya kebakaran terindikasi dari kelalaian masyarakat",,,0,0,False
2143,1604 106 20240727 1,2024-07-27,2024,7,2024-07,1604,Lahat,Sumatera Selatan,1604,kode,,0,,,,0,0,False
2144,1605 106 20240727 1,2024-07-27,2024,7,2024-07,1605,Musi Rawas,Sumatera Selatan,1605,kode,,0,,,,0,0,False
2145,1401 106 20240727 1,2024-07-27,2024,7,2024-07,1401,Kampar,Riau,1401,kode,Siak Hulu; Tapung,2,masih dalam penyelidikan pihak berwajib,0.0,0.0,0,0,False
2146,1610 106 20240727 1,2024-07-27,2024,7,2024-07,1610,Ogan Ilir,Sumatera Selatan,1610,kode,,0,,,,0,0,False
2147,1113 106 20240727 1,2024-07-27,2024,7,2024-07,1113,Gayo Lues,Aceh,1113,kode,Pantan Cuaca,1,Pada hari ini sabtu  27 Juli 2024 jam 00.30 telah terjadi kebakaran lahan di desa yang mengakibatkan terganggu nya pengguna  jalan,0.0,0.0,0,0,False
2148,6402 106 20240727 1,2024-07-27,2024,7,2024-07,6402,Kutai Kartanegara,Kalimantan Timur,6402,kode,,0,,0.0,0.0,0,0,False
2149,1505 106 20240727 1,2024-07-27,2024,7,2024-07,1505,Muaro Jambi,Jambi,1505,kode,,0,,0.0,0.0,0,0,False
2150,5312 106 20240726 1,2024-07-26,2024,7,2024-07,5312,Sumba Barat,Nusa Tenggara Timur,5312,kode,,0,"BPBD Sumba Barat melaporkan peristiwa kebakaran lahan padang terjadi di Kampung Rami Kalebu, Dusun 1, Desa Patiala Dete, Kecamatan Laboya Barat, Kabupaten Sumba Barat pada Jumat (26/7) pukul 12.00 wita. Kondisi padang yang kering membuat kebakaran lahan begitu cepat meluas, hingga masuk ke pemukiman warga. Sebanyak 5 unit rumah warga ludes terbakar di saat semua warga di kampung itu sedang aktifitas berkebun. Upaya pemadaman di lokasi oleh petugas mengalami kendala akibat minimnya sumber air dan akses menuju lokasi yang begitu sulit membuat kebakaran tersebut tidak bisa dikendalikan. Peristiwa ini telah mengakibatkan 12 KK / 49 jiwa menderita dan terpaksa mengunsi di tenda darurat yang telah disiapkan.",0.0,0.0,5,0,False
2151,1612 106 20240726 1,2024-07-26,2024,7,2024-07,1612,Penukal Abab Lematang Ilir,Sumatera Selatan,1612,kode,,0,,,,0,0,False
2152,1613 106 20240726 1,2024-07-26,2024,7,2024-07,1613,Musi Rawas Utara,Sumatera Selatan,1613,kode,Rupit,1,Telah terjadi kebakaran hutan dan lahan di Desa sungai Jernih dan Desa Beringin Jaya,0.0,0.0,0,0,False
2153,1610 106 20240726 1,2024-07-26,2024,7,2024-07,1610,Ogan Ilir,Sumatera Selatan,1610,kode,,0,,,,0,0,False
2154,1114 106 20240726 1,2024-07-26,2024,7,2024-07,1114,Aceh Jaya,Aceh,1114,kode,Darul Hikmah Gp. Baro L Gp. Panton Krueng,1,Masih dalam penyelidikan,0.0,0.0,0,0,False
2155,1607 106 20240726 1,2024-07-26,2024,7,2024-07,1607,Banyuasin,Sumatera Selatan,1607,kode,,0,,,,0,0,False
2156,1504 106 20240726 1,2024-07-26,2024,7,2024-07,1504,Batanghari,Jambi,1504,kode,,0,,0.0,0.0,0,0,False
2157,1206 106 20240726 1,2024-07-26,2024,7,2024-07,1206,Karo,Sumatera Utara,1206,kode,,0,"Pihak BPBD Karo beserta Manggala Agni mendapatkan informasi dari lapangan bahwasanya terjadi kebakaran lahan yang berstatus kawasan hutan lindung  dan APL (area penggunaan lahan) dengan topografi bukit yang terjal,vegetasi lahan pinus,semak belukar dan ilalang. Penyebab terjadi kebakaran masih dalam penyelidikan.",,,0,0,False
2158,1206 106 20240726 2,2024-07-26,2024,7,2024-07,1206,Karo,Sumatera Utara,1206,kode,Merek,1,Kebakaran Hutan dan Lahan yang merambat/meluas karena hembusan angin dan musim kemarau,0.0,0.0,0,0,False
2159,3502 106 20240726 1,2024-07-26,2024,7,2024-07,3502,Ponorogo,Jawa Timur,3502,kode,Sawoo,1,"Pada hari Jum'at, 26 Juli 2024 Pkl. 17.00 WIB telah terjadi kebakaran hutan dan lahan di Petak 156C RPH Sawoo, KPH lawu DS wilayah administrasi Ds. Tugurejo, Kec. Sawoo, Kab. Ponorogo. Penyebab kebakaran masih dalam penyelidikan. Kondisi saat ini api berjarak ± 100 Meter dari pemukiman warga. Upaya pemadaman diberhentikan dan dilanjut pembuatan sekat bakar. Kendala: - Kondisi saat ini angin cukup kencang, mengakibatkan api cepat meluas. - Api di bagian atas lereng belum bisa dipadamkan, disebabkan jalur menuju lokasi cukup terjal. #Update Jum’at (26/07) pkl. 23.00 WIB Perkembangan: - Pada hari Jum'at, 26 Juli 2024 Pkl. 17.00 WIB telah terjadi kebakaran hutan dan lahan di Petak 156C RPH Sawoo, KPH lawu DS wilayah administrasi Ds. Tugurejo, Kec. Sawoo, Kab. Ponorogo. Penyebab kebakaran masih dalam penyelidikan. Kondisi saat ini api berjarak ± 100 Meter dari pemukiman warga. Upaya pemadaman diberhentikan dan dilanjut pembuatan sekat bakar. - Api berhasil dipadamkan pada pukul 22.20 WIB",0.0,0.0,0,0,False
2160,1307 106 20240726 1,2024-07-26,2024,7,2024-07,1307,Lima Puluh Kota,Sumatera Barat,1307,kode,Harau Nagari Gurun,1,"Diduga akibat kelalaian masyarakat yang membuang puntung rokok ke tumpukan rumput kering dan diperparah dengan cuaca yang panas serta angin kencang sehingga api dengan cepat merampat ke lahan masyarakat dan terjadi kebakaran pada hari Jumat, 26 Juli 2024, Pkl. 16:30 WIB",0.0,0.0,0,0,False
2161,1211 106 20240726 1,2024-07-26,2024,7,2024-07,1211,Dairi,Sumatera Utara,1211,kode,,0,"Pada pukul 16.00 WIB telah diperoleh informasi warga terdapat titik api di lahan yang berlokasi di Desa Silalahi III dengan vegetasi semak belukar,ilalang dan anakan kayu ,   Penyebab kebakaran masih belum diketahui dengan pasti.",,,0,0,False
2162,1706 106 20240726 1,2024-07-26,2024,7,2024-07,1706,Muko Muko,Bengkulu,1706,kode,Air Manjunto,1,dalam penyelidikan,0.0,0.0,0,0,False
2163,1212 106 20240726 1,2024-07-26,2024,7,2024-07,1212,Toba,Sumatera Utara,1212,kode,,0,"Informasi yang diperoleh dari warga bahwa ada laporan titik api dilahan yang berlokasi di Aek Unsim   Api diduga berasal dari pembakaran bekas pembabatan rumput yang mengakibat api semakin besar sehingga api dengan cepat membakar beberapa pohon disekitarnya, dimana angin cukup kencang dan cuaca ekstrim panas.",,,0,0,False
2164,6407 106 20240726 1,2024-07-26,2024,7,2024-07,6407,Kutai Barat,Kalimantan Timur,6407,kode,,0,,0.0,0.0,0,0,False
2165,1272 106 20240726 1,2024-07-26,2024,7,2024-07,1272,Kota Pematangsiantar,Sumatera Utara,1272,kode,,0,Informasi yang diperoleh dari warga bahwa ada laporan titik api dilahan dengan vegetasi rumpaut yang berlokasi di Jalan Gunung Sibayak Pematang Siantar. Penyebab tejadinya kebakaran lahan masih dalam penyelidikan,,,0,0,False
2166,1612 106 20240725 2,2024-07-25,2024,7,2024-07,1612,Penukal Abab Lematang Ilir,Sumatera Selatan,1612,kode,,0,,,,0,0,False
2167,1612 106 20240725 1,2024-07-25,2024,7,2024-07,1612,Penukal Abab Lematang Ilir,Sumatera Selatan,1612,kode,Penukal Utara,1,Kemarau dan Cuaca Panas Sehingga Memicu Kebakaran Lahan,0.0,0.0,0,0,False
2168,3318 106 20240725 1,2024-07-25,2024,7,2024-07,3318,Pati,Jawa Tengah,3318,kode,Kayen,1,"Kebakaran lahan dipicu berasal dari warga yang membakar daun kering di dekat lahan dan dipengaruhi oleh angin kencang, sehingga api tidak terkontrol",0.0,0.0,0,0,False
2169,1611 106 20240725 1,2024-07-25,2024,7,2024-07,1611,Empat Lawang,Sumatera Selatan,1611,kode,,0,,,,0,0,False
2170,1277 106 20240725 1,2024-07-25,2024,7,2024-07,1277,Kota Padang Sidempuan,Sumatera Utara,1277,kode,,0,Informasi yang diperoleh dari warga bahwa ada laporan titik api dilahan yang berlokasi di Desa Batu Bola dan  Bukit Teletubbies,,,0,0,False
2171,3512 106 20240725 1,2024-07-25,2024,7,2024-07,3512,Situbondo,Jawa Timur,3512,kode,Banyuputih,1,Kebakaran diduga sengaja dibakar oleh orang yang tidak bertanggung jawab. Jenis tumbuhan yang terbakar semak belukar dan rumput.,0.0,0.0,0,0,False
2172,1610 106 20240725 1,2024-07-25,2024,7,2024-07,1610,Ogan Ilir,Sumatera Selatan,1610,kode,,0,,,,0,0,False
2173,1607 106 20240725 1,2024-07-25,2024,7,2024-07,1607,Banyuasin,Sumatera Selatan,1607,kode,,0,,,,0,0,False
2174,1505 106 20240725 1,2024-07-25,2024,7,2024-07,1505,Muaro Jambi,Jambi,1505,kode,,0,,0.0,0.0,0,0,False
2175,1502 106 20240725 1,2024-07-25,2024,7,2024-07,1502,Merangin,Jambi,1502,kode,Tabir; Tabir Ilir,2,Belum diketahui,0.0,0.0,0,0,False
2176,1603 106 20240725 1,2024-07-25,2024,7,2024-07,1603,Muara Enim,Sumatera Selatan,1603,kode,,0,,,,0,0,False
2177,1212 106 20240725 1,2024-07-25,2024,7,2024-07,1212,Toba,Sumatera Utara,1212,kode,,0,"Informasi yang diperoleh dari warga bahwa ada laporan titik api dilahan yang berlokasi di Desa Gurgur Aek Raja    Api diduga berasal dari pembakaran pembukaan lahan dan mengakibatkan api menjalar ke semak-semak kering sehingga api dengan cepat membakar beberapa pohon disekitarnya, dimana angin cukup kencang dan cuaca panas membuat api terlalu  cepat membesar",,,0,0,False
2178,3376 106 20240725 1,2024-07-25,2024,7,2024-07,3376,Kota Tegal,Jawa Tengah,3376,kode,Tegal Selatan,1,Kebakaran lahan dipicu berasal dari warga yang membakar sampah lalu api merambat ke tumbuhan ilalang,0.0,0.0,0,0,False
2179,1504 106 20240725 1,2024-07-25,2024,7,2024-07,1504,Batanghari,Jambi,1504,kode,,0,,0.0,0.0,0,0,False
2180,1307 106 20240725 1,2024-07-25,2024,7,2024-07,1307,Lima Puluh Kota,Sumatera Barat,1307,kode,,0,,,,0,0,False
2181,1503 106 20240724 1,2024-07-24,2024,7,2024-07,1503,Sarolangun,Jambi,1503,kode,Sarolangun; Air Hitam; Pauh; Mandiangin; Mandiangin Timur,5,Masih dalam penyelidikan,0.0,0.0,0,0,False
2182,1607 106 20240724 1,2024-07-24,2024,7,2024-07,1607,Banyuasin,Sumatera Selatan,1607,kode,Banyuasin; Rantau Bayur; Tanjung Lago; Muara Talang,4,Masih dalam penyelidikan,0.0,0.0,0,0,False
2183,3209 106 20240724 1,2024-07-24,2024,7,2024-07,3209,Cirebon,Jawa Barat,3209,kode,Dukupuntang,1,Masih dalam penyelidikan,0.0,0.0,0,0,False
2184,1603 106 20240724 1,2024-07-24,2024,7,2024-07,1603,Muara Enim,Sumatera Selatan,1603,kode,,0,,,,0,0,False
2185,3509 106 20240724 1,2024-07-24,2024,7,2024-07,3509,Jember,Jawa Timur,3509,kode,Wuluhan,1,Dalam penyelidikan,0.0,0.0,0,0,False
2186,1212 106 20240724 1,2024-07-24,2024,7,2024-07,1212,Toba,Sumatera Utara,1212,kode,,0,"Informasi yang diperoleh dari warga bahwa ada laporan titik api dilahan yang berlokasi di  Desa Lumban Silintong. AAwalnya api diduga berasal dari pembakaran rumput dan sampah yang sudah mengering mengakibatkan api menjalar ke lahan dan pohon-pohon disekitar, dimana angin kencang dan cuaca yg extrem membuat api cepat membesar.",,,0,0,False
2187,1505 106 20240724 1,2024-07-24,2024,7,2024-07,1505,Muaro Jambi,Jambi,1505,kode,,0,,0.0,0.0,0,0,False
2188,1209 106 20240723 1,2024-07-23,2024,7,2024-07,1209,Asahan,Sumatera Utara,1209,kode,,0,"Hari Selasa tanggal 23 Juli 2024 sekitar pukul 12.00 WIB warga melihat ada asap yang muncul dilahan milik masyarakat dengan vegetasi tanaman sawit  di Desa Tangga dan pada sekitar pukul 14.00 WIB terlihat lahan sudah terbakar,  Penyebab api belum diketahui, masih dalam penyelidikan pihak berwenang.",,,0,0,False
2189,6112 106 20240723 1,2024-07-23,2024,7,2024-07,6112,Kubu Raya,Kalimantan Barat,6112,kode,Rasau Jaya; Sungai Kakap; Sungai Raya,3,belum diketahui,0.0,0.0,0,0,False
2190,3507 106 20240723  1,2024-07-23,2024,7,2024-07,3507,Malang,Jawa Timur,3507,kode,Singosari  Bukit Lincing,1,Penyebab kebakaran hingga saat ini masih belum dapat diketahui.,0.0,0.0,0,0,False
2191,1106 106 20240723 1,2024-07-23,2024,7,2024-07,1106,Aceh Besar,Aceh,1106,kode,Lembah Seulawah Gp. Pegunungan Seulawah,1,Masih dalam penyelidikan,0.0,0.0,0,0,False
2192,1101 106 20240723 1,2024-07-23,2024,7,2024-07,1101,Aceh Selatan,Aceh,1101,kode,Bakongan Gampong Ujong Mangki; Kluet Tengah Gampong Malaka,2,Masih dalam penyelidikan.,0.0,0.0,0,0,False
2193,1208 106 20240723 1,2024-07-23,2024,7,2024-07,1208,Simalungun,Sumatera Utara,1208,kode,,0,"Berdasarkan informasi dari warga bahwa telah terjadi kebakaran hutan dan lahan di Dusun Sipintu Angin, Nagori Parik Sabungan, Kecamatan Dolok Pardamean, Kabupaten Simalungun, kemudian BPBD Kabupaten Simalungun, Camat bersama dengan perangkat Nagori serta Polsek setempat melakukan upaya pemadaman api. Berdasarkan pantauan di lokasi TKP di kebakaran hutan dan ahan di Dusun Sipintu Angin, Nagori Parik Sabungan, Kecamatan Dolok Pardamean, Kabupaten Simalungun. Penyebab terjadinya kebakaran masih belum diketahui.",,,1,0,False
2194,1613 106 20240723 1,2024-07-23,2024,7,2024-07,1613,Musi Rawas Utara,Sumatera Selatan,1613,kode,,0,,,,0,0,False
2195,1212 106 20240723 1,2024-07-23,2024,7,2024-07,1212,Toba,Sumatera Utara,1212,kode,,0,"Informasi yang diperoleh dari warga bahwa ada laporan titik api dilahan yang berlokasi di Desa tangga Batu Kecamatan Tampahan. Api diduga berasal dari pembakaran rumput untuk membuka dan membersihkan lahan, Dimana api tiba-tiba membesar dan merambat ke pohon-pohon yang ada disekitarnya. PPenyebab terjadinya kebakaran masih belum diketahui dengan pasti",,,0,0,False
2196,1114 106 20240723 1,2024-07-23,2024,7,2024-07,1114,Aceh Jaya,Aceh,1114,kode,Darul Hikmah Gampong Blang dalam,1,Masih dalam penyelidikan.,0.0,0.0,0,0,False
2197,1222 106 20240723 1,2024-07-23,2024,7,2024-07,1222,Labuhanbatu Selatan,Sumatera Utara,1222,kode,,0,"Pihak BPBD Kabupaten Labuhanbatu Selatan menerima laporan telah terjadinya kebakaran lahan dengan vegetasi sawit,semak belukar dan ilalang di Kecamatan Kota Pinang dan Kota Rakyat,  Penyebab terjadinya awal mula terjadinya kebakaran akibat dari puntung rokok yang dibuang sembarangan dan sisa dari pembakaran sampah.",,,0,0,False
2198,1115 106 20240723 1,2024-07-23,2024,7,2024-07,1115,Nagan Raya,Aceh,1115,kode,Kuala Pesisir Gampong Padang Payang; Darul Makmur Gampong Poloe Kruet,2,Masih dalam penyelidikan,0.0,0.0,0,0,False
2199,3512 106 20240723 1,2024-07-23,2024,7,2024-07,3512,Situbondo,Jawa Timur,3512,kode,Panji,1,"Pada hari Selasa, 23 Juli 2024, pkl. 11.30 WIB telah terjadi kebakaran lahan ilalang seluas ± 4 Ha yang berada di Dsn. Pengkepeng, RT/04 RW/24 Kel. Mimbaan, Kec. Panji. Penyebab kebakaran hingga saat ini masih dalam proses penyelidikan. Api dapat dipadamkan pada pkl. 13.00 WIB.",0.0,0.0,0,0,False
2200,1401 106 20240723 1,2024-07-23,2024,7,2024-07,1401,Kampar,Riau,1401,kode,Kampar; Kuok ds. Silam,2,Masih dalam penyelidikan,0.0,0.0,0,0,False
2201,6110 106 20240723 1,2024-07-23,2024,7,2024-07,6110,Melawi,Kalimantan Barat,6110,kode,Nanga Pinoh,1,Akibat aktivitas pembukaan lahan yang kemudian api merembet akibat tiupan angin,0.0,0.0,0,0,False
2202,1117 106 20240723 1,2024-07-23,2024,7,2024-07,1117,Bener Meriah,Aceh,1117,kode,Timang Gajah; Wih Pesam; Pinto Ruime Gayo,3,Masih dalam penyelidikan,0.0,0.0,0,0,False
2203,1506 106 20240722 1,2024-07-22,2024,7,2024-07,1506,Tanjung Jabung Barat,Jambi,1506,kode,,0,,0.0,0.0,0,0,False
2204,1206 106 20240722 1,2024-07-22,2024,7,2024-07,1206,Karo,Sumatera Utara,1206,kode,,0,"Personil dari Polsek Simpang Empat menerima laporan dari perangkat Desa bahwasanya ada titik api (hotspot) pada sebuah lahan dengan vegetasi semak belukar dan ilalangdengan jenis tanah non gambut dititik koordinat Lat, 3.2163 Long, 98.45359 Desa Ndeskati yang merupakan lahan milik warga setempat  Penyebab kebakaran disebabkan oleh kesengajaan pemilik lahan membuka lahan dengan cara membakar..",,,0,0,False
2205,1212 106 20240722 1,2024-07-22,2024,7,2024-07,1212,Toba,Sumatera Utara,1212,kode,,0,"Informasi yang dilaporkan oleh Sekretaris Desa Sianipar Sihail-hail Dusun I Jl. Aek Bolon Kecamatan Balige yang melaporkan melihat nyala api dan laporan diterima langsung oleh Plt. Kepala BPBD Kabupaten Toba pada pukul 14.35 Wib, BPBD Kab. TOBA langsung menuju kelokasi kejadian untuk melakukan pemadaman api. Penyebab kebakaran akibat diduga dari pembakaran sampah.",,,0,0,False
2206,1203 106 20240722 1,2024-07-22,2024,7,2024-07,1203,Tapanuli Selatan,Sumatera Utara,1203,kode,,0,"Manggala Agni melalui aplikasi lancang kuning menemukan adanya titik api (hotspot) pada sebuah lahan dengan vegetasi kayu hutan dan semak belukar dengan jenis tanah non gambut yang merupakan lahan milik warga setempat dititk koordinat Lat. 1.29119 Long, 99.16056 Kelurahan Pardomuan, dan langsung berkoordinasi dengan instansi terkait unutk menangani masalah kebakaran hutan yang terjadi. Penyebab kebakaran disebabkan oleh kesengajaan pemilik lahan membuka lahan dengan cara membakar..",,,0,0,False
2207,1221 106 20240722 1,2024-07-22,2024,7,2024-07,1221,Padang Lawas,Sumatera Utara,1221,kode,,0,"Manggala Agni melalui aplikasi lancang kuning menemukan adanya titik api (hotspot) pada sebuah lahan dengan vegetasi semak belukar, kayu hutan, ilalang dan semak belukar dengan jenis tanah non gambut yang merupakan lahan milik warga setempat dan langsung berkoordinasi dengan instansi terkait unutk menangani masalah kebakaran hutan yang terjadi. Penyebab kebakaran disebabkan oleh kesengajaan pemilik lahan membuka lahan dengan cara membakar..",,,0,0,False
2208,1101 106 20240722 1,2024-07-22,2024,7,2024-07,1101,Aceh Selatan,Aceh,1101,kode,Bakongan  Gampong Padang Beurahan,1,Cuaca panas yang melanda wilayah Kabupaten Aceh Selatan dalam beberapa pekan sehingga mengakibatkan terjadinya Kebakaran Lahan di wilayah kecamatan bakongan,0.0,0.0,0,0,False
2209,1222 106 20240722 1,2024-07-22,2024,7,2024-07,1222,Labuhanbatu Selatan,Sumatera Utara,1222,kode,,0,"Manggala Agni menerima laporan dari perangkat Desa bahwasanya ada titik api (hotspot) pada sebuah lahan dengan vegetasi semak belukar dengan jenis tanah non gambut dititik koordinat Lat, 1.79135 Long, 99.78693 Desa Sampean yang merupakan lahan milik warga setempat  Penyebab kebakaran disebabkan oleh kesengajaan pemilik lahan membuka lahan dengan cara membakar..",,,0,0,False
2210,1610 106 20240722 1,2024-07-22,2024,7,2024-07,1610,Ogan Ilir,Sumatera Selatan,1610,kode,Indralaya Utara; Pemulatan,2,Telah terjadi kebakaran hutan dan lahan di desa sungai rambutan 2 dan desa babatan saudagar (dalam penyelidikan),0.0,0.0,0,0,False
2211,2101 106 20240721 1,2024-07-21,2024,7,2024-07,2101,Bintan,Kepulauan Riau,2101,kode,Seri Kuala Lobam,1,Belum diketahui,0.0,0.0,0,0,False
2212,1210 106 20240721 1,2024-07-21,2024,7,2024-07,1210,Labuhanbatu,Sumatera Utara,1210,kode,,0,"Manggala Agni melalui aplikasi lancang kuning menemukan titik api (hotspot) pada sebuah lahan dengan vegetasi sawit, pisang dan semak belukar dengan jenis tanah gambut dititik koordinat Lat, 2.59509 Long, 100.18868 di Desa Sei Sanggul dan Lat, 2.60138 Long, 100.20079 Kelurahan Sei Berombang yang merupakan lahan milik warga setempat dan hutan Produksi Penyebab kebakaran disebabkan oleh cuaca panas yang ekstrim sehingga lahan gambut tersebut terbakar dengan sendirinya",,,0,0,False
2213,1504 106 20240721 1,2024-07-21,2024,7,2024-07,1504,Batanghari,Jambi,1504,kode,,0,,0.0,0.0,0,0,False
2214,1114 106 20240721 1,2024-07-21,2024,7,2024-07,1114,Aceh Jaya,Aceh,1114,kode,Darul Hikmah Gp. Patek,1,Masih dalam penyelidikan,0.0,0.0,0,0,False
2215,1206 106 20240721 1,2024-07-21,2024,7,2024-07,1206,Karo,Sumatera Utara,1206,kode,,0,"Pihak BPBD Karo beserta Manggala Agni mendapatkan informasi dari lapangan bahwasanya terjadi kebakaran lahan yang berstatus kawasan hutan KPH dengan topografi bukit yang terjal,vegetasi lahan anak kayu,semak belukar dan ilalang. Penyebab terjadi kebakaran terindikasi dari kesengajaan melakukan pembakaran untuk pembersihan lahan",,,0,0,False
2216,1206 106 20240721 2,2024-07-21,2024,7,2024-07,1206,Karo,Sumatera Utara,1206,kode,Merek,1,Dipicu Karhutla perbatasan wilayah Kabupaten Simalungun (dalam penyelidikan),0.0,0.0,0,0,False
2217,1505 106 20240721 1,2024-07-21,2024,7,2024-07,1505,Muaro Jambi,Jambi,1505,kode,,0,,0.0,0.0,0,0,False
2218,5313 106 20240721 1,2024-07-21,2024,7,2024-07,5313,Lembata,Nusa Tenggara Timur,5313,kode,Ile Ape Timur,1,Belum diketahui,0.0,0.0,0,0,False
2219,1217 106 20240721 1,2024-07-21,2024,7,2024-07,1217,Samosir,Sumatera Utara,1217,kode,,0,"Pihak BPBD Kabupaten Samosir menerima laporan telah terjadinya kebakaran lahan dengan vegetasi tanaman semak belukar dan ilalang di Kecamatan Harian Desa Tamba Dolok  Desa Siparmahan Desa Turpuk Limbong, Simpang Gotting, Kecamatan Sianjur Mula-mula, Tugu Sagala, Desa Hutagurgur/Ginolat, Desa Boho, Desa Sianjur mulamula dan api terus merambat kelokasi yang lainnya hembusan angin yang begitu kencang ditambah musim kemarau yang masih berlangsung. Penyebab terjadinya awal mula terjadinya kebakaran masih belum diketahui",,,0,0,False
2220,3503 106 20240721 1,2024-07-21,2024,7,2024-07,3503,Trenggalek,Jawa Timur,3503,kode,Trenggalek,1,"Belum diketahui  telah terjadi Kebakaran Hutan milik Perhutani Petak 76C luas baku 11,7 Ha tanaman jenis pohon jati  klas Hutan TJKL koordinat 8,0503S 111, 6996""E masuk RPH trenggalek BKPH Trenggalek KPH Kediri dalam wilayah administratif Kel.Ngantru, Kec/Kab. Trenggalek.Jenis tanaman / Vegetasi hutan yang terbakar: Jati, Akasia, dan semak belukar",0.0,0.0,0,0,False
2221,1606 106 20240721 1,2024-07-21,2024,7,2024-07,1606,Musi Banyuasin,Sumatera Selatan,1606,kode,,0,,,,0,0,False
2222,1220 106 20240721 1,2024-07-21,2024,7,2024-07,1220,Padang Lawas Utara,Sumatera Utara,1220,kode,,0,"Manggala Agni bersama Babinsa melakukan patroli karhutla menemukan titik api (hotspot) pada sebuah lahan dengan vegetasi sawit, karet, semak belukar, ankan kayu dan ilalang dengan jenis tanah non gambut dititik koordinat Lat, 1.34478 Long, 99.55156 di Desa Sei Sobar dan Lat, 1.39566 Long, 99.39276 Desa Morang yang merupakan lahan milik warga setempat Penyebab kebakaran disebabkan oleh cuaca panas yang ekstrim sehingga lahan gambut tersebut terbakar dengan sendirinya.",,,0,0,False
2223,1212 106 20240720 1,2024-07-20,2024,7,2024-07,1212,Toba,Sumatera Utara,1212,kode,,0,"Informasi yang diperoleh dari warga kepada Polsek Lumban Julu dan Koramil 12 Lumban Julu yang menyatakan bahwa terlihat api sedang berkobar dibalik bukit yang diketahui milik lahan milik PT. Musimas dengan vegetasi ilalang dan semak belukar dengan topografi bukit dengan kemiringan 50° hingga 70°,dan penyebab kebakaran masih dalam penyelidikan.",,,0,0,False
2224,1217 106 20240720 1,2024-07-20,2024,7,2024-07,1217,Samosir,Sumatera Utara,1217,kode,,0,"Pihak BPBD Kabupaten Samosir menerima laporan telah terjadinya kebakaran lahan dengan vegetasi tanaman semak belukar dan ilalang di Kecamatan Sianjur Mulamula Desa Siboro Dusun III Panjaitan, Desa Sarimarihit dan api terus merambat kelokasi yang lainnya hembusan angin yang begitu kencang ditambah musim kemarau yang masih berlangsung. Penyebab terjadinya awal mula terjadinya kebakaran masih belum diketahui",,,0,0,False
2225,1607 106 20240720 1,2024-07-20,2024,7,2024-07,1607,Banyuasin,Sumatera Selatan,1607,kode,,0,,,,0,0,False
2226,2101 106 20240720 1,2024-07-20,2024,7,2024-07,2101,Bintan,Kepulauan Riau,2101,kode,Bintan Utara,1,Belum diketahui,0.0,0.0,0,0,False
2227,1206 106 20240720 1,2024-07-20,2024,7,2024-07,1206,Karo,Sumatera Utara,1206,kode,,0,"Manggala Agni melalui aplikasi lancang kuning menemukan titik api (hotspot) pada sebuah lahan pertanian dengan vegetasi Jagung, Palawija dan Kemiri dengan jenis tanah non gambut dititik koordinat Lat, 3.0974 Long, 99.27892 di Desa Bunga Baru dan Lat, 3.09892 Long, 98.3051 Desa Sarinembah yang merupakan lahan milik warga setempat.",,,0,0,False
2228,6208 106 20240720 1,2024-07-20,2024,7,2024-07,6208,Sukamara,Kalimantan Tengah,6208,kode,Sukamara,1,dalam penyelidikan,0.0,0.0,0,0,False
2229,1215 106 20240719 1,2024-07-19,2024,7,2024-07,1215,Pakpak Bharat,Sumatera Utara,1215,kode,,0,"Informasi yang diperoleh dari warga bahwa ada laporan titik api dilahan milik masyarakat dengan vegetasi semak belukar dan ilalang, yang berlokasi di Desa Boang Menalu   Awal mula asalnya api akibat kesengajaan pemilik lahan membakar lahan untuk kepentingan pembukaan lahan.",,,0,0,False
2230,1206 106 20240719 1,2024-07-19,2024,7,2024-07,1206,Karo,Sumatera Utara,1206,kode,,0,Berdasarkan informasi yang diperoleh dari lapangan terdeteksi adanya kebakaran lahan yang berstatus hutan lindung dengan topografi bukit dan vegetasi semak belukar dan ilalang. Penyebab kebakaran lahan tersebut diindikasikan akibat kesengajaan oknum warga membakar lahan untuk mengurangi biaya pembersihan lahan yang nantinya akan digunakan untuk lahan pertanian.,,,0,0,False
2231,1606 106 20240719 1,2024-07-19,2024,7,2024-07,1606,Musi Banyuasin,Sumatera Selatan,1606,kode,Bayung Lencir,1,belum diketahui,0.0,0.0,0,0,False
2232,5313 106 20240719 1,2024-07-19,2024,7,2024-07,5313,Lembata,Nusa Tenggara Timur,5313,kode,,0,"Pusdalops BPBD Kabupaten Lembata kembali melaporkan peristiwa kebakaran lahan yang terjadi di wilayahnya pada Jumat, (19/7) pukul 14:41 Wita. Kali ini kebakaran lahan terjadi di Desa Baopana, Kecamatan Labatukan, Kabupaten Lembata. Kebakaran diduga oleh ulah warga yang membuang puntung rokok sembarangan. Api dengan cepat menyebar dan membakar lahan seluas satu hektar yang dipenuhi tanaman kayu jati milik warga.",0.0,0.0,0,0,False
2233,1220 106 20240719 1,2024-07-19,2024,7,2024-07,1220,Padang Lawas Utara,Sumatera Utara,1220,kode,,0,"Manggala Agni bersama Babinsa dan Bhabinkamtibmas menerima laporan dari warga bahwasanya menemukan titik api (Hotspot) di Desa Baruhar Julu dan Desa Janji Matogu, pada sebuah lahan dengan vegetasi sawit, anakan kayu dan semak belukar dengan jenis tanah non gambut yang merupakan lahan milik masyarakat Penyebab kebakaran disebabkan oleh kelalaian pemilik lahan membuka lahan dengan cara membakar",,,0,0,False
2234,1105 106 20240719 1,2024-07-19,2024,7,2024-07,1105,Aceh Barat,Aceh,1105,kode,Meurebo Gp. Peunaga Cut Ujong Gp. Gunong Kleng; Johan Pahlawan Gp. Suak Nie Gp. Leuhan Gp. Seuneubok; Kaway Gp. Alue tampak,3,dalam penyelidikan,0.0,0.0,0,0,False
2235,1505 106 20240719 1,2024-07-19,2024,7,2024-07,1505,Muaro Jambi,Jambi,1505,kode,,0,,0.0,0.0,0,0,False
2236,1210 106 20240719 1,2024-07-19,2024,7,2024-07,1210,Labuhanbatu,Sumatera Utara,1210,kode,,0,Babinsa menerima laporan dari warga bahwasanya menemukan titik api pada sebuah lahan dengan vegetasi semak belukar dengan jenis tanah gambut yang merupakan lahan milik warga yang berlokasi di Desa Pasar Tiga. Penyebab kebakaran disebabkan oleh cuaca panas yang cukup ekstrim.,,,0,0,False
2237,1507 106 20240719 1,2024-07-19,2024,7,2024-07,1507,Tanjung Jabung Timur,Jambi,1507,kode,Dendang; Mendahara,2,Dalam penyelidikan,0.0,0.0,0,0,False
2238,6207 106 20240719 1,2024-07-19,2024,7,2024-07,6207,Seruyan,Kalimantan Tengah,6207,kode,,0,dalam tahap penyelidikan aparat penegak hukum sesuai wilayah kerja.,0.0,0.0,0,0,False
2239,1222 106 20240719 1,2024-07-19,2024,7,2024-07,1222,Labuhanbatu Selatan,Sumatera Utara,1222,kode,,0,"Manggala Agni menerima laporan dari warga bahwasanya menemukan titik api dititik korrdinat Lat, 1.76612 Long, 99.81293 pada sebuah lahan dengan vegetasi sawit, anakan kayu dan semak belukar dengan jenis tanah non gambut yang merupakan lahan milik masyarakat yang berlokasi di Desa Sampean Penyebab kebakaran disebabkan oleh cuaca panas yang cukup ekstrim",,,0,0,False
2240,6112 106 20240719 1,2024-07-19,2024,7,2024-07,6112,Kubu Raya,Kalimantan Barat,6112,kode,Sungai Kakap,1,belum diketahui,0.0,0.0,0,0,False
2241,1208 106 20240718 2,2024-07-18,2024,7,2024-07,1208,Simalungun,Sumatera Utara,1208,kode,,0,"Berdasarkan informasi dari Pangulu Sinar Naga Mariah kepada Camat Pamatang Silimahuta bahwa telah terjadi kebakaran hutan di Nagori Sinar Naga Maria kemudian menginfokan ke pos pemadam kebakaran Tiga Tunggu kecamatan Purba bahwa adanya sumber api dari perbukitan  untuk segera menuju TKP dan langsung melakukan upaya pemadaman api bersama Tim Pemadam Kebakaran BPBD Kabupaten Simalungun, Polsek, Koramil, perangkat Kecamatan dan Nagori",,,0,0,False
2242,3512 106 20240718 1,2024-07-18,2024,7,2024-07,3512,Situbondo,Jawa Timur,3512,kode,Panarukan,1,belum diketahui,0.0,0.0,0,0,False
2243,1210 106 20240718 1,2024-07-18,2024,7,2024-07,1210,Labuhanbatu,Sumatera Utara,1210,kode,,0,"Manggala Agni menerima laporan dari warga bahwasanya menemukan dua titik api dititik koordinat Lat, 2.60111 Long, 100.13107 Kelurahan Sei Berombang, Lat, 2.6104 Long 100.20108 Desa Sei Tawar dan Lat, 2.60242 Long, 100.18252 Desa Sei Berombang Kecamatan Panai Hilir dan dititik korrdinat Lat, 2.52375 Long, 100.18608 Desa Pasar Tiga Kecamatan Panai Tengah  pada sebuah lahan dengan vegetasi semak belukar, sawit dan pakisan dengan jenis tanah gambut milik warga yang berlokasi di Kecamatan Panai Hilir dan Kecamatan Panai Tengah Penyebab kebakaran disebabkan oleh cuaca panas yang cukup ekstrim.",,,0,0,False
2244,1201 106 20240718 1,2024-07-18,2024,7,2024-07,1201,Tapanuli Tengah,Sumatera Utara,1201,kode,,0,"Polres Tapanuli Tengah melaksanakan kegiatan pengecekan titik api (hotspot) dan menemukan ada 2 lokasi yang terdeteksi yaitu di Desa Siordang Kecamatan Sirandorung dan Desa Hopa Nauli Kecmatan Kolang dan personil dari Polres Tapteng dan BPBD Kab, Tapteng meluncur kelokasi dan mendapati lahan yang terbakar sudah padam. Penyebab dari kebakaran lahan adalah akibat kesengajaan pemilik lahan membersihkan lahan dengan cara membakar lahan.",,,0,0,False
2245,1208 106 20240718 1,2024-07-18,2024,7,2024-07,1208,Simalungun,Sumatera Utara,1208,kode,,0,"Berdasarkan informasi dari Pangulu Sinar Naga Mariah kepada Camat Pamatang Silimahuta bahwa telah terjadi kebakaran hutan di Dusun simpang bage, kemudian Camat bersama dengan pegawai kantor camat menuju TKP dan langsung melakukan upaya pemadaman api bersama Tim Pemadam Kebakaran BPBD Kabupaten Simalungun. Titik api Perbukitan/perengan dengan  cepat menyebar luas dikarenakan angin kencang.",,,0,0,False
2246,1206 106 20240718 1,2024-07-18,2024,7,2024-07,1206,Karo,Sumatera Utara,1206,kode,,0,"Berdasarkan informasi yang diperoleh, kebakaran Gunung Sipiso – Piso sudah terjadi sekitar pukul 10.30 Wib dilereng gunung yang berada di wilayah Kecamatan Pematang Silimahuta Kabupaten Simalungun dan dari pemantauan terus merambat kearah lereng gunung diberada diwilayah Kabupaten Karo. Sekitar Pukul 15.00 Wib, BPBD Kabupaten Karo, Manggala Agni Daops Sumatera I/Sibolangit, KPH 15, Koramil 02/Tigapanah, Polres Karo dan masyarakat sudah melakukan koordinasi untuk mengantisipasi api yang terus menjalar",,,0,0,False
2247,3512 106 20240718 2,2024-07-18,2024,7,2024-07,3512,Situbondo,Jawa Timur,3512,kode,Kendit,1,"Telah terjadi kebakaran hutan seluas 7.5 Ha pada hari Kamis, 18 Juli 2024, pkl. 20.03 WIB yang berada di Petak 44, RPH Kendit, BKPH Panarukan, KPH Bondowoso, Ds. Klatakan, KEc. Kendit. Hingga saat ini penyebab kebakaran masih dalam penyelidikan. Pada pkl. 22.30 WIB api berhasil dipadamkan.",0.0,0.0,0,0,False
2248,1217 106 20240718 1,2024-07-18,2024,7,2024-07,1217,Samosir,Sumatera Utara,1217,kode,,0,"Pihak BPBD Kabupaten Samosir menerima laporan telah terjadinya kebakaran lahan dengan vegetasi tanaman semak belukar dan ilalang di Kecamatan Sianjur Mulamula   Janji Matogu, Desa Hutagurgur, Desa Siboro-Simullop Desa Turpuk Sihotang   dan api terus merambat kelokasi yang lainnya hembusan angin yang begitu kencang ditambah musim kemarau yang masih berlangsung.   Penyebab terjadinya awal mula terjadinya kebakaran masih belum diketahui",,,0,0,False
2249,1101 106 20240717 1,2024-07-17,2024,7,2024-07,1101,Aceh Selatan,Aceh,1101,kode,Trumon   Gp. Ujong Tanoh; Meukek Gp. Rot Teungoh; Samadua Gp. Kuta Baro,3,belum diketahui,0.0,0.0,0,0,False
2250,6211 106 20240717 1,2024-07-17,2024,7,2024-07,6211,Pulang Pisau,Kalimantan Tengah,6211,kode,Sebangau Kuala Desa Sungai Jaya,1,Dalam pemeriksaan pihak berwajib.,0.0,0.0,0,0,False
2251,6206 106 20240717 1,2024-07-17,2024,7,2024-07,6206,Katingan,Kalimantan Tengah,6206,kode,Katingan Hilir,1,Dalam pemeriksaan pihak berwajib.,0.0,0.0,0,0,False
2252,3502 106 20240717 1,2024-07-17,2024,7,2024-07,3502,Ponorogo,Jawa Timur,3502,kode,Badegan,1,Api berasal dari atas bukit (penyebab belum diketahui),0.0,0.0,0,0,False
2253,1210 106 20240717 1,2024-07-17,2024,7,2024-07,1210,Labuhanbatu,Sumatera Utara,1210,kode,,0,"Manggala Agni menerima laporan dari warga bahwasanya menemukan titik api dititik korrdinat Lat, 2.65485 Long, 100.17799 pada sebuah lahan dengan vegetasi semak belukar dengan jenis tanah gambut yang merupakan hutan produksi yang berlokasi di Desa Wonosari Penyebab kebakaran disebabkan oleh cuaca panas yang cukup ekstrim.",,,0,0,False
2254,1608 106 20240717 1,2024-07-17,2024,7,2024-07,1608,Ogan Komering Ulu Timur,Sumatera Selatan,1608,kode,,0,,,,0,0,False
2255,1206 106 20240716 1,2024-07-16,2024,7,2024-07,1206,Karo,Sumatera Utara,1206,kode,,0,"BPBD Karo mendapatkan informasi dilapangan bahwasnya terjadi kebakaran lahan di kawasan Sukanalu Kecamatan Naman Teran dengan topografi bukit,vegetasi semak belukar ilalang, jenis tanah mineral dan status lahan yang terbakar adalah hutan lindung. Adapun penyebab kebakaran terindikasi dari kesengajaan warga membakar lahan dengan sengaja",,,0,0,False
2256,1217 106 20240716 1,2024-07-16,2024,7,2024-07,1217,Samosir,Sumatera Utara,1217,kode,,0,"Pihak BPBD Kabupaten Samosir menerima laporan telah terjadinya kebakaran lahan dengan vegetasi tanaman semak belukar dan ilalang di Kecamatan Sianjur Mulamula Siarubung, Sijukjuk Desa Boho Dolok Jonggol Desa Siparmahan Kecamatan Harian, dan api terus merambat kelokasi yang lainnya hembusan angin yang begitu kencang ditambah musim kemarau yang masih berlangsung. Penyebab terjadinya awal mula terjadinya kebakaran masih belum diketahui",,,0,0,False
2257,1610 106 20240716 1,2024-07-16,2024,7,2024-07,1610,Ogan Ilir,Sumatera Selatan,1610,kode,,0,,,,0,0,False
2258,6301 106 20240715 1,2024-07-15,2024,7,2024-07,6301,Tanah Laut,Kalimantan Selatan,6301,kode,,0,Masih dalam proses Penyelidikan,0.0,0.0,0,0,False
2259,6372 106 20240715 1,2024-07-15,2024,7,2024-07,6372,Kota Banjarbaru,Kalimantan Selatan,6372,kode,,0,Masih dalam proses Penyelidikan,0.0,0.0,0,0,False
2260,6303 106 20240715 1,2024-07-15,2024,7,2024-07,6303,Banjar,Kalimantan Selatan,6303,kode,,0,Masih dalam proses Penyelidikan,0.0,0.0,0,0,False
2261,1205 106 20240715 1,2024-07-15,2024,7,2024-07,1205,Langkat,Sumatera Utara,1205,kode,,0,"Manggala Agni mendeteksi adanya titik api di dua lokasi yang berbeda yang berada di Kecamatan Bahorok dan Besitang dilahan dengan vegetasi semak belukar, rambutan, petai, jengkol dengan jenis tanah non gambut yang merupakan lahan milik warga dan kawasan Taman Nasinal Gunung Leuser (TNGL). Penyebab kebakaran disebabkan oleh kelalaian pemilik lahan membuka lahan dengan cara membakar.",,,0,0,False
2262,3578 106 20240715 1,2024-07-15,2024,7,2024-07,3578,Kota Surabaya,Jawa Timur,3578,kode,Sambikerep,1,Dalam proses penyelidikan,0.0,0.0,0,0,False
2263,1217 106 20240715 1,2024-07-15,2024,7,2024-07,1217,Samosir,Sumatera Utara,1217,kode,,0,"Pihak BPBD Kabupaten Samosir menerima laporan telah terjadinya kebakaran lahan dengan vegetasi tanaman semak belukar dan ilalang di  Siarubung, Sijukjuk Desa Turpuk Limbong  Kecamatan Harian dan api terus merambat kelokasi yang lainnya hembusan angin yang begitu kencang ditambah musim kemarau yang masih berlangsung. Penyebab terjadinya awal mula terjadinya kebakaran masih belum diketahui",,,0,0,False
2264,1210 106 20240715 1,2024-07-15,2024,7,2024-07,1210,Labuhanbatu,Sumatera Utara,1210,kode,,0,"Manggala Agni menerima laporan dari warga bahwasanya menemukan titik api dititik korrdinat Lat, 2.66219 Long, 100.186112 pada sebuah lahan dengan vegetasi semak belukar dengan jenis tanah gambut yang merupakan lahan milik warga setempat yang berlokasi di Desa Wonosari. Penyebab kebakaran disebabkan oleh cuaca panas yang cukup ekstrim.",,,0,0,False
2265,3505 106 20240714 1,2024-07-14,2024,7,2024-07,3505,Blitar,Jawa Timur,3505,kode,Ponggok,1,"Pada hari Minggu, 14 Juli 2024 pukul 17.00 WIB telah terjadi kebakaran lahan tebu. Penyebab kebakaran diduga dari pembakaran daun tebu yang telah dipanen hingga menjalar ke sekitar. Kondisi terkini telah dilakukan pemadaman dan pembasahan pada pukul 19.00 WIB",0.0,0.0,0,0,False
2266,1220 106 20240714 1,2024-07-14,2024,7,2024-07,1220,Padang Lawas Utara,Sumatera Utara,1220,kode,,0,"Manggala Agni bersama dengan TNI/ POLRI melaksanakan patroli dan menemukan titik api  melalui aplikasi lancang kuning di sebuah lahan dengan vegetasi semak belukar, ilalang dengan jenis tanah non gambut yang merupakan lahan milik warga setempat dengan titik koordinat Lat, 1.48213 dan Long, 95.55886 yang berlokasi di Desa Padang Garugur. Penyebab kebakaran disebabkan oleh kelalaian pemilik lahan membuka lahan dengan cara membakar.",,,0,0,False
2267,1612 106 20240714 1,2024-07-14,2024,7,2024-07,1612,Penukal Abab Lematang Ilir,Sumatera Selatan,1612,kode,Talang Ubi,1,belum diketahui,0.0,0.0,0,0,False
2268,1217 106 20240714 1,2024-07-14,2024,7,2024-07,1217,Samosir,Sumatera Utara,1217,kode,,0,Pihak BPBD Kabupaten Samosir menerima laporan telah terjadinya kebakaran lahan dengan vegetasi tanaman semak belukar dan ilalang di Desa Turpuk Limbong Kecamatan Harian dan api terus merambat kelokasi yang lainnya hembusan angin yang begitu kencang ditambah musim kemarau yang masih berlangsung. Penyebab terjadinya masih belum dikethaui.,,,0,0,False
2269,1223 106 20240714 1,2024-07-14,2024,7,2024-07,1223,Labuhanbatu Utara,Sumatera Utara,1223,kode,,0,"Manggala Agni melalui aplikasi lancang kuning dengan titik api (hotspot) di sebuah lahan dengan vegetasi semak belukar dengan jenis tanah non gambut yang merupakan lahan milik warga setempat dengan titik koordinat Lat, 2.63662 dan Long, 100.20011 yang berlokasi di Desa Wonosari. Penyebab kebakaran disebabkan oleh cuaca panas yang cukup ekstrim",,,0,0,False
2270,3510 106 20240714 1,2024-07-14,2024,7,2024-07,3510,Banyuwangi,Jawa Timur,3510,kode,Banyuwangi,1,"Pada hari Minggu, 14 Juli 2024 pukul 17.30 WIB telah terjadi kebakaran lahan. Penyebab kebakaran dikarenakan oleh pembakaran sampah sembarangan sehingga merembet ke lahan sekitar. Kondisi terkini kebakaran telah padam dan telah dilakukan pembasahan pada pukul 20.30 WIB",0.0,0.0,0,0,False
2271,1210 106 20240714 1,2024-07-14,2024,7,2024-07,1210,Labuhanbatu,Sumatera Utara,1210,kode,,0,Koramil 04/LB menerima laporan dari warga bahwasanya menemukan titik api di sebuah lahan dengan vegetasi tanaman sawit dengan jenis tanah gambut yang merupakan lahan milik warga setempat yang berlokasi di Desa Sei Nadoharis. Penyebab kebakaran disebabkan oleh kelalaian pemilik lahan membuka lahan dengan cara membakar.,,,0,0,False
2272,6208 106 20240713 1,2024-07-13,2024,7,2024-07,6208,Sukamara,Kalimantan Tengah,6208,kode,Pantai Lunci,1,Masih dalam penyelidikan,0.0,0.0,0,0,False
2273,1217 106 20240713 1,2024-07-13,2024,7,2024-07,1217,Samosir,Sumatera Utara,1217,kode,Sianjur Mulamula; Pangururan,2,"Penyebab Kebakaran Hutan dan Lahan belum diketahui secara pasti. Namun, Api berawal dari Desa Hutaginjang Kecamatan Sianjur Mulamula menuju ke Kelurahan Siogung-ogung Kecamatan Pangururan. Api semakin membesar dan membakar alang-alang dan semak belukar. Besarnya api diperparah dengan hembusan angin dan musim kemarau yang terjadi di Kabupaten Samosir",0.0,0.0,0,0,False
2274,5313 106 20240712 1,2024-07-12,2024,7,2024-07,5313,Lembata,Nusa Tenggara Timur,5313,kode,,0,"Kebakaran hutan dan lahan (Karhutla) kembali terjadi di Kabupaten Lembata pada Jumat, (12/7) pukul 11:00 Wita. Kebakaran ini melanda dua lokasi berbeda, yaitu Ex Harnus dan padang depan PLTD Lamahora di Kelurahan Lewoleba Utara, Kecamatan Nubatukan, Kabupaten Lembata.",0.0,0.0,0,0,False
2275,5315 106 20240712 1,2024-07-12,2024,7,2024-07,5315,Manggarai Barat,Nusa Tenggara Timur,5315,kode,,0,"Pada Jumat, (12/07) pukul 09.30 wita telah terjadi kebakaran lahan perbukitan  di kawasan Hotel Plataran Komodo hingga Hotel Nawa Labuan Bajo. Angin yang cukup kencang serta lahan yang dipenuhi ilalang kering membuat api begitu cepat meluas hingga membuat tim susah mengendalikan api. Belum diketahui secara pasti penyebab kebakaran. Luas lahan yang terbakar diperkirakan mencapai 41 hektar.",0.0,0.0,0,0,False
2276,5313 106 20240710 1,2024-07-10,2024,7,2024-07,5313,Lembata,Nusa Tenggara Timur,5313,kode,,0,Masih dalam Penyelidikan,0.0,0.0,0,0,False
2277,1206 106 20240710 1,2024-07-10,2024,7,2024-07,1206,Karo,Sumatera Utara,1206,kode,Merek,1,Kebakaran Hutan dan Lahan yang merambat/meluas karena hembusan angin dan musim kemarau,0.0,0.0,0,0,False
2278,1106 106 20240707 1,2024-07-07,2024,7,2024-07,1106,Aceh Besar,Aceh,1106,kode,Syiah Utama,1,Dalam penyelidikan,0.0,0.0,0,0,False
2279,1220 106 20240706 1,2024-07-06,2024,7,2024-07,1220,Padang Lawas Utara,Sumatera Utara,1220,kode,,0,kelalaian dan pelaku pembakaran tersebut masih dalam penyelidikan.,,,0,0,False
2280,5371 106 20240705 1,2024-07-05,2024,7,2024-07,5371,Kota Kupang,Nusa Tenggara Timur,5371,kode,,0,"Telah terjadi kebakaran di kawasan hutan produksi, RTK 174, Kelurahan Fatukoa, Kecamatan Maulafa, Kota Kupang pada Senin (15/7) sekitar pukul 15:00 Wita. Api merambat dengan begitu cepat akibat rumput yang kering serta diperparah kondisi cuaca di lokasi yang panas disertai angin yang cukup kencang. Belum diketahui secara pasti apa penyebab kebakaran tersebut.",0.0,0.0,0,0,False
2281,1212 106 20240704 1,2024-07-04,2024,7,2024-07,1212,Toba,Sumatera Utara,1212,kode,,0,kesengajaan dengan membakar ranting kering dilahan tersebut,,,0,0,False
2282,1607 106 20240704 1,2024-07-04,2024,7,2024-07,1607,Banyuasin,Sumatera Selatan,1607,kode,,0,,,,0,0,False
2283,1223 106 20240703 1,2024-07-03,2024,7,2024-07,1223,Labuhanbatu Utara,Sumatera Utara,1223,kode,,0,"Bhabinkamtibmas melalui aplikasi lancang kuning dengan titik api (hotspot) di sebuah lahan dengan vegetasi tanaman sawit dengan  jenis tanah gambut yang merupakan lahan milik warga setempat dengan titik koordinat Lat, 2.7292 dan Long, 100.02733 yang berlokasi di Desa Tanjung Magendar. Penyebab kebakaran disebabkan oleh cuaca panas yang cukup ekstrim",,,0,0,False
2284,1115 106 20240703 1,2024-07-03,2024,7,2024-07,1115,Nagan Raya,Aceh,1115,kode,Kuala Pesisir Gampong Padang Manyang,1,Masih dalam penyelidikan,0.0,0.0,0,0,False
2285,1210 106 20240703 1,2024-07-03,2024,7,2024-07,1210,Labuhanbatu,Sumatera Utara,1210,kode,,0,"Manggala Agni melalui aplikasi lancang kuning dengan titik api (hotspot) di sebuah lahan dengan vegetasi tanaman sawit dan semak belukar dengan  jenis tanah gambut yang merupakan lahan hutan produksi dengan titik koordinat Lat, 2.2576 dan Long, 100.18448 yang berlokasi di Desa Sei Lumut Penyebab kebakaran disebabkan oleh cuaca panas yang cukup ekstrim.",,,0,0,False
2286,1221 106 20240703 1,2024-07-03,2024,7,2024-07,1221,Padang Lawas,Sumatera Utara,1221,kode,,0,"Manggala Agni melalui aplikasi lancang kuning dengan titik api (hotspot) di sebuah lahandengan vegetasi anakan kayu dan semak belukar dan jenis tanah non gambut dengan titik koordinat Lat, 0.99394 dan Long, 99.77975 yang berlokasi di Desa Harang Julu Penyebab kebakaran disebabkan oleh kelalaian pemilik lahan membuka lahan kosong dengan cara membakar.",,,0,0,False
2287,1506 106 20240701 1,2024-07-01,2024,7,2024-07,1506,Tanjung Jabung Barat,Jambi,1506,kode,,0,,0.0,0.0,0,0,False
2288,1220 106 20240701 1,2024-07-01,2024,7,2024-07,1220,Padang Lawas Utara,Sumatera Utara,1220,kode,,0,kelalaian dan pelaku pembakaran tersebut masih dalam penyelidikan.,,,0,0,False
2289,1210 106 20240627 1,2024-06-27,2024,6,2024-06,1210,Labuhanbatu,Sumatera Utara,1210,kode,,0,"Personil dari Polsek Merbau melalui aplikasi lancang kuning menemukan titik api dan membakar lahan masyarakat dengan vegetasi replanting karet,",,,0,0,False
2290,1209 106 20240627 1,2024-06-27,2024,6,2024-06,1209,Asahan,Sumatera Utara,1209,kode,,0,Polsek Bandar Pulau dan perangkat Desa melakukan patroli dan pemantauan disekitar Desa Tangga dan  menemukan adanya titik api dilahan milik warga dengan vegetasi semak belukar dan anakan kayu ditanah non gambut. Penyebab kebakaran karena disengaja untuk pembersihan lahan supaya bisa ditanami dengan tanaman yang baru,,,0,0,False
2291,6205 106 20240626 1,2024-06-26,2024,6,2024-06,6205,Barito Utara,Kalimantan Tengah,6205,kode,Teweh Selatan,1,Masih dalam penyelidikan,0.0,0.0,0,0,False
2292,1220 106 20240626 1,2024-06-26,2024,6,2024-06,1220,Padang Lawas Utara,Sumatera Utara,1220,kode,,0,"Manggala Agni melalui aplikasi lancang kuning menemukan titik api dan membakar hutan produksi terbatas (HPT)dengan vegetasi anakan kayu dan semak belukar, penyebab kebakaran karena pemilik lahan sengaja membakar untuk membersihkan lahan.",,,0,0,False
2293,6271 106 20240626 1,2024-06-26,2024,6,2024-06,6271,Kota Palangkaraya,Kalimantan Tengah,6271,kode,Jekan Raya,1,Masih dalam penyelidikan,0.0,0.0,0,0,False
2294,1211 106 20240626 1,2024-06-26,2024,6,2024-06,1211,Dairi,Sumatera Utara,1211,kode,,0,Polsek Dairi yang sedang melaksanakan patroli Karhutla mendapatkan laporan dari masyarakat bahwasanya terjadi kebakaran dilahan milik masyarakat dengan vegetasi semak belukar ditanah non gambut. Penyebab kebakaran akibat kesengajaan pemilik lahan membersihkan lahan miliknya dengan cara membakar.,,,0,0,False
2295,1674 106 20240623 1,2024-06-23,2024,6,2024-06,1674,Kota Prabumulih,Sumatera Selatan,1674,kode,Cambai,1,Terjadi kebakaran lahan pada pukul 12.47 WIB di Desa Muara Sungai Kec. Cambai Kota Prabumulih.,0.0,0.0,0,0,False
2296,1610 106 20240622 1,2024-06-22,2024,6,2024-06,1610,Ogan Ilir,Sumatera Selatan,1610,kode,Pemulutan Barat,1,belum diketahui,0.0,0.0,0,0,False
2297,3514 106 20240622 1,2024-06-22,2024,6,2024-06,3514,Pasuruan,Jawa Timur,3514,kode,Tosari,1,"Pada hari Sabtu 22 Juni 2024 telah terjadi kebakaran hutan di kawasan Gunung Bromo, penyebab kebakaran belum diketahui. Kendala: Angin dilokasi kejadian cukup kencang, sehingga mengakibatkan api semakin meluas hingga ke puncak Gn. Batok #Update 22 Juni 2024 Pkl. 14.00 WIB -Pada hari Sabtu, 22 Juni 2024 telah terjadi kebakaran hutan di kawasan Gunung Bromo, penyebab kebakaran belum diketahui. -Saat ini Personil BPBD Prov. Jatim dan BPBD Kab. Probolinggo sedang melakukan upaya pemadaman secara manual menggunakan Gepyok dan dibantu oleh Tim TNBTS serta masyarakat sekitar. -Titik Api masih terlihat -Cuaca Cerah #Update 22 Juni 2024 Pkl. 17.30 WIB -Pada hari Sabtu, 22 Juni 2024 sekitar pukul 08.00 WIB telah terjadi kebakaran hutan di kawasan Gunung Batok, penyebab kebakaran belum diketahui. -Tim TRC BPBD Prov. Jatim melakukan upaya pemadaman di lokasi kejadian menggunakan Jetshooter dan Gepyok -Saat ini tim gabungan masih terus melakukan upaya pemadaman secara manual menggunakan Gepyok dan Penyemprotan air -Kondisi saat ini api belum padam secara keseluruhan -Cuaca cerah #Update 22 Juni 2024 Pkl. 20.30 WIB -Beberapa titik api sudah padam dan dilakukan proses pembasahan oleh TRC BPBD Prov. Jatim dan Tim Gabungan -Kondisi saat ini titik api hanya berada di sebelah barat Gunung Batok sehingga dilakukan proses pemadaman menggunakan Jetshooter dan Gepyok oleh TRC BPBD Prov. Jatim serta Tim Gabungan -Cuaca saat ini terpantau : Cerah #Update 22 Juni 2024 Pkl. 22.25 WIB -Kondisi saat ini titik api di sebelah barat Gunung Batok sudah mulai padam, hanya menyisahkan bara api -Malam ini Tim Kedua TRC BPBD Prov. Jatim berangkat menuju lokasi kejadian dengan membawa peralatan serta logistik berupa: 1. Gepyok 20 buah 2. Air Mineral 10 karton 3. Velbet 5 pcs 4. Selimut 20 pcs 5. Helm 4 pcs 6. Sepatu boots 5 pasang -Saat ini TRC BPBD Prov. Jatim dan Tim Gabungan kembali ke Pos masing - masing, untuk pemadaman dan pembasahan akan dilanjutkan Hari Minggu (23/06/2024) -Cuaca saat ini terpantau : Cerah #Update 23 Juni 2024 Pkl. 06.00 WIB -Kepulan asap masih terpantau di wilayah Gunung Batok -Rencana pagi ini akan dilakukan patroli oleh TRC BPBD Prov. Jatim dan Tim Gabungan guna memantau kondisi kebakaran hutan di wilayah Gunung Batok -Sudah tidak terpantau titik panas di website SiPongi di Wilayah Gunung Batok -Cuaca saat ini terpantau : Cerah #Update 23 Juni 2024 Pkl. 12.00 WIB Perkembangan: - Kondisi saat ini sudah tidak terlihat kepulan asap di sisi barat dan selatan Gn. Batok - TRC BPBD Prov. Jatim dan Tim Gabungan melakukan patroli guna memantau kondisi kebakaran hutan di wilayah Gn. Batok - Sudah tidak terpantau titik panas di website SiPongi di Wilayah Gn. Batok - Cuaca saat ini terpantau : Cerah #Update 23 Juni 2024 Pkl. 18.00 WIB - TRC PB BPBD Prov. Jatim beserta Tim Gabungan melakukan pembasahan sisa kebakaran guna memastikan agar api tidak muncul kembali - Kondisi api telah padam total - Cuaca saat ini terpantau : Cerah",0.0,0.0,0,0,False
2298,1106 106 20240622 1,2024-06-22,2024,6,2024-06,1106,Aceh Besar,Aceh,1106,kode,Kuta Malaka,1,Dugaan sementara akibat pembakaran sampah yang dilakukan tanpa pengawasan.,0.0,0.0,0,0,False
2299,1613 106 20240622 1,2024-06-22,2024,6,2024-06,1613,Musi Rawas Utara,Sumatera Selatan,1613,kode,Rupit Desa Batu Gajah,1,"berdasarkan tim patroli kebakaran hutan, kebun dan lahan di temukan lahan yang terbakar di pingir jalan lintas sumatera di Desa Batu Gajah Kec. Rupit",0.0,0.0,0,0,False
2300,3401 106 20240621 1,2024-06-21,2024,6,2024-06,3401,Kulon Progo,Daerah Istimewa Yogyakarta,3401,kode,,0,Dugaan sementara membakar sampah yang apinya merambat kearah perkebunan jati yang kurang lebih luas 6 hektar.,,,0,0,False
2301,5206 106 20240619 1,2024-06-19,2024,6,2024-06,5206,Bima,Nusa Tenggara Barat,5206,kode,Soromandi,1,Diduga adanya pembakaran secara sengaja oleh seseorang dan atau puntung rokok yang di buang oleh masyarakat,0.0,0.0,0,0,False
2302,3514 106 20240618 1,2024-06-18,2024,6,2024-06,3514,Pasuruan,Jawa Timur,3514,kode,Tosari,1,Masih dalam penyelidikan,0.0,0.0,0,0,False
2303,5206 106 20240616 1,2024-06-16,2024,6,2024-06,5206,Bima,Nusa Tenggara Barat,5206,kode,,0,,0.0,0.0,0,0,False
2304,1210 106 20240612 1,2024-06-12,2024,6,2024-06,1210,Labuhanbatu,Sumatera Utara,1210,kode,,0,"Manggala Agni dan Polsek Panai Hilir melalui aplikasi lancang kuning menemukan titik api dan membakar lahan milik masyarakat dengan vegetasi sawit,ilalang dan semak belukar, penyebab kebakaran karena cuaca panas yang sangat ekstrim sehingga menimbulkan api dengan sendirinya.",,,0,0,False
2305,1205 106 20240606 1,2024-06-06,2024,6,2024-06,1205,Langkat,Sumatera Utara,1205,kode,,0,Tim patroli terpadu dan perangkat Desa sedang melaksanakan patroli karhutla dan mendeteksi adanya titik api melui aplikasi lancang kuning dan menemukan lokasi kebakaran lahan milik masyarakat dengan vegetasi semak belukar. Kebakaran lahan terjadi akibat cuaca panas yang cukup ekstrim,,,0,0,False
2306,1505 106 20240531 1,2024-05-31,2024,5,2024-05,1505,Muaro Jambi,Jambi,1505,kode,,0,,0.0,0.0,0,0,False
2307,1210 106 20240529 1,2024-05-29,2024,5,2024-05,1210,Labuhanbatu,Sumatera Utara,1210,kode,,0,Penyebab kebakaran karena cuaca panas yang sangat ekstrim sehingga menimbulkan api dengan sendirinya.,,,0,0,False
2308,1106 106 20240529 1,2024-05-29,2024,5,2024-05,1106,Aceh Besar,Aceh,1106,kode,Lhoknga,1,"Kondisi cuaca yang panas terik membuat lahan mudah terbakar, dan juga disebabkan pembuangan puntung rokok sembarangan",0.0,0.0,0,0,False
2309,1101 106 20240527 1,2024-05-27,2024,5,2024-05,1101,Aceh Selatan,Aceh,1101,kode,Bakongan,1,Dalam penyelidikan,0.0,0.0,0,0,False
2310,1402 106 20240523 1,2024-05-23,2024,5,2024-05,1402,Indragiri Hulu,Riau,1402,kode,Rengat,1,Dalam proses penyelidikan,0.0,0.0,0,0,False
2311,1222 106 20240519 1,2024-05-19,2024,5,2024-05,1222,Labuhanbatu Selatan,Sumatera Utara,1222,kode,,0,penyebab kebakaran karena cuaca panas yang sangat ekstrim sehingga menimbulkan api dengan sendirinya.,,,0,0,False
2312,1223 106 20240519 1,2024-05-19,2024,5,2024-05,1223,Labuhanbatu Utara,Sumatera Utara,1223,kode,,0,penyebab kebakaran karena cuaca panas yang sangat ekstrim sehingga menimbulkan api dengan sendirinya.,,,0,0,False
2313,1506 106 20240515 1,2024-05-15,2024,5,2024-05,1506,Tanjung Jabung Barat,Jambi,1506,kode,,0,,0.0,0.0,0,0,False
2314,3516 106 20240512 1,2024-05-12,2024,5,2024-05,3516,Mojokerto,Jawa Timur,3516,kode,Puri,1,Dipicu oleh pembakaran sampah,0.0,0.0,0,0,False
2315,1223 106 20240503 1,2024-05-03,2024,5,2024-05,1223,Labuhanbatu Utara,Sumatera Utara,1223,kode,,0,Terjadi kebakaran lahan non gambut dengan vegetasi anakan kayu penyebab kebakaran karena cuaca panas yang sangat ekstrim sehingga menimbulkan api dengan sendirinya.,,,0,0,False
2316,1210 106 20240503 1,2024-05-03,2024,5,2024-05,1210,Labuhanbatu,Sumatera Utara,1210,kode,,0,Penyebab kebakaran karena cuaca panas yang sangat ekstrim sehingga menimbulkan api dengan sendirinya.,,,0,0,False
2317,6402 106 20240502 1,2024-05-02,2024,5,2024-05,6402,Kutai Kartanegara,Kalimantan Timur,6402,kode,,0,,0.0,0.0,0,0,False
2318,6408 106 20240427 1,2024-04-27,2024,4,2024-04,6408,Kutai Timur,Kalimantan Timur,6408,kode,,0,,0.0,0.0,0,0,False
2319,6402 106 20240426 1,2024-04-26,2024,4,2024-04,6402,Kutai Kartanegara,Kalimantan Timur,6402,kode,,0,,0.0,0.0,0,0,False
2320,6408 106 20240426 1,2024-04-26,2024,4,2024-04,6408,Kutai Timur,Kalimantan Timur,6408,kode,,0,,0.0,0.0,0,0,False
2321,6408 106 20240424 1,2024-04-24,2024,4,2024-04,6408,Kutai Timur,Kalimantan Timur,6408,kode,,0,,0.0,0.0,0,0,False
2322,6472 106 20240423 1,2024-04-23,2024,4,2024-04,6472,Kota Samarinda,Kalimantan Timur,6472,kode,,0,,0.0,0.0,0,0,False
2323,6402 106 20240423 1,2024-04-23,2024,4,2024-04,6402,Kutai Kartanegara,Kalimantan Timur,6402,kode,,0,,0.0,0.0,0,0,False
2324,1117 106 20240423 1,2024-04-23,2024,4,2024-04,1117,Bener Meriah,Aceh,1117,kode,Syiah Utama,1,"Laporan Dari Pemilik Lahan Atas nama Bukhari, telah terjadi kebakaran lahan yang tidak bisa dikendalikan oleh pemilik lahan.",0.0,0.0,0,0,False
2325,6408 106 20240421 2,2024-04-21,2024,4,2024-04,6408,Kutai Timur,Kalimantan Timur,6408,kode,,0,,0.0,0.0,0,0,False
2326,6408 106 20240421 3,2024-04-21,2024,4,2024-04,6408,Kutai Timur,Kalimantan Timur,6408,kode,,0,,0.0,0.0,0,0,False
2327,6472 106 20240421 3,2024-04-21,2024,4,2024-04,6472,Kota Samarinda,Kalimantan Timur,6472,kode,,0,,0.0,0.0,0,0,False
2328,6472 106 20240421 2,2024-04-21,2024,4,2024-04,6472,Kota Samarinda,Kalimantan Timur,6472,kode,,0,,0.0,0.0,0,0,True
2329,6472 106 20240421 1,2024-04-21,2024,4,2024-04,6472,Kota Samarinda,Kalimantan Timur,6472,kode,,0,,0.0,0.0,0,0,False
2330,6408 106 20240421 1,2024-04-21,2024,4,2024-04,6408,Kutai Timur,Kalimantan Timur,6408,kode,,0,,0.0,0.0,0,0,False
2331,6101 106 20240420 1,2024-04-20,2024,4,2024-04,6101,Sambas,Kalimantan Barat,6101,kode,Jawai,1,belum diketahui,0.0,0.0,0,0,False
2332,6472 106 20240420 1,2024-04-20,2024,4,2024-04,6472,Kota Samarinda,Kalimantan Timur,6472,kode,,0,,0.0,0.0,0,0,False
2333,6408 106 20240420 1,2024-04-20,2024,4,2024-04,6408,Kutai Timur,Kalimantan Timur,6408,kode,,0,,0.0,0.0,0,0,False
2334,6408 106 20240419 1,2024-04-19,2024,4,2024-04,6408,Kutai Timur,Kalimantan Timur,6408,kode,,0,,0.0,0.0,0,0,False
2335,6474 106 20240419 1,2024-04-19,2024,4,2024-04,6474,Kota Bontang,Kalimantan Timur,6474,kode,,0,,0.0,0.0,0,0,False
2336,6402 106 20240418 1,2024-04-18,2024,4,2024-04,6402,Kutai Kartanegara,Kalimantan Timur,6402,kode,,0,,0.0,0.0,0,0,False
2337,6408 106 20240418 1,2024-04-18,2024,4,2024-04,6408,Kutai Timur,Kalimantan Timur,6408,kode,,0,,0.0,0.0,0,0,False
2338,6408 106 20240416 1,2024-04-16,2024,4,2024-04,6408,Kutai Timur,Kalimantan Timur,6408,kode,,0,,0.0,0.0,0,0,False
2339,6472 106 20240416 1,2024-04-16,2024,4,2024-04,6472,Kota Samarinda,Kalimantan Timur,6472,kode,,0,,0.0,0.0,0,0,False
2340,6402 106 20240415 1,2024-04-15,2024,4,2024-04,6402,Kutai Kartanegara,Kalimantan Timur,6402,kode,,0,,0.0,0.0,0,0,False
2341,6472 106 20240414 1,2024-04-14,2024,4,2024-04,6472,Kota Samarinda,Kalimantan Timur,6472,kode,,0,,0.0,0.0,0,0,False
2342,6402 106 20240414 3,2024-04-14,2024,4,2024-04,6402,Kutai Kartanegara,Kalimantan Timur,6402,kode,,0,,0.0,0.0,0,0,False
2343,6402 106 20240414 2,2024-04-14,2024,4,2024-04,6402,Kutai Kartanegara,Kalimantan Timur,6402,kode,,0,,0.0,0.0,0,0,False
2344,6402 106 20240414 1,2024-04-14,2024,4,2024-04,6402,Kutai Kartanegara,Kalimantan Timur,6402,kode,,0,,0.0,0.0,0,0,True
2345,6474 106 20240414 1,2024-04-14,2024,4,2024-04,6474,Kota Bontang,Kalimantan Timur,6474,kode,,0,,0.0,0.0,0,0,False
2346,2105 106 20240414 1,2024-04-14,2024,4,2024-04,2105,Kepulauan Anambas,Kepulauan Riau,2105,kode,,0,Sumber api tidak diketahui,0.0,0.0,0,0,False
2347,1223 106 20240414 2,2024-04-14,2024,4,2024-04,1223,Labuhanbatu Utara,Sumatera Utara,1223,kode,,0,Cuaca panas yang cukup ekstrim.,,,0,0,False
2348,1223 106 20240414 1,2024-04-14,2024,4,2024-04,1223,Labuhanbatu Utara,Sumatera Utara,1223,kode,,0,"Manggala Agni beserta Babinsa, Bhabinkamtibmas melalui aplikasi lancang kuning menemukan titik api (hotspot) di titik koordinat Lat. 2.46548 dan Long, 99.53491 yang berlokasi diwilayah kauluh Selatan dengan vegetasi anakan kayu, jenis tanah non gambut milik warga setempat.   Adapun penyebab kebakaran lahan tersebut akibat cuaca panas yang cukup ekstrim.",,,0,0,False
2349,6409 106 20240413 1,2024-04-13,2024,4,2024-04,6409,Penajam Paser Utara,Kalimantan Timur,6409,kode,Penajam,1,Masih dalam penyelidikan,0.0,0.0,0,0,False
2350,6474 106 20240413 1,2024-04-13,2024,4,2024-04,6474,Kota Bontang,Kalimantan Timur,6474,kode,,0,,0.0,0.0,0,0,False
2351,6402 106 20240413 1,2024-04-13,2024,4,2024-04,6402,Kutai Kartanegara,Kalimantan Timur,6402,kode,,0,,0.0,0.0,0,0,False
2352,6472 106 20240412 1,2024-04-12,2024,4,2024-04,6472,Kota Samarinda,Kalimantan Timur,6472,kode,,0,,0.0,0.0,0,0,False
2353,6474 106 20240411 1,2024-04-11,2024,4,2024-04,6474,Kota Bontang,Kalimantan Timur,6474,kode,Bontang Selatan,1,belum diketahui,0.0,0.0,0,0,False
2354,1217 106 20240410 1,2024-04-10,2024,4,2024-04,1217,Samosir,Sumatera Utara,1217,kode,,0,Cuaca panas yang cukup ekstrim.,,,0,0,False
2355,1275 106 20240408 1,2024-04-08,2024,4,2024-04,1275,Kota Binjai,Sumatera Utara,1275,kode,,0,Cuaca panas yang cukup ekstrim.,,,0,0,False
2356,1102 106 20240407 1,2024-04-07,2024,4,2024-04,1102,Aceh Tenggara,Aceh,1102,kode,Tanoh Alas,1,Dalam proses penyelidikan,0.0,0.0,0,0,False
2357,1217 106 20240407 1,2024-04-07,2024,4,2024-04,1217,Samosir,Sumatera Utara,1217,kode,,0,Cuaca panas yang cukup ekstrim.,,,0,0,False
2358,2102 106 20240406 1,2024-04-06,2024,4,2024-04,2102,Karimun,Kepulauan Riau,2102,kode,,0,Sumber api tidak diketahui,0.0,0.0,0,0,False
2359,1210 106 20240406 1,2024-04-06,2024,4,2024-04,1210,Labuhanbatu,Sumatera Utara,1210,kode,,0,kelalaian masyarakat dengan cara membakar unutk membuka lahan baru.,,,0,0,False
2360,1117 106 20240406 1,2024-04-06,2024,4,2024-04,1117,Bener Meriah,Aceh,1117,kode,Bandar,1,Masih Dalam Penyelidikan,0.0,0.0,0,0,False
2361,1206 106 20240406 1,2024-04-06,2024,4,2024-04,1206,Karo,Sumatera Utara,1206,kode,,0,Cuaca panas yang cukup ekstrim.,,,0,0,False
2362,6471 106 20240406 1,2024-04-06,2024,4,2024-04,6471,Kota Balikpapan,Kalimantan Timur,6471,kode,,0,,0.0,0.0,0,0,False
2363,6474 106 20240406 1,2024-04-06,2024,4,2024-04,6474,Kota Bontang,Kalimantan Timur,6474,kode,Bontang Selatan,1,Mako BPBD menerima informasi dari Radio PMK mengenai adanya titik api di sekitar wilayah Jalan Soekarno Hatta (Jalur Pipa Pertagas) Kelurahan Bontang Lestari Kecamatan Bontang Selatan,0.0,0.0,0,0,False
2364,6407 106 20240405 1,2024-04-05,2024,4,2024-04,6407,Kutai Barat,Kalimantan Timur,6407,kode,,0,,0.0,0.0,0,0,False
2365,6402 106 20240405 1,2024-04-05,2024,4,2024-04,6402,Kutai Kartanegara,Kalimantan Timur,6402,kode,,0,,0.0,0.0,0,0,False
2366,1106 106 20240404 1,2024-04-04,2024,4,2024-04,1106,Aceh Besar,Aceh,1106,kode,Peukan Bada,1,Dalam penyelidikan,0.0,0.0,0,0,False
2367,6474 106 20240404 1,2024-04-04,2024,4,2024-04,6474,Kota Bontang,Kalimantan Timur,6474,kode,,0,,0.0,0.0,0,0,False
2368,6407 106 20240403 1,2024-04-03,2024,4,2024-04,6407,Kutai Barat,Kalimantan Timur,6407,kode,,0,,0.0,0.0,0,0,False
2369,6472 106 20240403 1,2024-04-03,2024,4,2024-04,6472,Kota Samarinda,Kalimantan Timur,6472,kode,,0,,0.0,0.0,0,0,False
2370,1205 106 20240403 1,2024-04-03,2024,4,2024-04,1205,Langkat,Sumatera Utara,1205,kode,,0,Cuaca panas yang cukup ekstrim.,,,0,0,False
2371,2101 106 20240402 1,2024-04-02,2024,4,2024-04,2101,Bintan,Kepulauan Riau,2101,kode,Seri Kuala,1,Dalam penyelidikan,0.0,0.0,0,0,False
2372,2102 106 20240402 1,2024-04-02,2024,4,2024-04,2102,Karimun,Kepulauan Riau,2102,kode,,0,Sumber api tidak diketahui,0.0,0.0,0,0,False
2373,1117 106 20240330 1,2024-03-30,2024,3,2024-03,1117,Bener Meriah,Aceh,1117,kode,Syiah Utama,1,Dalam proses penyelidikan,0.0,0.0,0,0,False
2374,1205 106 20240329 1,2024-03-29,2024,3,2024-03,1205,Langkat,Sumatera Utara,1205,kode,,0,Cuaca panas yang cukup ekstrim.,,,0,0,False
2375,1221 106 20240329 1,2024-03-29,2024,3,2024-03,1221,Padang Lawas,Sumatera Utara,1221,kode,,0,Cuaca panas yang cukup ekstrim.,,,0,0,False
2376,6472 106 20240326 1,2024-03-26,2024,3,2024-03,6472,Kota Samarinda,Kalimantan Timur,6472,kode,,0,,0.0,0.0,0,0,False
2377,6402 106 20240326 1,2024-03-26,2024,3,2024-03,6402,Kutai Kartanegara,Kalimantan Timur,6402,kode,,0,,0.0,0.0,0,0,False
2378,6402 106 20240326 2,2024-03-26,2024,3,2024-03,6402,Kutai Kartanegara,Kalimantan Timur,6402,kode,,0,,0.0,0.0,0,0,False
2379,6407 106 20240324 1,2024-03-24,2024,3,2024-03,6407,Kutai Barat,Kalimantan Timur,6407,kode,,0,,0.0,0.0,0,0,False
2380,6472 106 20240324 2,2024-03-24,2024,3,2024-03,6472,Kota Samarinda,Kalimantan Timur,6472,kode,,0,,0.0,0.0,1,0,False
2381,6472 106 20240324 1,2024-03-24,2024,3,2024-03,6472,Kota Samarinda,Kalimantan Timur,6472,kode,,0,,0.0,0.0,0,0,False
2382,6408 106 20240323 1,2024-03-23,2024,3,2024-03,6408,Kutai Timur,Kalimantan Timur,6408,kode,,0,,0.0,0.0,0,0,False
2383,2101 106 20240322 1,2024-03-22,2024,3,2024-03,2101,Bintan,Kepulauan Riau,2101,kode,Seri Kuala Lobam; Bintan Utara,2,belum diketahui,0.0,0.0,0,0,False
2384,1205 106 20240322 1,2024-03-22,2024,3,2024-03,1205,Langkat,Sumatera Utara,1205,kode,,0,Cuaca panas yang cukup ekstrim.,,,0,0,False
2385,2103 106 20240321 1,2024-03-21,2024,3,2024-03,2103,Natuna,Kepulauan Riau,2103,kode,,0,belum diketahui,0.0,0.0,0,0,False
2386,6472 106 20240320 1,2024-03-20,2024,3,2024-03,6472,Kota Samarinda,Kalimantan Timur,6472,kode,,0,,0.0,0.0,0,0,False
2387,1223 106 20240320 1,2024-03-20,2024,3,2024-03,1223,Labuhanbatu Utara,Sumatera Utara,1223,kode,,0,Cuaca panas yang cukup ekstrim.,,,0,0,False
2388,2102 106 20240320 1,2024-03-20,2024,3,2024-03,2102,Karimun,Kepulauan Riau,2102,kode,,0,belum diketahui,0.0,0.0,0,0,False
2389,2103 106 20240320 1,2024-03-20,2024,3,2024-03,2103,Natuna,Kepulauan Riau,2103,kode,,0,belum diketahui,0.0,0.0,0,0,False
2390,2101 106 20240320 1,2024-03-20,2024,3,2024-03,2101,Bintan,Kepulauan Riau,2101,kode,,0,belum diketahui,0.0,0.0,0,0,False
2391,1210 106 20240320 1,2024-03-20,2024,3,2024-03,1210,Labuhanbatu,Sumatera Utara,1210,kode,,0,Cuaca panas yang cukup ekstrim.,,,0,0,False
2392,6402 106 20240319 1,2024-03-19,2024,3,2024-03,6402,Kutai Kartanegara,Kalimantan Timur,6402,kode,,0,,0.0,0.0,0,0,False
2393,2102 106 20240319 1,2024-03-19,2024,3,2024-03,2102,Karimun,Kepulauan Riau,2102,kode,,0,belum diketahui,0.0,0.0,0,0,False
2394,6472 106 20240319 1,2024-03-19,2024,3,2024-03,6472,Kota Samarinda,Kalimantan Timur,6472,kode,,0,,0.0,0.0,0,0,False
2395,1205 106 20240319 1,2024-03-19,2024,3,2024-03,1205,Langkat,Sumatera Utara,1205,kode,,0,Cuaca panas yang cukup ekstrim.,,,0,0,False
2396,2105 106 20240319 1,2024-03-19,2024,3,2024-03,2105,Kepulauan Anambas,Kepulauan Riau,2105,kode,,0,belum diketahui,0.0,0.0,0,0,False
2397,6402 106 20240319 2,2024-03-19,2024,3,2024-03,6402,Kutai Kartanegara,Kalimantan Timur,6402,kode,,0,,0.0,0.0,0,0,False
2398,2101 106 20240319 1,2024-03-19,2024,3,2024-03,2101,Bintan,Kepulauan Riau,2101,kode,,0,belum diketahui,0.0,0.0,0,0,False
2399,2101 106 20240318 1,2024-03-18,2024,3,2024-03,2101,Bintan,Kepulauan Riau,2101,kode,,0,belum diketahui,0.0,0.0,0,0,False
2400,1210 106 20240318 1,2024-03-18,2024,3,2024-03,1210,Labuhanbatu,Sumatera Utara,1210,kode,,0,Cuaca panas yang cukup ekstrim.,,,0,0,False
2401,6407 106 20240318 1,2024-03-18,2024,3,2024-03,6407,Kutai Barat,Kalimantan Timur,6407,kode,,0,,0.0,0.0,0,0,False
2402,1222 106 20240318 1,2024-03-18,2024,3,2024-03,1222,Labuhanbatu Selatan,Sumatera Utara,1222,kode,,0,Cuaca panas yang cukup ekstrim.,,,0,0,False
2403,6472 106 20240317 1,2024-03-17,2024,3,2024-03,6472,Kota Samarinda,Kalimantan Timur,6472,kode,,0,,0.0,0.0,0,0,False
2404,2101 106 20240317 1,2024-03-17,2024,3,2024-03,2101,Bintan,Kepulauan Riau,2101,kode,,0,belum diketahui,0.0,0.0,0,0,False
2405,2102 106 20240317 1,2024-03-17,2024,3,2024-03,2102,Karimun,Kepulauan Riau,2102,kode,Meral Barat,1,Dalam penyelidikan,0.0,0.0,0,0,False
2406,1223 106 20240317 1,2024-03-17,2024,3,2024-03,1223,Labuhanbatu Utara,Sumatera Utara,1223,kode,,0,Cuaca panas yang cukup ekstrim.,,,0,0,False
2407,2103 106 20240317 1,2024-03-17,2024,3,2024-03,2103,Natuna,Kepulauan Riau,2103,kode,,0,belum diketahui,0.0,0.0,0,0,False
2408,1208 106 20240317 1,2024-03-17,2024,3,2024-03,1208,Simalungun,Sumatera Utara,1208,kode,,0,Cuaca panas yang cukup ekstrim.,,,0,0,False
2409,6472 106 20240317 2,2024-03-17,2024,3,2024-03,6472,Kota Samarinda,Kalimantan Timur,6472,kode,,0,,0.0,0.0,0,0,False
2410,2103 106 20240316 1,2024-03-16,2024,3,2024-03,2103,Natuna,Kepulauan Riau,2103,kode,,0,belum diketahui,0.0,0.0,0,0,False
2411,1223 106 20240316 1,2024-03-16,2024,3,2024-03,1223,Labuhanbatu Utara,Sumatera Utara,1223,kode,,0,Cuaca panas yang cukup ekstrim.,,,0,0,False
2412,6409 106 20240316 1,2024-03-16,2024,3,2024-03,6409,Penajam Paser Utara,Kalimantan Timur,6409,kode,,0,,0.0,0.0,0,0,False
2413,6402 106 20240316 2,2024-03-16,2024,3,2024-03,6402,Kutai Kartanegara,Kalimantan Timur,6402,kode,,0,,0.0,0.0,0,0,False
2414,6402 106 20240316 1,2024-03-16,2024,3,2024-03,6402,Kutai Kartanegara,Kalimantan Timur,6402,kode,,0,,0.0,0.0,0,0,True
2415,2101 106 20240316 1,2024-03-16,2024,3,2024-03,2101,Bintan,Kepulauan Riau,2101,kode,,0,belum diketahui,0.0,0.0,0,0,False
2416,6472 106 20240316 1,2024-03-16,2024,3,2024-03,6472,Kota Samarinda,Kalimantan Timur,6472,kode,,0,,0.0,0.0,0,0,False
2417,1206 106 20240315 1,2024-03-15,2024,3,2024-03,1206,Karo,Sumatera Utara,1206,kode,,0,Cuaca panas yang cukup ekstrim.,,,0,0,False
2418,1209 106 20240315 1,2024-03-15,2024,3,2024-03,1209,Asahan,Sumatera Utara,1209,kode,,0,Cuaca panas yang cukup ekstrim.,,,0,0,False
2419,1223 106 20240315 1,2024-03-15,2024,3,2024-03,1223,Labuhanbatu Utara,Sumatera Utara,1223,kode,,0,Cuaca panas yang cukup ekstrim.,,,0,0,False
2420,2101 106 20240315 1,2024-03-15,2024,3,2024-03,2101,Bintan,Kepulauan Riau,2101,kode,Seri Kuala,1,belum diketahui,0.0,0.0,0,0,False
2421,6402 106 20240315 1,2024-03-15,2024,3,2024-03,6402,Kutai Kartanegara,Kalimantan Timur,6402,kode,,0,,0.0,0.0,0,0,False
2422,2103 106 20240315 1,2024-03-15,2024,3,2024-03,2103,Natuna,Kepulauan Riau,2103,kode,,0,belum diketahui,0.0,0.0,0,0,False
2423,1207 106 20240315 1,2024-03-15,2024,3,2024-03,1207,Deli Serdang,Sumatera Utara,1207,kode,,0,Cuaca panas yang cukup ekstrim.,,,0,0,False
2424,1205 106 20240315 1,2024-03-15,2024,3,2024-03,1205,Langkat,Sumatera Utara,1205,kode,,0,Cuaca panas yang cukup ekstrim.,,,0,0,False
2425,1210 106 20240314 1,2024-03-14,2024,3,2024-03,1210,Labuhanbatu,Sumatera Utara,1210,kode,,0,Cuaca panas yang cukup ekstrim.,,,0,0,False
2426,2103 106 20240314 1,2024-03-14,2024,3,2024-03,2103,Natuna,Kepulauan Riau,2103,kode,,0,belum diketahui,0.0,0.0,0,0,False
2427,1207 106 20240314 1,2024-03-14,2024,3,2024-03,1207,Deli Serdang,Sumatera Utara,1207,kode,,0,Cuaca panas yang cukup ekstrim.,,,0,0,False
2428,2101 106 20240314 1,2024-03-14,2024,3,2024-03,2101,Bintan,Kepulauan Riau,2101,kode,,0,belum diketahui,0.0,0.0,0,0,False
2429,6472 106 20240314 1,2024-03-14,2024,3,2024-03,6472,Kota Samarinda,Kalimantan Timur,6472,kode,,0,,0.0,0.0,0,0,False
2430,1472 106 20240314 1,2024-03-14,2024,3,2024-03,1472,Kota Dumai,Riau,1472,kode,Bukit Kapur; Dumai Timur,2,belum diketahui masih dalam penyelidikan,0.0,0.0,0,0,False
2431,1205 106 20240314 1,2024-03-14,2024,3,2024-03,1205,Langkat,Sumatera Utara,1205,kode,,0,Cuaca panas yang cukup ekstrim.,,,0,0,False
2432,1223 106 20240314 1,2024-03-14,2024,3,2024-03,1223,Labuhanbatu Utara,Sumatera Utara,1223,kode,,0,Cuaca panas yang cukup ekstrim.,,,0,0,False
2433,2101 106 20240313 1,2024-03-13,2024,3,2024-03,2101,Bintan,Kepulauan Riau,2101,kode,Bintan,1,,0.0,0.0,0,0,False
2434,2102 106 20240313 1,2024-03-13,2024,3,2024-03,2102,Karimun,Kepulauan Riau,2102,kode,Tebing; Meral Barat,2,,0.0,0.0,0,0,False
2435,1210 106 20240313 1,2024-03-13,2024,3,2024-03,1210,Labuhanbatu,Sumatera Utara,1210,kode,,0,Cuaca panas yang cukup ekstrim.,,,0,0,False
2436,1205 106 20240313 1,2024-03-13,2024,3,2024-03,1205,Langkat,Sumatera Utara,1205,kode,,0,Cuaca panas yang cukup ekstrim.,,,0,0,False
2437,1117 106 20240312 1,2024-03-12,2024,3,2024-03,1117,Bener Meriah,Aceh,1117,kode,Bandar,1,dalam penyelidikan,0.0,0.0,0,0,False
2438,1205 106 20240312 1,2024-03-12,2024,3,2024-03,1205,Langkat,Sumatera Utara,1205,kode,,0,Cuaca panas yang cukup ekstrim hingga membakar lahan tersebut,,,0,0,False
2439,6402 106 20240311 1,2024-03-11,2024,3,2024-03,6402,Kutai Kartanegara,Kalimantan Timur,6402,kode,,0,,0.0,0.0,0,0,False
2440,2103 106 20240311 1,2024-03-11,2024,3,2024-03,2103,Natuna,Kepulauan Riau,2103,kode,,0,belum diketahui,0.0,0.0,0,0,False
2441,2101 106 20240310 1,2024-03-10,2024,3,2024-03,2101,Bintan,Kepulauan Riau,2101,kode,,0,belum diketahui,0.0,0.0,0,0,False
2442,1217 106 20240307 1,2024-03-07,2024,3,2024-03,1217,Samosir,Sumatera Utara,1217,kode,,0,Cuaca panas yang cukup ekstrim dan kesengajaan pemilik lahan membersihkan lahan miliknya dengan cara membakar supaya bisa ditanami tanaman yang baru,,,0,0,False
2443,1223 106 20240306 1,2024-03-06,2024,3,2024-03,1223,Labuhanbatu Utara,Sumatera Utara,1223,kode,,0,Cuaca panas yang cukup ekstrim dan kesengajaan pemilik lahan membersihkan lahan miliknya dengan cara membakar supaya bisa ditanami tanaman yang baru,,,0,0,False
2444,6408 106 20240305 1,2024-03-05,2024,3,2024-03,6408,Kutai Timur,Kalimantan Timur,6408,kode,,0,,0.0,0.0,0,0,False
2445,2103 106 20240304 1,2024-03-04,2024,3,2024-03,2103,Natuna,Kepulauan Riau,2103,kode,,0,belum diketahui,0.0,0.0,0,0,False
2446,6474 106 20240303 1,2024-03-03,2024,3,2024-03,6474,Kota Bontang,Kalimantan Timur,6474,kode,,0,,0.0,0.0,0,0,False
2447,6402 106 20240302 2,2024-03-02,2024,3,2024-03,6402,Kutai Kartanegara,Kalimantan Timur,6402,kode,,0,,0.0,0.0,0,0,False
2448,6407 106 20240302 1,2024-03-02,2024,3,2024-03,6407,Kutai Barat,Kalimantan Timur,6407,kode,,0,,0.0,0.0,0,0,False
2449,6402 106 20240302 1,2024-03-02,2024,3,2024-03,6402,Kutai Kartanegara,Kalimantan Timur,6402,kode,,0,,0.0,0.0,0,0,True
2450,6474 106 20240301 1,2024-03-01,2024,3,2024-03,6474,Kota Bontang,Kalimantan Timur,6474,kode,,0,,0.0,0.0,0,0,False
2451,1205 106 20240301 1,2024-03-01,2024,3,2024-03,1205,Langkat,Sumatera Utara,1205,kode,,0,Cuaca panas yang cukup ekstrim dan kesengajaan pemilik lahan membersihkan lahan miliknya dengan cara membakar supaya bisa ditanami tanaman yang baru,,,0,0,False
2452,2102 106 20240301 1,2024-03-01,2024,3,2024-03,2102,Karimun,Kepulauan Riau,2102,kode,,0,belum diketahui,0.0,0.0,0,0,False
2453,1211 106 20240301 1,2024-03-01,2024,3,2024-03,1211,Dairi,Sumatera Utara,1211,kode,,0,Cuaca panas yang cukup ekstrim dan kesengajaan pemilik lahan membersihkan lahan miliknya dengan cara membakar supaya bisa ditanami tanaman yang baru,,,0,0,False
2454,1218 106 20240301 1,2024-03-01,2024,3,2024-03,1218,Serdang Bedagai,Sumatera Utara,1218,kode,,0,Cuaca panas yang cukup ekstrim dan kesengajaan pemilik lahan membersihkan lahan miliknya dengan cara membakar supaya bisa ditanami tanaman yang baru,,,0,0,False
2455,1210 106 20240301 1,2024-03-01,2024,3,2024-03,1210,Labuhanbatu,Sumatera Utara,1210,kode,,0,Cuaca panas yang cukup ekstrim dan kesengajaan pemilik lahan membersihkan lahan miliknya dengan cara membakar supaya bisa ditanami tanaman yang baru,,,0,0,False
2456,6407 106 20240229 2,2024-02-29,2024,2,2024-02,6407,Kutai Barat,Kalimantan Timur,6407,kode,,0,,0.0,0.0,0,0,False
2457,2101 106 20240229 1,2024-02-29,2024,2,2024-02,2101,Bintan,Kepulauan Riau,2101,kode,,0,Sumber api tidak di ketahui,0.0,0.0,0,0,False
2458,6402 106 20240229 1,2024-02-29,2024,2,2024-02,6402,Kutai Kartanegara,Kalimantan Timur,6402,kode,,0,,0.0,0.0,0,0,False
2459,6472 106 20240229 1,2024-02-29,2024,2,2024-02,6472,Kota Samarinda,Kalimantan Timur,6472,kode,,0,,0.0,0.0,0,0,False
2460,6407 106 20240229 1,2024-02-29,2024,2,2024-02,6407,Kutai Barat,Kalimantan Timur,6407,kode,,0,,0.0,0.0,0,0,False
2461,6407 106 20240229 3,2024-02-29,2024,2,2024-02,6407,Kutai Barat,Kalimantan Timur,6407,kode,,0,,0.0,0.0,0,0,False
2462,6474 106 20240227 1,2024-02-27,2024,2,2024-02,6474,Kota Bontang,Kalimantan Timur,6474,kode,,0,,0.0,0.0,0,0,False
2463,1205 106 20240226 1,2024-02-26,2024,2,2024-02,1205,Langkat,Sumatera Utara,1205,kode,,0,Pada hari Senin 26 Februari 2024 Pukul 10.00 Wib di Desa Namo Sialang Kecamatan Batang Serangan Kabupaten Langkat telah terjadi kebakaran lahan,,,0,0,False
2464,1472 106 20240226 1,2024-02-26,2024,2,2024-02,1472,Kota Dumai,Riau,1472,kode,DumaiTimur; Medang Kampai,2,Masih dalam Penyelidikan,0.0,0.0,0,0,False
2465,2101 106 20240225 1,2024-02-25,2024,2,2024-02,2101,Bintan,Kepulauan Riau,2101,kode,Gunung Kijang; Bintan Utara; Bintan Timur,3,belum diketahui,0.0,0.0,0,0,False
2466,3404 106 20240225 1,2024-02-25,2024,2,2024-02,3404,Sleman,Daerah Istimewa Yogyakarta,3404,kode,,0,Pembakaran sampah menyebabkan lahan terbakar seluas 1 hektar,,,0,0,False
2467,2101 106 20240224 1,2024-02-24,2024,2,2024-02,2101,Bintan,Kepulauan Riau,2101,kode,Bintan Timur; Seri Kula,2,belum diketahui,0.0,0.0,0,0,False
2468,6408 106 20240224 1,2024-02-24,2024,2,2024-02,6408,Kutai Timur,Kalimantan Timur,6408,kode,,0,,0.0,0.0,0,0,False
2469,6472 106 20240223 1,2024-02-23,2024,2,2024-02,6472,Kota Samarinda,Kalimantan Timur,6472,kode,,0,,0.0,0.0,0,0,False
2470,6471 106 20240223 1,2024-02-23,2024,2,2024-02,6471,Kota Balikpapan,Kalimantan Timur,6471,kode,,0,,0.0,0.0,0,0,False
2471,1222 106 20240223 1,2024-02-23,2024,2,2024-02,1222,Labuhanbatu Selatan,Sumatera Utara,1222,kode,,0,Pada hari Jumat 23 Februari 2024 Pukul 10.00 Wib di Desa Pasir Tuntung Kecamatan Kota Pinang Kabupaten Labuhanbatu Selatan telah terjadi kebakaran lahan milik warga,,,0,0,False
2472,2102 106 20240223 1,2024-02-23,2024,2,2024-02,2102,Karimun,Kepulauan Riau,2102,kode,,0,Sumber api tidak di ketahui,0.0,0.0,0,0,False
2473,2101 106 20240223 1,2024-02-23,2024,2,2024-02,2101,Bintan,Kepulauan Riau,2101,kode,Telok Sebong; Gn.Kijang; Teluk Bintan,3,Dalamp penyelidikan,0.0,0.0,0,0,False
2474,2101 106 20240222 1,2024-02-22,2024,2,2024-02,2101,Bintan,Kepulauan Riau,2101,kode,Toapaya; Bintan Utara,2,Dalamp penyelidikan,0.0,0.0,0,0,False
2475,2102 106 20240222 1,2024-02-22,2024,2,2024-02,2102,Karimun,Kepulauan Riau,2102,kode,Karimun; Meral Barat; Meral; Tebing,4,Dalamp penyelidikan,0.0,0.0,0,0,False
2476,3510 106 20240221 1,2024-02-21,2024,2,2024-02,3510,Banyuwangi,Jawa Timur,3510,kode,Blimbingsari,1,Dipicu oleh puntung rokok yang dibuang sembarangan,0.0,0.0,0,0,False
2477,6402 106 20240221 1,2024-02-21,2024,2,2024-02,6402,Kutai Kartanegara,Kalimantan Timur,6402,kode,,0,,0.0,0.0,0,0,False
2478,6402 106 20240221 2,2024-02-21,2024,2,2024-02,6402,Kutai Kartanegara,Kalimantan Timur,6402,kode,,0,,0.0,0.0,0,0,False
2479,6210 106 20240220 1,2024-02-20,2024,2,2024-02,6210,Gunung Mas,Kalimantan Tengah,6210,kode,,0,dalam pemeriksaan pihak berwajib.,0.0,0.0,0,0,False
2480,6204 106 20240220 1,2024-02-20,2024,2,2024-02,6204,Barito Selatan,Kalimantan Tengah,6204,kode,,0,dalam pemeriksaan pihak berwajib.,0.0,0.0,0,0,False
2481,6209 106 20240220 1,2024-02-20,2024,2,2024-02,6209,Lamandau,Kalimantan Tengah,6209,kode,,0,Dalam pemeriksaan pihak berwajib.,0.0,0.0,0,0,False
2482,6202 106 20240220 1,2024-02-20,2024,2,2024-02,6202,Kotawaringin Timur,Kalimantan Tengah,6202,kode,,0,Dalam pemeriksaan pihak berwajib.,0.0,0.0,0,0,False
2483,6212 106 20240220 1,2024-02-20,2024,2,2024-02,6212,Murung Raya,Kalimantan Tengah,6212,kode,,0,dalam pemeriksaan pihak berwajib.,0.0,0.0,0,0,False
2484,6201 106 20240220 1,2024-02-20,2024,2,2024-02,6201,Kotawaringin Barat,Kalimantan Tengah,6201,kode,,0,Dalam pemeriksaan pihak berwajib.,0.0,0.0,0,0,False
2485,6205 106 20240220 1,2024-02-20,2024,2,2024-02,6205,Barito Utara,Kalimantan Tengah,6205,kode,,0,dalam pemeriksaan pihak berwajib.,0.0,0.0,0,0,False
2486,6474 106 20240220 1,2024-02-20,2024,2,2024-02,6474,Kota Bontang,Kalimantan Timur,6474,kode,,0,,0.0,0.0,0,0,False
2487,6208 106 20240220 1,2024-02-20,2024,2,2024-02,6208,Sukamara,Kalimantan Tengah,6208,kode,,0,Dalam pemeriksaan pihak berwajib.,0.0,0.0,0,0,False
2488,6474 106 20240219 3,2024-02-19,2024,2,2024-02,6474,Kota Bontang,Kalimantan Timur,6474,kode,,0,,0.0,0.0,0,0,False
2489,2102 106 20240219 1,2024-02-19,2024,2,2024-02,2102,Karimun,Kepulauan Riau,2102,kode,,0,Sumber api tidak di ketahui,0.0,0.0,0,0,False
2490,1223 106 20240219 1,2024-02-19,2024,2,2024-02,1223,Labuhanbatu Utara,Sumatera Utara,1223,kode,,0,Pada hari Senin 19 Februari 2024 Pukul 10.00 Wib di Desa Bandar Lama Kecamatan Kualuh Selatan Kabupaten Labuhanbatu Utara telah terjadi Kebakaran Hutan Produksi Terbatas (HPT) milik Perhutani,,,0,0,False
2491,2101 106 20240219 1,2024-02-19,2024,2,2024-02,2101,Bintan,Kepulauan Riau,2101,kode,Toapaya,1,Masih dalam penyelidikan,0.0,0.0,0,0,False
2492,6472 106 20240219 1,2024-02-19,2024,2,2024-02,6472,Kota Samarinda,Kalimantan Timur,6472,kode,,0,,0.0,0.0,0,0,False
2493,6474 106 20240219 1,2024-02-19,2024,2,2024-02,6474,Kota Bontang,Kalimantan Timur,6474,kode,,0,,0.0,0.0,0,0,True
2494,6474 106 20240219 2,2024-02-19,2024,2,2024-02,6474,Kota Bontang,Kalimantan Timur,6474,kode,,0,,0.0,0.0,0,0,True
2495,6472 106 20240218 1,2024-02-18,2024,2,2024-02,6472,Kota Samarinda,Kalimantan Timur,6472,kode,Samarinda Utara,1,diduga sengaja di bakar,0.0,0.0,0,0,False
2496,7207 106 20240217 1,2024-02-17,2024,2,2024-02,7207,Banggai Kepulauan,Sulawesi Tengah,7207,kode,,0,Masih dalam penyelidikan,0.0,0.0,0,0,False
2497,6474 106 20240217 1,2024-02-17,2024,2,2024-02,6474,Kota Bontang,Kalimantan Timur,6474,kode,,0,,0.0,0.0,0,0,False
2498,6472 106 20240217 1,2024-02-17,2024,2,2024-02,6472,Kota Samarinda,Kalimantan Timur,6472,kode,,0,,0.0,0.0,0,0,False
2499,1102 106 20240216 1,2024-02-16,2024,2,2024-02,1102,Aceh Tenggara,Aceh,1102,kode,Lawe Alas,1,"Dari pantauan di lokasi kejadian, titik api berasal dari salah satu kebun warga Sdr. Jumadin Als Jumadan (54) yg terdampak, kemudian meluas hingga ke kebun warga lainnya.",0.0,0.0,0,0,False
2500,8171 106 20240215 1,2024-02-15,2024,2,2024-02,8171,Kota Ambon,Maluku,8171,kode,,0,,0.0,0.0,0,0,False
2501,1106 106 20240212 1,2024-02-12,2024,2,2024-02,1106,Aceh Besar,Aceh,1106,kode,Lhoong; Lhoknga,2,Masih dalam penyelidikan pihak berwajib,0.0,0.0,0,0,False
2502,1205 106 20240211 1,2024-02-11,2024,2,2024-02,1205,Langkat,Sumatera Utara,1205,kode,,0,Pada hari Minggu 11 Februari 2024 Pukul 09.00 Wib di Desa Bukit Mas Kecamatan Besitang dan Desa Mekar Makmur Kecamatan Sei Lepan Kabupaten Langkat telah terjadi kebakaran lahan,,,0,0,False
2503,1220 106 20240210 1,2024-02-10,2024,2,2024-02,1220,Padang Lawas Utara,Sumatera Utara,1220,kode,,0,"Manggala Agni melalui aplikasi lancang kuning menemukan titik api yang membakar lahan milik masyarakat dengan vegetasi kayu hutan, karet, anakan kayu dan semak belukar penyebab kebakaran karena kesengajaan pemilik lahan membakar lahan dengan sengaja.",,,0,0,False
2504,2101 106 20240210 1,2024-02-10,2024,2,2024-02,2101,Bintan,Kepulauan Riau,2101,kode,,0,Sumber api tidak di ketahui,0.0,0.0,0,0,False
2505,1206 106 20240209 1,2024-02-09,2024,2,2024-02,1206,Karo,Sumatera Utara,1206,kode,,0,Pada hari Jumat 9 Februari 2024 Oukul 10.00 Wib di Desa Tanjung Beringin dan Desa Munte Kecamatan Munte Kabupaten Karo telah terjadi kebakaran lahan milik warga,,,0,0,False
2506,2101 106 20240208 1,2024-02-08,2024,2,2024-02,2101,Bintan,Kepulauan Riau,2101,kode,,0,Sumber api tidak di ketahui,0.0,0.0,0,0,False
2507,1206 106 20240208 1,2024-02-08,2024,2,2024-02,1206,Karo,Sumatera Utara,1206,kode,,0,Pada hari Kamis 8 Februari 2024 Pukul 10.00 Wib di Desa Kuta Gugung Kecamatan Juhar kabupaten Karo telah terjadi kebakaran lahan milik warga,,,0,0,False
2508,2104 106 20240208 1,2024-02-08,2024,2,2024-02,2104,Lingga,Kepulauan Riau,2104,kode,,0,Sumber api tidak di ketahui,0.0,0.0,0,0,False
2509,1205 106 20240207 1,2024-02-07,2024,2,2024-02,1205,Langkat,Sumatera Utara,1205,kode,,0,Pada hari Rabu 7 Februari 2024 Pukul 09.00 Wib di Desa Mekar Makmur Kecamtan Sei Lepan Kabupaten Langkat telah terjadi kebakaran lahan milik warga,,,0,0,False
2510,1102 106 20240205 1,2024-02-05,2024,2,2024-02,1102,Aceh Tenggara,Aceh,1102,kode,Lawe Alas,1,Dalam penyelidikan,0.0,0.0,0,0,False
2511,2101 106 20240205 1,2024-02-05,2024,2,2024-02,2101,Bintan,Kepulauan Riau,2101,kode,,0,Sumber api tidak di ketahui,0.0,0.0,0,0,False
2512,2102 106 20240205 1,2024-02-05,2024,2,2024-02,2102,Karimun,Kepulauan Riau,2102,kode,Meral; Tebing,2,Dalam penyelidikan,0.0,0.0,0,0,False
2513,2172 106 20240204 1,2024-02-04,2024,2,2024-02,2172,Kota Tanjung Pinang,Kepulauan Riau,2172,kode,,0,"Pelapor Bpk. Purwandi  (Polri) kebakaran terjadi diduga dari pembakaran sampah, anggota berkoodinasi  dan mendokumentasikan kejadian",0.0,0.0,0,0,False
2514,1206 106 20240203 1,2024-02-03,2024,2,2024-02,1206,Karo,Sumatera Utara,1206,kode,,0,Pada hari Sabtu 3 Februari 2024 Pukul 10.00 Wib di Desa Batu Rongkam Kecamatan Lau Baleng dan Desa Lau Solu Kecamatan Mardinding Kabupaten Karo telah terjadi kebakaran lahan milik warga,,,0,0,False
2515,1206 106 20240202 1,2024-02-02,2024,2,2024-02,1206,Karo,Sumatera Utara,1206,kode,,0,Pada hari Jumat 2 Februari Pukul 10.00 Wib di Desa Kuta Tunggal Kecamatan Naman Teran dan Desa Bnadar Purba kecamatan Mardinding Kabupaten Karo telah terjadi kebakaran hutan dan juga kebakaran lahan,,,0,0,False
2516,1206 106 20240201 1,2024-02-01,2024,2,2024-02,1206,Karo,Sumatera Utara,1206,kode,,0,Pada hari Kamis 1 Februari 2024 Pukul 14.00 Wib di Desa Buluh Nmaan Kecamatan Munte Kabupaten Karo telah terjadi kebakaran lahan milik warga,,,0,0,False
2517,2102 106 20240201 1,2024-02-01,2024,2,2024-02,2102,Karimun,Kepulauan Riau,2102,kode,Meral Bukit Cincin,1,Masih dalam penyelidikan,0.0,0.0,0,0,False
2518,6408 106 20240130 1,2024-01-30,2024,1,2024-01,6408,Kutai Timur,Kalimantan Timur,6408,kode,,0,,0.0,0.0,0,0,False
2519,6402 106 20240129 1,2024-01-29,2024,1,2024-01,6402,Kutai Kartanegara,Kalimantan Timur,6402,kode,,0,,0.0,0.0,0,0,False
2520,1206 106 20240125 1,2024-01-25,2024,1,2024-01,1206,Karo,Sumatera Utara,1206,kode,,0,Pada hari Kamis 25 Januari 2024 pukul 15.00 Wib di Desa Pola Tebu Kecamatan Kutabuluh Kabupaten Karo telah terjadi kebakaran lahan,,,0,0,False
2521,1206 106 20240124 1,2024-01-24,2024,1,2024-01,1206,Karo,Sumatera Utara,1206,kode,,0,Pada hari Rabu 24 Januari 2024 pukul 14.00 Wib di Desa Kudipen Kecamatan Juhar Kabupaten Karo telah terjadi kebakaran lahan,,,0,0,False
2522,7212 106 20240123 1,2024-01-23,2024,1,2024-01,7212,Morowali Utara,Sulawesi Tengah,7212,kode,Petasia,1,Adanya aktifitas warga dalam melakukan pembakaran sampah yang menyebabka terjadinya kebakaran karena adnya angin laut yang bertiup sehingga sebaran luasan hingga ± 2 Ha,0.0,0.0,0,0,False
2523,1206 106 20240122 1,2024-01-22,2024,1,2024-01,1206,Karo,Sumatera Utara,1206,kode,,0,Pada hari Senin 22 januari 2024 Pukul 14.00 Wib di Desa Singgamanik Kecamatan Munte Kabupaten Karo telah terjadi kebakaran lahan,,,0,0,False
2524,6474 106 20240119 1,2024-01-19,2024,1,2024-01,6474,Kota Bontang,Kalimantan Timur,6474,kode,,0,,0.0,0.0,0,0,False
2525,2101 106 20240118 1,2024-01-18,2024,1,2024-01,2101,Bintan,Kepulauan Riau,2101,kode,Gn. Kijang,1,belum diketahui,0.0,0.0,0,0,False
2526,1403 106 20240101 1,2024-01-01,2024,1,2024-01,1403,Bengkalis,Riau,1403,kode,,0,,0.0,0.0,0,0,False
2527,1410 106 20240101 1,2024-01-01,2024,1,2024-01,1410,Kepulauan Meranti,Riau,1410,kode,,0,Masih dalam penyelidikan,0.0,0.0,0,0,False
2528,1472 106 20240101 1,2024-01-01,2024,1,2024-01,1472,Kota Dumai,Riau,1472,kode,,0,,0.0,0.0,0,0,False
2529,1405 106 20240101 1,2024-01-01,2024,1,2024-01,1405,Pelalawan,Riau,1405,kode,,0,,0.0,0.0,0,0,False
2530,3471 107 2023 012 026 1,2023-12-26,2023,12,2023-12,3471,Kota Yogyakarta,Daerah Istimewa Yogyakarta,3471,kode,,0,,,,0,0,False
2531,3207 107 2023 012 024 1,2023-12-24,2023,12,2023-12,3207,Ciamis,Jawa Barat,3207,kode,Banjaranyar,1,Dalam penyelidikan,,,0,0,False
2532,3402 107 2023 012 023 1,2023-12-23,2023,12,2023-12,3402,Bantul,Daerah Istimewa Yogyakarta,3402,kode,,0,,,,0,0,False
2533,3604 107 2023 012 018 1,2023-12-18,2023,12,2023-12,3604,Serang,Banten,3604,kode,Anyer,1,Masih dalam penyelidikan,,,0,0,False
2534,2101 107 2023 012 011 1,2023-12-11,2023,12,2023-12,2101,Bintan,Kepulauan Riau,2101,kode,Gunung Kijang,1,Dalam penyelidikan,,,0,0,False
2535,3401 107 2023 012 09 1,2023-12-09,2023,12,2023-12,3401,Kulon Progo,Daerah Istimewa Yogyakarta,3401,kode,,0,,,,0,0,False
2536,6110 107 2023 012 06 1,2023-12-06,2023,12,2023-12,6110,Melawi,Kalimantan Barat,6110,kode,Nanga Pinoh,1,"Ada warga yang membakar sampah, kemudian merambat ke lahan kebun karet",,,0,0,False
2537,1902 107 2023 011 029 1,2023-11-29,2023,11,2023-11,1902,Belitung,Kepulauan Bangka Belitung,1902,kode,Tanjung pandan,1,,,,0,0,False
2538,7307 107 2023 011 026 1,2023-11-26,2023,11,2023-11,7307,Sinjai,Sulawesi Selatan,7307,kode,Sinjai Timur,1,Masih dalam Penyelidikan,,,0,0,False
2539,3579 107 2023 011 021 1,2023-11-21,2023,11,2023-11,3579,Kota Batu,Jawa Timur,3579,kode,,0,Masih dalam penyelidikan,,,0,0,False
2540,3308 107 2023 011 019 1,2023-11-19,2023,11,2023-11,3308,Magelang,Jawa Tengah,3308,kode,Bandongan Desa Gandusari,1,Masih dalam proses penyelidikan,,,0,0,False
2541,3301 107 2023 011 019 1,2023-11-19,2023,11,2023-11,3301,Cilacap,Jawa Tengah,3301,kode,Kawunganten,1,Masih dalam penyelidikan,,,0,0,False
2542,3301 107 2023 011 019 1,2023-11-19,2023,11,2023-11,3301,Cilacap,Jawa Tengah,3301,kode,Majenang,1,Masih dalam penyelidikan,,,0,0,False
2543,3401 107 2023 011 018 1,2023-11-18,2023,11,2023-11,3401,Kulon Progo,Daerah Istimewa Yogyakarta,3401,kode,,0,,,,0,0,False
2544,3403 107 2023 011 016 1,2023-11-16,2023,11,2023-11,3403,Gunungkidul,Daerah Istimewa Yogyakarta,3403,kode,,0,,,,0,0,False
2545,6304 107 2023 011 014 1,2023-11-14,2023,11,2023-11,6304,Barito Kuala,Kalimantan Selatan,6304,kode,"Cerbon, Kab.Batola. Jejangkit",1,,,,0,0,False
2546,3301 107 2023 011 014 1,2023-11-14,2023,11,2023-11,3301,Cilacap,Jawa Tengah,3301,kode,Kawunganten,1,dalam penyelidikan,,,0,0,False
2547,5101 107 2023 011 012 1,2023-11-12,2023,11,2023-11,5101,Jembrana,Bali,5101,kode,Jembrana,1,belum diketahui,,,0,0,False
2548,3401 107 2023 011 012 1,2023-11-12,2023,11,2023-11,3401,Kulon Progo,Daerah Istimewa Yogyakarta,3401,kode,,0,,,,0,0,False
2549,3319 107 2023 011 011 1,2023-11-11,2023,11,2023-11,3319,Kudus,Jawa Tengah,3319,kode,Jekulo Desa Tanjungrejo,1,Diduga api berasal dari pembakaran sampah yang tidak terkontrol dan merembet ke tumpukan sampah sekitarnya,,,0,0,False
2550,3403 107 2023 011 010 1,2023-11-10,2023,11,2023-11,3403,Gunungkidul,Daerah Istimewa Yogyakarta,3403,kode,,0,,,,0,0,False
2551,3471 107 2023 011 09 1,2023-11-09,2023,11,2023-11,3471,Kota Yogyakarta,Daerah Istimewa Yogyakarta,3471,kode,,0,,,,0,0,False
2552,3310 107 2023 011 08 1,2023-11-08,2023,11,2023-11,3310,Klaten,Jawa Tengah,3310,kode,Jogonalan Desa Plawikan,1,Belum diketahui,,,0,0,False
2553,6302 107 2023 011 07 1,2023-11-07,2023,11,2023-11,6302,Kotabaru,Kalimantan Selatan,6302,kode,Pulau Laut Utara,1,Dalam penyelidikan,,,0,0,False
2554,3507 107 2023 011 07 1,2023-11-07,2023,11,2023-11,3507,Malang,Jawa Timur,3507,kode,Wagir).,1,,,,0,0,False
2555,3308 107 2023 011 06 1,2023-11-06,2023,11,2023-11,3308,Magelang,Jawa Tengah,3308,kode,Salam Desa Mantingan; Salaman Desa Paripurno,2,Masih dalam penyelidikan,,,0,0,False
2556,5203 107 2023 011 06 1,2023-11-06,2023,11,2023-11,5203,Lombok Timur,Nusa Tenggara Barat,5203,kode,Sembalun,1,Dalam penyelidikan,,,0,0,False
2557,7308 107 2023 011 06 1,2023-11-06,2023,11,2023-11,7308,Bone,Sulawesi Selatan,7308,kode,Tellu Limpoe,1,Dalam penyelidikan,,,0,0,False
2558,7307 107 2023 011 05 1,2023-11-05,2023,11,2023-11,7307,Sinjai,Sulawesi Selatan,7307,kode,Sinjai Timur,1,Dalam penyelidikan,,,0,0,False
2559,3306 107 2023 011 05 1,2023-11-05,2023,11,2023-11,3306,Purworejo,Jawa Tengah,3306,kode,Purworejo Desa Sidomulyo,1,Belum diketahui,,,0,0,False
2560,3403 107 2023 011 05 1,2023-11-05,2023,11,2023-11,3403,Gunungkidul,Daerah Istimewa Yogyakarta,3403,kode,,0,,,,0,0,False
2561,1404 107 2023 011 03 1,2023-11-03,2023,11,2023-11,1404,Indragiri Hilir,Riau,1404,kode,Keritang,1,,,,0,0,False
2562,7102 107 2023 011 03 1,2023-11-03,2023,11,2023-11,7102,Minahasa,Sulawesi Utara,7102,kode,Kombi,1,Masih dalam penyelidikan,,,0,0,False
2563,3374 107 2023 011 03 1,2023-11-03,2023,11,2023-11,3374,Kota Semarang,Jawa Tengah,3374,kode,Gunungpati Desa Sukorejo,1,Konsleting Listrik,,,0,0,False
2564,6303 107 2023 011 03 1,2023-11-03,2023,11,2023-11,6303,Banjar,Kalimantan Selatan,6303,kode,Martapura,1,Masih dalam penyelidikan,,,0,0,False
2565,3322 107 2023 011 03 1,2023-11-03,2023,11,2023-11,3322,Semarang,Jawa Tengah,3322,kode,Gunungpati,1,Masih dalam penyelidikan,,,0,0,False
2566,6372 107 2023 011 02 1,2023-11-02,2023,11,2023-11,6372,Kota Banjarbaru,Kalimantan Selatan,6372,kode,,0,,,,0,0,False
2567,5203 107 2023 011 02 1,2023-11-02,2023,11,2023-11,5203,Lombok Timur,Nusa Tenggara Barat,5203,kode,Sembalun,1,Masih dalam penyelidikan,,,0,0,False
2568,3403 107 2023 011 02 1,2023-11-02,2023,11,2023-11,3403,Gunungkidul,Daerah Istimewa Yogyakarta,3403,kode,,0,,,,0,0,False
2569,3403 107 2023 011 02 1,2023-11-02,2023,11,2023-11,3403,Gunungkidul,Daerah Istimewa Yogyakarta,3403,kode,,0,,,,0,0,False
2570,3516 107 2023 011 02 1,2023-11-02,2023,11,2023-11,3516,Mojokerto,Jawa Timur,3516,kode,Trawas,1,Kebakaran Masih dalam penyelidikan,,,0,0,False
2571,3508 107 2023 011 02 1,2023-11-02,2023,11,2023-11,3508,Lumajang,Jawa Timur,3508,kode,Pasrujambe,1,"Pada Hari Kamis, Tgl 2 November 2023 Dini Hari telah terjadi kebakaran Hutan di Ds. Jambearum, Kec. Pasrujambe yang mendekati dengan pemukiman warga. Jenis vegetasi yang terbakar berupa Pinus. Penyebab kebakaran masih dalam penyelidikan. #Update Kamis, 02 November 2023 pukul 12.00 WIB : - Pada hari Kamis, 2 November 2023 pukul 04.30 WIB, telah terjadi kebakaran Hutan di RT.3/RW.1 Dsn. Pasrepan, Ds. Kertosari, Kec. Pasrujambe yang mendekati pemukiman warga. Penyebab kebakaran masih dalam penyelidikan. - Api berhasil dipadamkan total pada pukul 09.40 WIB - Cuaca ssat ini terpantau Cerah Cerah Berawan.",,,0,0,False
2572,6303 107 2023 011 01 1,2023-11-01,2023,11,2023-11,6303,Banjar,Kalimantan Selatan,6303,kode,"Martapura Desa Pematang Panjang,; Sungai Tabuk Desa Pejambuan; Sungai Tabuk Desa Tungkaran; Martapura. Gambut Banyu hirang, Gambut Gambut komp. Sa'adah Sungai Sipai; Martapura Samping Kampus 2 STIKES Intan Martapura; Martapura Sungai Batang; Martapura Barat Martapura Barat Jl. Reel Desa Pasayangan; Martapura Kota, Kab.Banjar Desa Melayu Dekar Kec Martapura Timur,Kab.Banjar Desa Penggalaman Kec Martapura Barat, Kab.Banjar",8,,,,0,0,False
2573,3210 107 2023 011 01 1,2023-11-01,2023,11,2023-11,3210,Majalengka,Jawa Barat,3210,kode,Cingambul,1,Dipicu human error (membuang putung rokok sembarangan),,,0,0,False
2574,1602 107 2023 011 01 1,2023-11-01,2023,11,2023-11,1602,Ogan Komering Ilir,Sumatera Selatan,1602,kode,Kayuagung; Pangkalan Lapam,2,Masih dalam penyelidikan,,,0,0,False
2575,3210 107 2023 011 01 1,2023-11-01,2023,11,2023-11,3210,Majalengka,Jawa Barat,3210,kode,Sukahaji; Majalengka,2,Dipicu Oleh Human Error Sehingga Api Merambat Ke Lahan Milik Warga.,,,0,0,False
2576,3401 107 2023 011 01 1,2023-11-01,2023,11,2023-11,3401,Kulon Progo,Daerah Istimewa Yogyakarta,3401,kode,,0,,,,0,0,False
2577,1402 107 2023 011 01 1,2023-11-01,2023,11,2023-11,1402,Indragiri Hulu,Riau,1402,kode,Rengat,1,,,,0,0,False
2578,3301 107 2023 010 031 1,2023-10-31,2023,10,2023-10,3301,Cilacap,Jawa Tengah,3301,kode,Jeruklegi,1,Masih dalam penyelidikan,,,0,0,False
2579,3302 107 2023 010 031 1,2023-10-31,2023,10,2023-10,3302,Banyumas,Jawa Tengah,3302,kode,Cilongok Desa Batuanten; Ajibarang Desa Sawangan,2,Diduga pembakaran/pembukaan lahan,,,0,0,False
2580,1502 107 2023 010 031 1,2023-10-31,2023,10,2023-10,1502,Merangin,Jambi,1502,kode,,0,,,,0,0,False
2581,3401 107 2023 010 031 1,2023-10-31,2023,10,2023-10,3401,Kulon Progo,Daerah Istimewa Yogyakarta,3401,kode,,0,,,,0,0,False
2582,1610 107 2023 010 031 1,2023-10-31,2023,10,2023-10,1610,Ogan Ilir,Sumatera Selatan,1610,kode,Indralaya,1,Masih dalam penyelidikan,,,0,0,False
2583,3471 107 2023 010 031 1,2023-10-31,2023,10,2023-10,3471,Kota Yogyakarta,Daerah Istimewa Yogyakarta,3471,kode,,0,,,,0,0,False
2584,2101 107 2023 010 030 1,2023-10-30,2023,10,2023-10,2101,Bintan,Kepulauan Riau,2101,kode,Gunung Kijang,1,Masih dalam penyelidikan,,,0,0,False
2585,3308 107 2023 010 029 1,2023-10-29,2023,10,2023-10,3308,Magelang,Jawa Tengah,3308,kode,Windusari Desa Balesari,1,Dalam identifikasi,,,0,0,False
2586,3319 107 2023 010 029 1,2023-10-29,2023,10,2023-10,3319,Kudus,Jawa Tengah,3319,kode,Kaliwungu Desa Karangampel,1,Kebakaran disebabkan karena pembakaran sampah daun kering,,,0,0,False
2587,7209 107 2023 010 029 1,2023-10-29,2023,10,2023-10,7209,Tojo Una Una,Sulawesi Tengah,7209,kode,Tojo,1,Masih dalam penyelidikan yang berwenang,,,0,0,False
2588,3205 107 2023 010 029 1,2023-10-29,2023,10,2023-10,3205,Garut,Jawa Barat,3205,kode,Kadungora; Leuwigoong,2,Dalam penyelidikan,,,0,0,False
2589,3213 107 2023 010 029 1,2023-10-29,2023,10,2023-10,3213,Subang,Jawa Barat,3213,kode,,0,Belum Diketahui,,,0,0,False
2590,3301 107 2023 010 029 1,2023-10-29,2023,10,2023-10,3301,Cilacap,Jawa Tengah,3301,kode,Cimanggu Desa Bantarpanjang Desa Surusunda,1,"Pembakaran daun kering oleh warga disekitar lokasi, yang merambat ke lahan milik Perhutani yang telah penjarangan.",,,0,0,False
2591,1508 107 2023 010 028 1,2023-10-28,2023,10,2023-10,1508,Bungo,Jambi,1508,kode,Rimbo Tengah Desa Sungai Buluh,1,,,,0,0,False
2592,3322 107 2023 010 028 1,2023-10-28,2023,10,2023-10,3322,Semarang,Jawa Tengah,3322,kode,Bandungan Desa Bandungan,1,Masih dalam penyelidikan,,,0,0,False
2593,3301 107 2023 010 028 1,2023-10-28,2023,10,2023-10,3301,Cilacap,Jawa Tengah,3301,kode,Cimanggu,1,Dalam penyelidikan,,,0,0,False
2594,3471 107 2023 010 028 1,2023-10-28,2023,10,2023-10,3471,Kota Yogyakarta,Daerah Istimewa Yogyakarta,3471,kode,,0,,,,0,0,False
2595,3403 107 2023 010 027 1,2023-10-27,2023,10,2023-10,3403,Gunungkidul,Daerah Istimewa Yogyakarta,3403,kode,,0,,,,0,0,False
2596,1813 107 2023 010 027 1,2023-10-27,2023,10,2023-10,1813,Pesisir Barat,Lampung,1813,kode,Pesisir Selatan,1,belum diketahui,,,0,0,False
2597,3309 107 2023 010 027 1,2023-10-27,2023,10,2023-10,3309,Boyolali,Jawa Tengah,3309,kode,Gladagsari,1,"Telah terjadi kebakaran di lereng Gn. Merbabu pada hari Jumat, 27 Oktober 2023, Pkl. 08:30 WIB. Penyebab kebakaran masih belum diketahui",,,0,0,False
2598,3517 107 2023 010 027 1,2023-10-27,2023,10,2023-10,3517,Jombang,Jawa Timur,3517,kode,Wonosalam,1,Dalam penyelidikan,,,0,0,False
2599,3322 107 2023 010 027 1,2023-10-27,2023,10,2023-10,3322,Semarang,Jawa Tengah,3322,kode,Getasan,1,"Telah terjadi kebakaran di lereng Gn. Merbabu pada hari Jumat, 27 Oktober 2023, Pkl. 08:30 WIB. Penyebab kebakaran masih belum diketahui",,,0,0,False
2600,3301 107 2023 010 027 1,2023-10-27,2023,10,2023-10,3301,Cilacap,Jawa Tengah,3301,kode,Cimanggu,1,kejadian tersebut ada unsur kesengajaan Warga yang membakar lahan guna untuk pembersihan lahan.,,,0,0,False
2601,1507 107 2023 010 027 1,2023-10-27,2023,10,2023-10,1507,Tanjung Jabung Timur,Jambi,1507,kode,Mendahar Ulu Desa Bukit Tempurung,1,,,,0,0,False
2602,3301 107 2023 010 026 1,2023-10-26,2023,10,2023-10,3301,Cilacap,Jawa Tengah,3301,kode,Kesugihan,1,warga Yg membakar sampah kemudian Karena sudah sore ditinggal pulang sama pemilik lahan Karena angin kencang api merembet ke kebun yg lain .,,,0,0,False
2603,3401 107 2023 010 026 1,2023-10-26,2023,10,2023-10,3401,Kulon Progo,Daerah Istimewa Yogyakarta,3401,kode,,0,,,,0,0,False
2604,3210 107 2023 010 026 1,2023-10-26,2023,10,2023-10,3210,Majalengka,Jawa Barat,3210,kode,Cigasong,1,"Telah Terjadi Bencana Kebakaran Hutan Lahan di Lingkungan Mekarlapian Kelurahan Cicenang Kec. Cigasong. Kebakaran di Sebabkan Oleh Human Error. Kondisi Angin yang Kencang Sehingga api Semakin Meluas, Masyarakat dan Petugas di Lokasi Berusaha Memadamkan Api dan Melakukan Penyekatan Agar Api Tidak Semakin Meluas, Luasan Area Hutan/Lahan Yang Terbakar Kurang Lebih 1,00 Hektar",,,0,0,False
2605,1971 107 2023 010 026 1,2023-10-26,2023,10,2023-10,1971,Kota Pangkal Pinang,Kepulauan Bangka Belitung,1971,kode,Gabek,1,"Kamis, 26 Oktober 2023 pada Pukul 03.30 Wib  telah terjadi kebakaran hutan dan lahan di seputaran Jln. Lintas Timur Gg. Barokah, Gg. Sahabat, Gg. Pelungor, Gg. Gelam, Gg. Bejo dan Kampung Padang Kel. Selindung Lama, Kec. Gabek KOTA PANGKAL PINANG. Lahan gambut yang luas dan kering ditambah angin kencang sehingga api dengan cepat merambat ke  semak - semak tersebut. penyebabnya belum diketahui.",,,0,0,False
2606,3404 107 2023 010 026 1,2023-10-26,2023,10,2023-10,3404,Sleman,Daerah Istimewa Yogyakarta,3404,kode,,0,,,,0,0,False
2607,3404 107 2023 010 026 1,2023-10-26,2023,10,2023-10,3404,Sleman,Daerah Istimewa Yogyakarta,3404,kode,,0,,,,0,0,False
2608,3308 107 2023 010 025 1,2023-10-25,2023,10,2023-10,3308,Magelang,Jawa Tengah,3308,kode,Salaman Desa Ngampeldento,1,Masih dalam proses penyelidikan,,,0,0,False
2609,3210 107 2023 010 025 1,2023-10-25,2023,10,2023-10,3210,Majalengka,Jawa Barat,3210,kode,Lemahsugih,1,belum diketahui,,,0,0,False
2610,1508 107 2023 010 025 1,2023-10-25,2023,10,2023-10,1508,Bungo,Jambi,1508,kode,Rimbo Tengah Desa Cadika,1,,,,0,0,False
2611,3403 107 2023 010 025 1,2023-10-25,2023,10,2023-10,3403,Gunungkidul,Daerah Istimewa Yogyakarta,3403,kode,,0,,,,0,0,False
2612,3471 107 2023 010 025 1,2023-10-25,2023,10,2023-10,3471,Kota Yogyakarta,Daerah Istimewa Yogyakarta,3471,kode,,0,,,,0,0,False
2613,3308 107 2023 010 024 1,2023-10-24,2023,10,2023-10,3308,Magelang,Jawa Tengah,3308,kode,Srumbung,1,belum diketahui,,,0,0,False
2614,3314 107 2023 010 024 1,2023-10-24,2023,10,2023-10,3314,Sragen,Jawa Tengah,3314,kode,Gemolong Desa Peleman,1,Sedang proses penyelidikan,,,0,0,False
2615,3301 107 2023 010 024 1,2023-10-24,2023,10,2023-10,3301,Cilacap,Jawa Tengah,3301,kode,Kawunganten Desa Sidaurip,1,Penyebab kebakaran masih dalam penyelidikan Oleh pihak Perhutani,,,0,0,False
2616,3401 107 2023 010 023 1,2023-10-23,2023,10,2023-10,3401,Kulon Progo,Daerah Istimewa Yogyakarta,3401,kode,,0,,,,0,0,False
2617,1971 107 2023 010 023 1,2023-10-23,2023,10,2023-10,1971,Kota Pangkal Pinang,Kepulauan Bangka Belitung,1971,kode,Bukit Intan,1,Masih Dalam penyelidikan,,,0,0,False
2618,6306 107 2023 010 023 1,2023-10-23,2023,10,2023-10,6306,Hulu Sungai Selatan,Kalimantan Selatan,6306,kode,"Simpur Kab. HSS Desa Gambah Dalam (belakang SMKN 2 Kandangan); Kandangan Kab. HSS Desa Badaun; Daha Barat Kab. HSS asam tamiang kec. Sungai raya, kab.hss",3,,,,0,0,False
2619,6372 107 2023 010 023 1,2023-10-23,2023,10,2023-10,6372,Kota Banjarbaru,Kalimantan Selatan,6372,kode,,0,,,,0,0,False
2620,7307 107 2023 010 022 1,2023-10-22,2023,10,2023-10,7307,Sinjai,Sulawesi Selatan,7307,kode,Sinjai,1,Berawal dari pembakaran Sampah dan api semakin membesar lalu merambat ke lahan warga sekitar,,,0,0,False
2621,3322 107 2023 010 022 1,2023-10-22,2023,10,2023-10,3322,Semarang,Jawa Tengah,3322,kode,Bawen Desa Bawen,1,Masih dalam proses penyelidikan,,,0,0,False
2622,3205 107 2023 010 022 1,2023-10-22,2023,10,2023-10,3205,Garut,Jawa Barat,3205,kode,,0,"Berdasarkan informasi yang beredar di media sosial BPBD Kabupaten Garut menerima informasi pada hari Minggu, 22 Oktober 2023 Pukul 20.00 WIB terkait adanya kejadian Kebakaran Lahan dan Gunung Papandayan Blok Tegal Alun tepatnya area jalur Puncak Gunung Papandayan jauh dari pemukiman masyarakat setempat.",,,0,0,False
2623,1971 107 2023 010 022 1,2023-10-22,2023,10,2023-10,1971,Kota Pangkal Pinang,Kepulauan Bangka Belitung,1971,kode,Bukit Intan,1,Masih Dalam penyelidikan,,,0,0,False
2624,3210 107 2023 010 022 1,2023-10-22,2023,10,2023-10,3210,Majalengka,Jawa Barat,3210,kode,Sindang,1,Human Error ( Masih dalam penyelidikan ),,,0,0,False
2625,1508 107 2023 010 021 1,2023-10-21,2023,10,2023-10,1508,Bungo,Jambi,1508,kode,Bathin III Desa Manggis,1,,,,0,0,False
2626,3302 107 2023 010 021 1,2023-10-21,2023,10,2023-10,3302,Banyumas,Jawa Tengah,3302,kode,Kebasen Desa Gambarsari,1,Diduga   titik awal api dari lahan warga kemudian merambat ke hutan pohon jati milik perhutani,,,0,0,False
2627,6311 107 2023 010 021 1,2023-10-21,2023,10,2023-10,6311,Balangan,Kalimantan Selatan,6311,kode,"Batumandi, Kab. Balangan",1,,,,0,0,False
2628,3308 107 2023 010 021 1,2023-10-21,2023,10,2023-10,3308,Magelang,Jawa Tengah,3308,kode,Srumbung Desa Ngablak,1,Penyebab terjadinya kebakaran masih dalam penyelidikan,,,0,0,False
2629,3208 107 2023 010 020 1,2023-10-20,2023,10,2023-10,3208,Kuningan,Jawa Barat,3208,kode,Kadugede,1,Dalam penyelidikan,,,0,0,False
2630,6311 107 2023 010 020 1,2023-10-20,2023,10,2023-10,6311,Balangan,Kalimantan Selatan,6311,kode,Batumandi Kab. Balangan,1,,,,0,0,False
2631,3671 107 2023 010 020 1,2023-10-20,2023,10,2023-10,3671,Kota Tangerang,Banten,3671,kode,Neglasari,1,"Telah terjadi kebakaran pada TPA (Tempat Pembuangan Akhir) Rawa Kucing pada hari Jumat, 20 Oktober 2023, Pkl. 14:00 WIB. Kebakaran diduga akibat cuaca extrim / panas terik sehingga membuat tumpukan sampah di TPA terbakar",,,0,0,False
2632,3516 107 2023 010 020 1,2023-10-20,2023,10,2023-10,3516,Mojokerto,Jawa Timur,3516,kode,Trawas,1,,,,0,0,False
2633,3319 107 2023 010 020 1,2023-10-20,2023,10,2023-10,3319,Kudus,Jawa Tengah,3319,kode,Gebog Desa Klumpit,1,Diduga  dari bara api las Pengerjaan renovasi jembatan  kemudian merambat ke semak - semak dan rumput kering sekitar lokasi.,,,0,0,False
2634,6307 107 2023 010 020 1,2023-10-20,2023,10,2023-10,6307,Hulu Sungai Tengah,Kalimantan Selatan,6307,kode,"Barabai, Kab. Hulu Sungai Tengah Desa Pelajau,; Pandawan, Kab. Hulu Sungai Tengah Desa Banua Jingah,; Barabai, Kab. Hulu Sungai Tengah Desa Awang Besar; Barabai Kab. HST Desa Walatung RT. 6 RW. 3; Pandawan Kab. Hulu Sungai Tengah Desa Bangkal RT 05 Rw 03,; Labuan Amas Selatan, Kab, HST Desa Binjai Pirua; Labuan Amas Utara Kab. HST Desa Kapar; Batang Alai Selatan Kab. HST Desa Palajau; Pandawan Kab. HST Labuan Amas Utara desa Binjai Pitua",9,,,,0,0,False
2635,3213 107 2023 010 020 1,2023-10-20,2023,10,2023-10,3213,Subang,Jawa Barat,3213,kode,Kalijati,1,Dalam penyelidikan,,,0,0,False
2636,1402 107 2023 010 019 1,2023-10-19,2023,10,2023-10,1402,Indragiri Hulu,Riau,1402,kode,Rengat,1,,,,0,0,False
2637,3319 107 2023 010 019 1,2023-10-19,2023,10,2023-10,3319,Kudus,Jawa Tengah,3319,kode,Dawe Desa Kajar,1,Diduga pembakaran serasah daun kering yang merabat ke batang pohon  dan ranting yang berserakan di bawah,,,0,0,False
2638,5308 107 2023 010 019 1,2023-10-19,2023,10,2023-10,5308,Ende,Nusa Tenggara Timur,5308,kode,Kelimutu,1,"Pada Kamis (19/10/2023) pukul 13.00 Wita Pusdalops PB Kabupaten Ende melaporkan pristiwa tentang kebakaran hutan dan lahan di wilayah hutan Taman Nasional Kelimutu (TNK). Kebakaran Hutan dan Lahan disebabkan oleh bunga api yang ditiup angin dari sekitar wilayah hutan TNK hasil pembakaran kebun lahan masyarakat. Sebagai langkah upaya respon cepat BPBD Ende langsung menurunkan personil pada esok hari Jumat, (20/10/2023) untuk membantu memadamkan api dan melakukan kaji cepat lapangan. Proses pemadaman api memakan waktu hinga 9 jam dikarenakan kondisi medan yang sangat curam dalam wilayah hutan TNK. Pemadaman api dilakukan secara manual dengan cara membakar dan memangkas pohon dan rumput kering sebagai pembatas kebakaran tidak merambat.",,,0,0,False
2639,7307 107 2023 010 019 1,2023-10-19,2023,10,2023-10,7307,Sinjai,Sulawesi Selatan,7307,kode,Bulupoddo,1,Dipicu oleh pembakaran sampah,,,0,0,False
2640,6303 107 2023 010 018 1,2023-10-18,2023,10,2023-10,6303,Banjar,Kalimantan Selatan,6303,kode,"Martapura Kota. Jalan Gubernur Sarkawi Kalaan Sungai Pinang Komplek Berkat Alam Sekumpul; Martapura Kota Sungai Tabuk Desa Gudang Hirang; Sungai Tabuk Jl. gubernur sarkawi depan rumah sakit jiwa sambang lihum Berkat Alam Sekumpul Lutfia; Martapura Desa Handil Asang; Kertak Hanyar Jl Gubernur Sarkawi, Kecamatan Gambut, Banjar Jl. Gubernur Syarkawi; Gambut Titil 1 Desa Penggalaman; Martapura Barat Titik 2 Desa Penggalaman; Martapura Barat Jl. Gubernur Syarkawi depan RS jiwa sambang lihum; Gambut Samping Irigasi; Sungai Tabuk Desa Jingah Habang Ilir depan Makam Datu Gumbil; Karang Intan jalan gubernur sarkawi depan rumah sakit jiwa sambang lihum Gambut Desa Sungai Rangas; martapura barat Kab.Banjar.",12,,,,0,0,False
2641,6311 107 2023 010 018 1,2023-10-18,2023,10,2023-10,6311,Balangan,Kalimantan Selatan,6311,kode,Limpahong Kab. Balangan,1,,,,0,0,False
2642,3301 107 2023 010 018 1,2023-10-18,2023,10,2023-10,3301,Cilacap,Jawa Tengah,3301,kode,Cilacap Selatan,1,Masih dalam penyelidikan,,,0,0,False
2643,1502 107 2023 010 018 1,2023-10-18,2023,10,2023-10,1502,Merangin,Jambi,1502,kode,Bangko Desa Langling,1,,,,0,0,False
2644,1409 107 2023 010 018 1,2023-10-18,2023,10,2023-10,1409,Kuantan Singingi,Riau,1409,kode,Kuantan Tengah; Kuantan Hilir,2,,,,0,0,False
2645,3204 107 2023 010 018 1,2023-10-18,2023,10,2023-10,3204,Bandung,Jawa Barat,3204,kode,,0,Belum Diketahui,,,0,0,False
2646,3314 107 2023 010 018 1,2023-10-18,2023,10,2023-10,3314,Sragen,Jawa Tengah,3314,kode,Kedawung,1,Masih dalam penyelidikan,,,0,0,False
2647,1810 107 2023 010 018 1,2023-10-18,2023,10,2023-10,1810,Pringsewu,Lampung,1810,kode,"Pardasuka, Kab. Pringsewu",1,,,,0,0,False
2648,1404 107 2023 010 018 1,2023-10-18,2023,10,2023-10,1404,Indragiri Hilir,Riau,1404,kode,Keritang; Kempas,2,,,,0,0,False
2649,3310 107 2023 010 017 1,2023-10-17,2023,10,2023-10,3310,Klaten,Jawa Tengah,3310,kode,Klaten Tengah; Kalikotes; Tulung; Ngawen,4,Belum diketahui,,,0,0,False
2650,1409 107 2023 010 017 1,2023-10-17,2023,10,2023-10,1409,Kuantan Singingi,Riau,1409,kode,Benai; Kuantan Tengah; Inuman,3,,,,0,0,False
2651,1402 107 2023 010 017 1,2023-10-17,2023,10,2023-10,1402,Indragiri Hulu,Riau,1402,kode,Rengat Barat; Kelayang; Batang Peranap,3,,,,0,0,False
2652,3308 107 2023 010 017 1,2023-10-17,2023,10,2023-10,3308,Magelang,Jawa Tengah,3308,kode,Srumbung Desa Kemiren,1,Belum diketahui,,,0,0,False
2653,3314 107 2023 010 017 1,2023-10-17,2023,10,2023-10,3314,Sragen,Jawa Tengah,3314,kode,Masaran,1,Belum diketahui,,,0,0,False
2654,3207 107 2023 010 017 1,2023-10-17,2023,10,2023-10,3207,Ciamis,Jawa Barat,3207,kode,,0,Belum Diketahui,,,0,0,False
2655,3213 107 2023 010 017 1,2023-10-17,2023,10,2023-10,3213,Subang,Jawa Barat,3213,kode,,0,Belum Diketahui,,,0,0,False
2656,1806 107 2023 010 017 1,2023-10-17,2023,10,2023-10,1806,Tanggamus,Lampung,1806,kode,"Pugung, Kab. Tanggamus",1,,,,0,0,False
2657,1809 107 2023 010 017 1,2023-10-17,2023,10,2023-10,1809,Pesawaran,Lampung,1809,kode,Gedong,1,Masih dalam penyelidikan,,,0,0,False
2658,1404 107 2023 010 017 1,2023-10-17,2023,10,2023-10,1404,Indragiri Hilir,Riau,1404,kode,Gaung; Kemuning; Kemuning; Tempuling; Sungai Batang,5,,,,0,0,False
2659,3217 107 2023 010 017 1,2023-10-17,2023,10,2023-10,3217,Bandung Barat,Jawa Barat,3217,kode,,0,Belum Diketahui,,,0,0,False
2660,7306 107 2023 010 017 1,2023-10-17,2023,10,2023-10,7306,Gowa,Sulawesi Selatan,7306,kode,,0,Dalam proses penyelidikan,,,0,0,False
2661,1472 107 2023 010 017 1,2023-10-17,2023,10,2023-10,1472,Kota Dumai,Riau,1472,kode,Dumai Timur,1,,,,0,0,False
2662,7318 107 2023 010 016 1,2023-10-16,2023,10,2023-10,7318,Tana Toraja,Sulawesi Selatan,7318,kode,Gandang Batu Sillanan,1,"Dampak dari bencana alam kekeringan ( El Nino) menyebabkan lahan mengalami kekeringan dan rawan terbakar, sehingga hutan dan lahan di buntu Mangasi Kel. Mebali kec. Gandasil mengalami kebakaran.",,,0,0,False
2663,3211 107 2023 010 016 1,2023-10-16,2023,10,2023-10,3211,Sumedang,Jawa Barat,3211,kode,,0,Belum Diketahui,,,0,0,False
2664,3520 107 2023 010 016 1,2023-10-16,2023,10,2023-10,3520,Magetan,Jawa Timur,3520,kode,Plaosan,1,"Pada Hari Senin (16/10) sekitar pukul 14.00 WIB muncul titik asap di sekitar pos 4 dan pos 5 disekitar kandang umbaran selanjutnya pada Pukul 19.00 WIB secara visual terlihat titik api di lokasi tersebut. Pada hari Selasa (17/10) titik api tersebut masih terlihat , tepatnya masuk RPH Sarangan petak 73B masuk Wilayah Administratif Desa Getasanyar, Kecamatan Sidorejo menjalar masuk ke area petak 73A RPH Bedagung masuk Desa Sidomulyo, Kecamatan Sidorejo, selain itu juga dilakukan gerakan oleh Masyarakat, Relawan, BPBD, TNI, POLRI untuk mengantisipasi kebakaran melalui pembuatan ilaran. Kemudian pada hari Rabu (18/10) SATGAS Karhutla Kabupaten Magetan membuka Posko Penanganan Karhutla Gunung Lawu di Kelurahan Sarangan, Kecamatan Plaosan dan Poslap Penanganan Karhutla Gunung Lawu di Jalur Pendakian Cemorosewu, Desa Ngancar, Kecamatan Plaosan.",,,0,0,False
2665,1409 107 2023 010 016 1,2023-10-16,2023,10,2023-10,1409,Kuantan Singingi,Riau,1409,kode,Sentajo Raya; Gunung Toar,2,,,,0,0,False
2666,1404 107 2023 010 016 1,2023-10-16,2023,10,2023-10,1404,Indragiri Hilir,Riau,1404,kode,Keritang,1,,,,0,0,False
2667,1402 107 2023 010 016 1,2023-10-16,2023,10,2023-10,1402,Indragiri Hulu,Riau,1402,kode,Rengat Barat; Batang Cenaku,2,,,,0,0,False
2668,3310 107 2023 010 016 1,2023-10-16,2023,10,2023-10,3310,Klaten,Jawa Tengah,3310,kode,Bayat; Trucuk; Pedan; Jogonalan,4,Belum diketahui,,,0,0,False
2669,3209 107 2023 010 015 1,2023-10-15,2023,10,2023-10,3209,Cirebon,Jawa Barat,3209,kode,Sumber,1,Belum diketahui,,,0,0,False
2670,3213 107 2023 010 015 1,2023-10-15,2023,10,2023-10,3213,Subang,Jawa Barat,3213,kode,Sagalaherang,1,Belum diketahui,,,0,0,False
2671,3215 107 2023 010 015 1,2023-10-15,2023,10,2023-10,3215,Karawang,Jawa Barat,3215,kode,Tegalwaru,1,Belum diketahui,,,0,0,False
2672,3311 107 2023 010 015 1,2023-10-15,2023,10,2023-10,3311,Sukoharjo,Jawa Tengah,3311,kode,Nguter,1,Belum diketahui,,,0,0,False
2673,3314 107 2023 010 015 1,2023-10-15,2023,10,2023-10,3314,Sragen,Jawa Tengah,3314,kode,Kalijambe,1,Belum diketahui,,,0,0,False
2674,1408 107 2023 010 015 1,2023-10-15,2023,10,2023-10,1408,Siak,Riau,1408,kode,Sungai Mandau Kp. Tasik Betung,1,,,,0,0,False
2675,3401 107 2023 010 015 1,2023-10-15,2023,10,2023-10,3401,Kulon Progo,Daerah Istimewa Yogyakarta,3401,kode,,0,,,,0,0,False
2676,1402 107 2023 010 015 1,2023-10-15,2023,10,2023-10,1402,Indragiri Hulu,Riau,1402,kode,Peranap; Rakit Kulim,2,,,,0,0,False
2677,3403 107 2023 010 015 1,2023-10-15,2023,10,2023-10,3403,Gunungkidul,Daerah Istimewa Yogyakarta,3403,kode,,0,,,,0,0,False
2678,1404 107 2023 010 015 1,2023-10-15,2023,10,2023-10,1404,Indragiri Hilir,Riau,1404,kode,Kemuning; Kemuning; Tempuling; Enok; Mandah; Kempas,6,,,,0,0,False
2679,1472 107 2023 010 015 1,2023-10-15,2023,10,2023-10,1472,Kota Dumai,Riau,1472,kode,Medang Kampai,1,,,,0,0,False
2680,3403 107 2023 010 015 1,2023-10-15,2023,10,2023-10,3403,Gunungkidul,Daerah Istimewa Yogyakarta,3403,kode,,0,,,,0,0,False
2681,6303 107 2023 010 014 1,2023-10-14,2023,10,2023-10,6303,Banjar,Kalimantan Selatan,6303,kode,"Martapura Jl. Pemajatan; Gambut Desa Tungkaran; Martapura Desa Pematang; Sungai Tabuk. jalan tol gubernur syarkawi; Gambut Sungai sipai kecamatan martapura kota Aranio Gambut Aranio Awang Bangkal Barat Gambut Gambut Belangian, Aranio Jl. Gub. Sarkawi, Kencana Regency (Belakang Sambang Lihum); Gambut Desa Cindai Alus RING 1 Kec Martapura Kota titik ke 1 Beruntung Gambut Gambut Aranio Aranio",6,,,,0,0,False
2682,3301 107 2023 010 014 1,2023-10-14,2023,10,2023-10,3301,Cilacap,Jawa Tengah,3301,kode,Kampung Laut,1,Masih dalam penyelidikan  Upaya :,,,0,0,False
2683,3213 107 2023 010 014 1,2023-10-14,2023,10,2023-10,3213,Subang,Jawa Barat,3213,kode,Cikaum,1,Masih dalam penyelidikan  Upaya :,,,0,0,False
2684,5106 107 2023 010 014 1,2023-10-14,2023,10,2023-10,5106,Bangli,Bali,5106,kode,Kintamani,1,Masih dalam penyelidikan  Upaya :,,,0,0,False
2685,1402 107 2023 010 014 1,2023-10-14,2023,10,2023-10,1402,Indragiri Hulu,Riau,1402,kode,Rengat Barat,1,,,,0,0,False
2686,1508 107 2023 010 014 1,2023-10-14,2023,10,2023-10,1508,Bungo,Jambi,1508,kode,Bathin III Desa Purwobakti,1,,,,0,0,False
2687,3401 107 2023 010 014 1,2023-10-14,2023,10,2023-10,3401,Kulon Progo,Daerah Istimewa Yogyakarta,3401,kode,,0,,,,0,0,False
2688,3209 107 2023 010 013 1,2023-10-13,2023,10,2023-10,3209,Cirebon,Jawa Barat,3209,kode,,0,Belum Diketahui,,,0,0,False
2689,1871 107 2023 010 013 1,2023-10-13,2023,10,2023-10,1871,Kota Bandar Lampung,Lampung,1871,kode,Teluk Betung Barat,1,Belum diketahui,,,0,0,False
2690,3301 107 2023 010 013 1,2023-10-13,2023,10,2023-10,3301,Cilacap,Jawa Tengah,3301,kode,Cimanggu; Kawungaten,2,Diindikasi ada unsur kesengajaan (pembersihan lahan),,,0,0,False
2691,3308 107 2023 010 013 1,2023-10-13,2023,10,2023-10,3308,Magelang,Jawa Tengah,3308,kode,Srumbung Desa Ngargosoko,1,Masih dalam pengumpulan informasi,,,0,0,False
2692,3403 107 2023 010 012 1,2023-10-12,2023,10,2023-10,3403,Gunungkidul,Daerah Istimewa Yogyakarta,3403,kode,,0,,,,0,0,False
2693,3308 107 2023 010 012 1,2023-10-12,2023,10,2023-10,3308,Magelang,Jawa Tengah,3308,kode,Srumbung Desa Ngargosoko,1,Sedang dalam penyelidikan,,,0,0,False
2694,7301 107 2023 010 012 1,2023-10-12,2023,10,2023-10,7301,Kepulauan Selayar,Sulawesi Selatan,7301,kode,Bontosikuyu,1,Dalam penyelidikan,,,0,0,False
2695,3319 107 2023 010 012 1,2023-10-12,2023,10,2023-10,3319,Kudus,Jawa Tengah,3319,kode,Bae Desa Bae,1,Diduga akibat pembersihan lahan yang tak terkendalikan,,,0,0,False
2696,3301 107 2023 010 012 1,2023-10-12,2023,10,2023-10,3301,Cilacap,Jawa Tengah,3301,kode,Cimanggu,1,Dalam proses penyelidikan,,,0,0,False
2697,1402 107 2023 010 012 1,2023-10-12,2023,10,2023-10,1402,Indragiri Hulu,Riau,1402,kode,Rakit Kulim,1,,,,0,0,False
2698,5171 107 2023 010 012 1,2023-10-12,2023,10,2023-10,5171,Kota Denpasar,Bali,5171,kode,Denpasar Selatan,1,Dalam penyelidikan,,,0,0,False
2699,3314 107 2023 010 012 1,2023-10-12,2023,10,2023-10,3314,Sragen,Jawa Tengah,3314,kode,Gemolong,1,Masih dalam penyelidikan  Upaya :,,,0,0,False
2700,3471 107 2023 010 012 1,2023-10-12,2023,10,2023-10,3471,Kota Yogyakarta,Daerah Istimewa Yogyakarta,3471,kode,,0,,,,0,0,False
2701,1404 107 2023 010 012 1,2023-10-12,2023,10,2023-10,1404,Indragiri Hilir,Riau,1404,kode,Kemuning; Kempas,2,,,,0,0,False
2702,3512 107 2023 010 012 1,2023-10-12,2023,10,2023-10,3512,Situbondo,Jawa Timur,3512,kode,Sumber Malang,1,Belum diketahui pasti penyebab kebakaran tersebut dan masih dalam penyelidikan pihak Perhutani setempat,,,0,0,False
2703,6303 107 2023 010 012 1,2023-10-12,2023,10,2023-10,6303,Banjar,Kalimantan Selatan,6303,kode,Sungai Tabuk.,1,,,,0,0,False
2704,3403 107 2023 010 012 1,2023-10-12,2023,10,2023-10,3403,Gunungkidul,Daerah Istimewa Yogyakarta,3403,kode,,0,,,,0,0,False
2705,3312 107 2023 010 012 1,2023-10-12,2023,10,2023-10,3312,Wonogiri,Jawa Tengah,3312,kode,Nguntoronadi Desa Ngadiroyo,1,Masih dalam pengumpulan informasi,,,0,0,False
2706,3211 107 2023 010 012 1,2023-10-12,2023,10,2023-10,3211,Sumedang,Jawa Barat,3211,kode,Sumedang Utara,1,Dalam proses penyelidikan,,,0,0,False
2707,5304 107 2023 010 011 1,2023-10-11,2023,10,2023-10,5304,Belu,Nusa Tenggara Timur,5304,kode,Tasifeto Barat,1,BPBD Kab. Belu kembali melaporkan peristiwa Karhutla di kawasan hutan produksi terbatas (hutan jati) Udukama Nenuk pada Rabu (11/10/23) pukul 02.00 wita (dini hari). Pasca menerima laporan warga Corps Damkar langsung menuju TKP untuk melakukan upaya penanganan dilapangan.,,,0,0,False
2708,3401 107 2023 010 011 1,2023-10-11,2023,10,2023-10,3401,Kulon Progo,Daerah Istimewa Yogyakarta,3401,kode,,0,,,,0,0,False
2709,3314 107 2023 010 011 1,2023-10-11,2023,10,2023-10,3314,Sragen,Jawa Tengah,3314,kode,Tanon,1,dalam penyelidikan,,,0,0,False
2710,3213 107 2023 010 011 1,2023-10-11,2023,10,2023-10,3213,Subang,Jawa Barat,3213,kode,Subang,1,Dalam penyelidikan,,,0,0,False
2711,1811 107 2023 010 011 1,2023-10-11,2023,10,2023-10,1811,Mesuji,Lampung,1811,kode,Tanjung Raya Kab. Mesuji,1,,,,0,0,False
2712,1508 107 2023 010 011 1,2023-10-11,2023,10,2023-10,1508,Bungo,Jambi,1508,kode,Muko-Muko B VII Desa Bedaro,1,,,,0,0,False
2713,6303 107 2023 010 011 1,2023-10-11,2023,10,2023-10,6303,Banjar,Kalimantan Selatan,6303,kode,,0,,,,0,0,False
2714,1410 107 2023 010 010 1,2023-10-10,2023,10,2023-10,1410,Kepulauan Meranti,Riau,1410,kode,Rangsang,1,,,,0,0,False
2715,3511 107 2023 010 010 1,2023-10-10,2023,10,2023-10,3511,Bondowoso,Jawa Timur,3511,kode,Ijen,1,,,,0,0,False
2716,3204 107 2023 010 010 1,2023-10-10,2023,10,2023-10,3204,Bandung,Jawa Barat,3204,kode,Arjasari,1,Dalam proses penyelidikan,,,0,0,False
2717,8104 107 2023 010 010 1,2023-10-10,2023,10,2023-10,8104,Buru,Maluku,8104,kode,Waesapo,1,,,,0,0,False
2718,3211 107 2023 010 010 1,2023-10-10,2023,10,2023-10,3211,Sumedang,Jawa Barat,3211,kode,,0,Belum Diketahui,,,0,0,False
2719,3310 107 2023 010 010 1,2023-10-10,2023,10,2023-10,3310,Klaten,Jawa Tengah,3310,kode,Bayat Desa Gunung Gajah,1,penyebab kebakaran belum diketahui,,,0,0,False
2720,6303 107 2023 010 010 1,2023-10-10,2023,10,2023-10,6303,Banjar,Kalimantan Selatan,6303,kode,"Martapura Timur Desa Sungai Batang; Martapura Barat Gambut Martapura Aranio, Kab. Banjar",2,,,,0,0,False
2721,1401 107 2023 010 010 1,2023-10-10,2023,10,2023-10,1401,Kampar,Riau,1401,kode,XIII Koto Kampar,1,Dalam proses penyelidikan,,,0,0,False
2722,3403 107 2023 010 010 1,2023-10-10,2023,10,2023-10,3403,Gunungkidul,Daerah Istimewa Yogyakarta,3403,kode,,0,,,,0,0,False
2723,3213 107 2023 010 010 1,2023-10-10,2023,10,2023-10,3213,Subang,Jawa Barat,3213,kode,Subang,1,Dalam penyelidikan,,,0,0,False
2724,9203 107 2023 010 010 1,2023-10-10,2023,10,2023-10,9203,Fak Fak,Papua Barat,9203,kode,Bomberai,1,Dalam penyelidikan,,,0,0,False
2725,1409 107 2023 010 09 1,2023-10-09,2023,10,2023-10,1409,Kuantan Singingi,Riau,1409,kode,Cerent; Sentajo Raya,2,,,,0,0,False
2726,3403 107 2023 010 09 1,2023-10-09,2023,10,2023-10,3403,Gunungkidul,Daerah Istimewa Yogyakarta,3403,kode,,0,,,,0,0,False
2727,3211 107 2023 010 09 1,2023-10-09,2023,10,2023-10,3211,Sumedang,Jawa Barat,3211,kode,Sumedang Selatan,1,Dalam proses penyelidikan,,,0,0,False
2728,3207 107 2023 010 09 1,2023-10-09,2023,10,2023-10,3207,Ciamis,Jawa Barat,3207,kode,Panjalu,1,Dalam penyelidikan,,,0,0,False
2729,3203 107 2023 010 09 1,2023-10-09,2023,10,2023-10,3203,Cianjur,Jawa Barat,3203,kode,,0,,1.0,,0,0,False
2730,3205 107 2023 010 09 1,2023-10-09,2023,10,2023-10,3205,Garut,Jawa Barat,3205,kode,,0,Belum Diketahui,,,0,0,False
2731,7316 107 2023 010 09 1,2023-10-09,2023,10,2023-10,7316,Enrekang,Sulawesi Selatan,7316,kode,Enrekang,1,Dalam proses penyelidikan,,,0,0,False
2732,2171 107 2023 010 09 1,2023-10-09,2023,10,2023-10,2171,Kota Batam,Kepulauan Riau,2171,kode,,0,Dalam penyelidikan,,,0,0,False
2733,3210 107 2023 010 09 1,2023-10-09,2023,10,2023-10,3210,Majalengka,Jawa Barat,3210,kode,Sukahaji; Majalengka; Talaga,3,Masih dalam penyelidikan,,,0,0,False
2734,3305 107 2023 010 09 1,2023-10-09,2023,10,2023-10,3305,Kebumen,Jawa Tengah,3305,kode,Padureso,1,masih dalam penyelidikan,,,0,0,False
2735,1403 107 2023 010 09 1,2023-10-09,2023,10,2023-10,1403,Bengkalis,Riau,1403,kode,Pinggir,1,,,,0,0,False
2736,1402 107 2023 010 08 1,2023-10-08,2023,10,2023-10,1402,Indragiri Hulu,Riau,1402,kode,Batang Cenaku; Batang Cenaku; Batang Gangsal; Rengat,4,,,,0,0,False
2737,2101 107 2023 010 08 1,2023-10-08,2023,10,2023-10,2101,Bintan,Kepulauan Riau,2101,kode,Bintan Utara; Gunung Kijang,2,Dalam penyelidikan,,,0,0,False
2738,1409 107 2023 010 08 1,2023-10-08,2023,10,2023-10,1409,Kuantan Singingi,Riau,1409,kode,Hulu Kuantan,1,,,,0,0,False
2739,1607 107 2023 010 08 1,2023-10-08,2023,10,2023-10,1607,Banyuasin,Sumatera Selatan,1607,kode,Rantau Bayur,1,masih dalam penyelidikan,,,0,0,False
2740,6311 107 2023 010 08 1,2023-10-08,2023,10,2023-10,6311,Balangan,Kalimantan Selatan,6311,kode,,0,,,,0,0,False
2741,3314 107 2023 010 08 1,2023-10-08,2023,10,2023-10,3314,Sragen,Jawa Tengah,3314,kode,Kedawung Desa Celep,1,Pembakaran sampah yang tidak di awasi.,,,0,0,False
2742,1401 107 2023 010 08 1,2023-10-08,2023,10,2023-10,1401,Kampar,Riau,1401,kode,Tapung,1,,,,0,0,False
2743,6303 107 2023 010 08 1,2023-10-08,2023,10,2023-10,6303,Banjar,Kalimantan Selatan,6303,kode,"Martapura Kota Desa Cindai Alus; Martapura Kota. Jl. Pemajatan Komp. Dinar Mas 3; Gambut. Desa keramat ,; Martapura Timur.",4,,,,0,0,False
2744,3201 107 2023 010 08 1,2023-10-08,2023,10,2023-10,3201,Bogor,Jawa Barat,3201,kode,,0,Belum Diketahui,,,0,0,False
2745,1502 107 2023 010 08 1,2023-10-08,2023,10,2023-10,1502,Merangin,Jambi,1502,kode,Muara Siau Desa Raman,1,,,,0,0,False
2746,3310 107 2023 010 08 1,2023-10-08,2023,10,2023-10,3310,Klaten,Jawa Tengah,3310,kode,Bayat,1,masih dalam penyelidikan,,,0,0,False
2747,5304 107 2023 010 08 1,2023-10-08,2023,10,2023-10,5304,Belu,Nusa Tenggara Timur,5304,kode,Tasifeto Barat,1,"BPBD Kab. Belu melaporkan peristiwa kebakaran hutan jati Nenuk yang terjadi pada Minggu (8/10/23) pukul 21.00 wita. Lima menit setelah peristiwa itu terjadi Corps Damkar langsung menuju TKP untuk melakukan upaya penanganan dilapangan. Tim Damkar Kab. Belu menurunkan 1 mobil induk kebakaran dan 1 Mobil tangki pendukung, dengan dipimpin langsung Kabid Damkar dan Koordinator Lapangan Regu 2.",,,0,0,False
2748,3319 107 2023 010 08 1,2023-10-08,2023,10,2023-10,3319,Kudus,Jawa Tengah,3319,kode,Dawe Desa Kuwukan,1,Pembakaran pohon randu yang belum mati sepenuhnya sehingga api meluas ke sekitarnya.,,,0,0,False
2749,6110 107 2023 010 08 1,2023-10-08,2023,10,2023-10,6110,Melawi,Kalimantan Barat,6110,kode,Nanga pinoh,1,Api dari pembakaran lahan yang merembet dan meluas dan mengakibatkan terputusnya kabel milik PLN sehingga ada ratusan rumah warga yang mengalami pemadaman listrik,,,0,0,False
2750,1508 107 2023 010 08 1,2023-10-08,2023,10,2023-10,1508,Bungo,Jambi,1508,kode,Pelepat Ilir Desa Padang Palangeh,1,,,,0,0,False
2751,1409 107 2023 010 07 1,2023-10-07,2023,10,2023-10,1409,Kuantan Singingi,Riau,1409,kode,Kuantan Tengah; Sengingi Hilir,2,,,,0,0,False
2752,1404 107 2023 010 07 1,2023-10-07,2023,10,2023-10,1404,Indragiri Hilir,Riau,1404,kode,Kempas,1,,,,0,0,False
2753,6303 107 2023 010 07 1,2023-10-07,2023,10,2023-10,6303,Banjar,Kalimantan Selatan,6303,kode,Martapura Barat. Kab.Banjar Kayu Bawang; Gambut Kab. Banjar Kayu Bawang (Pinggir Jalan Gubernur Subarjo); Gambut Kab.Banjar,3,,,,0,0,False
2754,1504 107 2023 010 07 1,2023-10-07,2023,10,2023-10,1504,Batanghari,Jambi,1504,kode,Bajubang Desa Mekar Jaya,1,,,,0,0,False
2755,1402 107 2023 010 07 1,2023-10-07,2023,10,2023-10,1402,Indragiri Hulu,Riau,1402,kode,Seberida; Rengat; Rengat Barat; Rengat; Batang Cenaku; Rakit Kulim; Seberida,7,,,,0,0,False
2756,3314 107 2023 010 06 1,2023-10-06,2023,10,2023-10,3314,Sragen,Jawa Tengah,3314,kode,Kalijambe,1,belum diketahui,,,0,0,False
2757,1402 107 2023 010 06 1,2023-10-06,2023,10,2023-10,1402,Indragiri Hulu,Riau,1402,kode,Batang Cenaku,1,,,,0,0,False
2758,3401 107 2023 010 06 1,2023-10-06,2023,10,2023-10,3401,Kulon Progo,Daerah Istimewa Yogyakarta,3401,kode,,0,,,,0,0,False
2759,1506 107 2023 010 06 1,2023-10-06,2023,10,2023-10,1506,Tanjung Jabung Barat,Jambi,1506,kode,Betara,1,belum diketahui,,,0,0,False
2760,1504 107 2023 010 06 1,2023-10-06,2023,10,2023-10,1504,Batanghari,Jambi,1504,kode,Muaro sebo Ilir Desa Karya Mukti,1,,,,0,0,False
2761,7308 107 2023 010 06 1,2023-10-06,2023,10,2023-10,7308,Bone,Sulawesi Selatan,7308,kode,Patimpeng,1,belum diketahui,,,0,0,False
2762,3310 107 2023 010 06 1,2023-10-06,2023,10,2023-10,3310,Klaten,Jawa Tengah,3310,kode,Karangmalang Desa Guworejo,1,Masih dalam pengumpulan informasi.,,,0,0,False
2763,6303 107 2023 010 06 1,2023-10-06,2023,10,2023-10,6303,Banjar,Kalimantan Selatan,6303,kode,Martapura Gambut Gambut Jl Pemanjatan Komplek Dinar Mas 3 Kec Gambut Jl Pemanjatan Komplek Dinar Mas 3 Kec Gambut. Desa Batang Banyu; Sambung Makmur. RING 1 Desa Cindai Alus; Martapura Kota,3,,,,0,0,False
2764,7308 107 2023 010 06 1,2023-10-06,2023,10,2023-10,7308,Bone,Sulawesi Selatan,7308,kode,Palakka,1,belum diketahui,,,0,0,False
2765,3210 107 2023 010 06 1,2023-10-06,2023,10,2023-10,3210,Majalengka,Jawa Barat,3210,kode,Rajagaluh; Sukahaji,2,Dalam penyelidikan,,,0,0,False
2766,1404 107 2023 010 06 1,2023-10-06,2023,10,2023-10,1404,Indragiri Hilir,Riau,1404,kode,Kemuning,1,,,,0,0,False
2767,6207 107 2023 010 06 1,2023-10-06,2023,10,2023-10,6207,Seruyan,Kalimantan Tengah,6207,kode,Seruyan Hilir,1,belum diketahui,,,0,0,False
2768,1409 107 2023 010 05 1,2023-10-05,2023,10,2023-10,1409,Kuantan Singingi,Riau,1409,kode,Singingi Hilir,1,,,,0,0,False
2769,6210 107 2023 010 05 1,2023-10-05,2023,10,2023-10,6210,Gunung Mas,Kalimantan Tengah,6210,kode,Null,1,pembebasan lahan oleh masyarakat,,,0,0,False
2770,3403 107 2023 010 05 1,2023-10-05,2023,10,2023-10,3403,Gunungkidul,Daerah Istimewa Yogyakarta,3403,kode,,0,,,,0,0,False
2771,3322 107 2023 010 05 1,2023-10-05,2023,10,2023-10,3322,Semarang,Jawa Tengah,3322,kode,Pabelan Desa Kauman Lor,1,,,,0,0,False
2772,1508 107 2023 010 05 1,2023-10-05,2023,10,2023-10,1508,Bungo,Jambi,1508,kode,Pelepat Ilir Desa Padang Palangeh; Rimbo Tengah Desa Sungai Buluh; Pelepat Ilir Desa Padang Palangeh; Bathin III Desa Sarana Jaya,4,,,,0,0,False
2773,3213 107 2023 010 05 1,2023-10-05,2023,10,2023-10,3213,Subang,Jawa Barat,3213,kode,,0,Belum Diketahui,,,0,0,False
2774,3308 107 2023 010 05 1,2023-10-05,2023,10,2023-10,3308,Magelang,Jawa Tengah,3308,kode,Candimulyo Desa Kembaran; Salaman Desa Kalirejo,2,Dalam identifikasi,,1.0,0,0,False
2775,1504 107 2023 010 05 1,2023-10-05,2023,10,2023-10,1504,Batanghari,Jambi,1504,kode,Maro Sebo Ilir Desa Danau Empat,1,,,,0,0,False
2776,3403 107 2023 010 05 1,2023-10-05,2023,10,2023-10,3403,Gunungkidul,Daerah Istimewa Yogyakarta,3403,kode,,0,,,,0,0,False
2777,1301 107 2023 010 05 1,2023-10-05,2023,10,2023-10,1301,Pesisir Selatan,Sumatera Barat,1301,kode,Ranah  Nagari. Simpang Gunung,1,pembukaan lahan baru,,,0,0,False
2778,3302 107 2023 010 05 1,2023-10-05,2023,10,2023-10,3302,Banyumas,Jawa Tengah,3302,kode,Lumbir Desa Parungkamal,1,Masih dalam penyelidikan,,,0,0,False
2779,3312 107 2023 010 05 1,2023-10-05,2023,10,2023-10,3312,Wonogiri,Jawa Tengah,3312,kode,Wonogiri Desa Giriwono,1,Masih dalam pengumpulan informasi.,,,0,0,False
2780,3210 107 2023 010 05 1,2023-10-05,2023,10,2023-10,3210,Majalengka,Jawa Barat,3210,kode,,0,Belum Diketahui,,,0,0,False
2781,1906 107 2023 010 05 1,2023-10-05,2023,10,2023-10,1906,Belitung Timur,Kepulauan Bangka Belitung,1906,kode,Manggar; Gantung,2,belum diketahui,,,0,0,False
2782,1502 107 2023 010 05 1,2023-10-05,2023,10,2023-10,1502,Merangin,Jambi,1502,kode,Batang Masumai Desa Pulau Layang,1,,,,0,0,False
2783,3310 107 2023 010 05 1,2023-10-05,2023,10,2023-10,3310,Klaten,Jawa Tengah,3310,kode,Pedan Desa Kaligawe,1,Masih dalam penyelidikan,,,0,0,False
2784,1404 107 2023 010 05 1,2023-10-05,2023,10,2023-10,1404,Indragiri Hilir,Riau,1404,kode,Enok; Tempuling,2,,,,0,0,False
2785,3208 107 2023 010 04 1,2023-10-04,2023,10,2023-10,3208,Kuningan,Jawa Barat,3208,kode,,0,Belum Diketahui,,,0,0,False
2786,3314 107 2023 010 04 1,2023-10-04,2023,10,2023-10,3314,Sragen,Jawa Tengah,3314,kode,Kedawung Desa Kedawung,1,Masih dalam pengumpulan informasi,,,0,0,False
2787,1504 107 2023 010 04 1,2023-10-04,2023,10,2023-10,1504,Batanghari,Jambi,1504,kode,Muara Bulian Desa Senami,1,,,,0,0,False
2788,7212 107 2023 010 04 1,2023-10-04,2023,10,2023-10,7212,Morowali Utara,Sulawesi Tengah,7212,kode,Mori Atas,1,"Sesuai rilis BMKG Potensi Musim Kemarau yang berkepanjangan dengan peringatan fenomena El-Nino di beberapa wilayah termasuk Sulawesi Tengah mengakibatkan terjadinya kebakaran lahan sejak pukul 18:00 WITA di Dusun Pandiri, Desa Kolaka, Kec. Mori Atas, Kab. Morowali Utara",,,0,0,False
2789,7316 107 2023 010 04 1,2023-10-04,2023,10,2023-10,7316,Enrekang,Sulawesi Selatan,7316,kode,Enrekang,1,belum diketahui,,,0,0,False
2790,3201 107 2023 010 04 1,2023-10-04,2023,10,2023-10,3201,Bogor,Jawa Barat,3201,kode,,0,Belum Diketahui,,,0,0,False
2791,3210 107 2023 010 04 1,2023-10-04,2023,10,2023-10,3210,Majalengka,Jawa Barat,3210,kode,Sukahaji; Panyingkiran; sindang; Sukahaji; Panyingkiran; sindang,6,human error,,,0,0,False
2792,6104 107 2023 010 04 1,2023-10-04,2023,10,2023-10,6104,Ketapang,Kalimantan Barat,6104,kode,Matan Hilir; Muara Pawan; Matan Hilir Selatan,3,dalam penyelidikan,,,0,0,False
2793,3302 107 2023 010 04 1,2023-10-04,2023,10,2023-10,3302,Banyumas,Jawa Tengah,3302,kode,Kebasen Desa Kalisalak,1,Diduga dari puntung rokok yang dibuang dari pengguna jalan.,,,0,0,False
2794,1502 107 2023 010 04 1,2023-10-04,2023,10,2023-10,1502,Merangin,Jambi,1502,kode,Muara Siau Desa Raman,1,,,,0,0,False
2795,1401 107 2023 010 04 1,2023-10-04,2023,10,2023-10,1401,Kampar,Riau,1401,kode,Tambang,1,,,,0,0,False
2796,1902 107 2023 010 04 1,2023-10-04,2023,10,2023-10,1902,Belitung,Kepulauan Bangka Belitung,1902,kode,Tanjung Pandan,1,belum diketahui,,,0,0,False
2797,6207 107 2023 010 04 1,2023-10-04,2023,10,2023-10,6207,Seruyan,Kalimantan Tengah,6207,kode,Seruyan Hilir; Danau Sembuluh; Seruyan Raya,3,belum diketahui,,,0,0,False
2798,3312 107 2023 010 04 1,2023-10-04,2023,10,2023-10,3312,Wonogiri,Jawa Tengah,3312,kode,Wonokarto  Desa Wonokarto Selatan,1,Masih dalam pengumpulan informasi,,,0,0,False
2799,6307 107 2023 010 03 1,2023-10-03,2023,10,2023-10,6307,Hulu Sungai Tengah,Kalimantan Selatan,6307,kode,"Barabai, Kab. HST Desa Kapar,Kec Batang Alai Selatan,Kab.HST Desa Barabai Darat (Muallimin) Kecamatan Barabai Kabupaten Hulu Sungai Tengah Desa Pandanu,Kec Haruyan,Kab Hulu Sungai Tengah Desa Rasau; Pandawan Kab. HST Kebakaran Lahan Desa Pajukungan; Barabai Kab. Hulu sungai Tengah. Desa Masiran; Pandawan Kab. HST Desa Rasau; Pandawan, Kab.HST Desa Sungai Rangas; Labuan Amas Selatan Kab. HST. Labuan AMas Selatan Desa Bangkal",6,,,,0,0,False
2800,1504 107 2023 010 03 1,2023-10-03,2023,10,2023-10,1504,Batanghari,Jambi,1504,kode,Bajubang Area Konsesi PTREKI,1,,,,0,0,False
2801,1403 107 2023 010 03 1,2023-10-03,2023,10,2023-10,1403,Bengkalis,Riau,1403,kode,Bathin Solapan,1,,,,0,0,False
2802,1408 107 2023 010 03 1,2023-10-03,2023,10,2023-10,1408,Siak,Riau,1408,kode,Siak Kp. Rawang Air Putih,1,,,,0,0,False
2803,5107 107 2023 010 03 1,2023-10-03,2023,10,2023-10,5107,Karangasem,Bali,5107,kode,Abang,1,Dalam proses penyelidikan,,,0,0,False
2804,1508 107 2023 010 03 1,2023-10-03,2023,10,2023-10,1508,Bungo,Jambi,1508,kode,Bathin III  Desa Gemuruh; Bathin II Babeko Desa Tanjung Menanti; Rimbo Tengah Desa Sungai Buluh; Bathin III Desa Manggis; Rimbo Tengah Desa Sei Mangkuang,5,,,,0,0,False
2805,6303 107 2023 010 03 1,2023-10-03,2023,10,2023-10,6303,Banjar,Kalimantan Selatan,6303,kode,"Martapura Kota Kab.Banjar Desa Sungai Rangas Ulu,; Martapura Barat Kab.Banjar",2,,,,0,0,False
2806,3211 107 2023 010 03 1,2023-10-03,2023,10,2023-10,3211,Sumedang,Jawa Barat,3211,kode,,0,Belum Diketahui,,,0,0,False
2807,3204 107 2023 010 03 1,2023-10-03,2023,10,2023-10,3204,Bandung,Jawa Barat,3204,kode,,0,Belum Diketahui,,,0,0,False
2808,3403 107 2023 010 03 1,2023-10-03,2023,10,2023-10,3403,Gunungkidul,Daerah Istimewa Yogyakarta,3403,kode,,0,,,,0,0,False
2809,1504 107 2023 010 02 1,2023-10-02,2023,10,2023-10,1504,Batanghari,Jambi,1504,kode,,0,,,,0,0,False
2810,3213 107 2023 010 02 1,2023-10-02,2023,10,2023-10,3213,Subang,Jawa Barat,3213,kode,Kasomalang,1,dalam penyelidikan,,,0,0,False
2811,1502 107 2023 010 02 1,2023-10-02,2023,10,2023-10,1502,Merangin,Jambi,1502,kode,Pamenang Desa Tanjung Lamin,1,,,,0,0,False
2812,3301 107 2023 010 02 1,2023-10-02,2023,10,2023-10,3301,Cilacap,Jawa Tengah,3301,kode,Cimanggu Desa Bantarpanjang,1,Api berasal dari warga yang membersihkan kebun tidak terkendali dan meluas membakar lahan sekitarnya.,,,0,0,False
2813,3319 107 2023 010 02 1,2023-10-02,2023,10,2023-10,3319,Kudus,Jawa Tengah,3319,kode,Kaliwungu Desa Papringan,1,Pembakaran sampah yang merambat lahan sekitarnya,,,0,0,False
2814,3210 107 2023 010 02 1,2023-10-02,2023,10,2023-10,3210,Majalengka,Jawa Barat,3210,kode,,0,Belum Diketahui,,,0,0,False
2815,6303 107 2023 010 02 1,2023-10-02,2023,10,2023-10,6303,Banjar,Kalimantan Selatan,6303,kode,Gambut Desa Penggalaman dalam rt 03 handil 2; Martapura Barat Desa Cindai Alus RT 08; Martapura Kota Gambut Aranio Aranio Gambut Bundaran Km. 17; Gambut Jl. Karang Anyar; Gambut,5,,,,0,0,False
2816,1471 107 2023 010 02 1,2023-10-02,2023,10,2023-10,1471,Kota Pekanbaru,Riau,1471,kode,Bina WidyaDs.Simpang Baru; RumbaiDs. Meranti Pandak; Tenayan RayaDs. Mentangor; Payung SekakiDs. Air Hitam; Bina WidyaDs. Simpang Baru,5,,,,0,0,False
2817,1217 107 2023 010 02 1,2023-10-02,2023,10,2023-10,1217,Samosir,Sumatera Utara,1217,kode,Sianjur Mulamula,1,Dalam proses penyelidikan,,,0,0,False
2818,1813 107 2023 010 02 1,2023-10-02,2023,10,2023-10,1813,Pesisir Barat,Lampung,1813,kode,,0,,,,0,0,False
2819,3209 107 2023 010 02 1,2023-10-02,2023,10,2023-10,3209,Cirebon,Jawa Barat,3209,kode,,0,Belum Diketahui,,,0,0,False
2820,5319 107 2023 010 01 1,2023-10-01,2023,10,2023-10,5319,Manggarai Timur,Nusa Tenggara Timur,5319,kode,Kota Komba,1,belum diketahui,,,0,0,False
2821,3207 107 2023 010 01 1,2023-10-01,2023,10,2023-10,3207,Ciamis,Jawa Barat,3207,kode,Pamarican,1,Dalam proses penyelidikan,,,0,0,False
2822,3301 107 2023 010 01 1,2023-10-01,2023,10,2023-10,3301,Cilacap,Jawa Tengah,3301,kode,Cimanggu,1,Belum diketahui,,,0,0,False
2823,1402 107 2023 010 01 1,2023-10-01,2023,10,2023-10,1402,Indragiri Hulu,Riau,1402,kode,Batang Cenaku,1,,,,0,0,False
2824,3213 107 2023 010 01 1,2023-10-01,2023,10,2023-10,3213,Subang,Jawa Barat,3213,kode,,0,Belum Diketahui,,,0,0,False
2825,6303 107 2023 010 01 1,2023-10-01,2023,10,2023-10,6303,Banjar,Kalimantan Selatan,6303,kode,"Gambut Jl. Tol Mali-Mali,; Karang Intan Samping SMA 1 Sungai Tabuk,; Sungai Tabuk Fitria Residen Kec Karang Intan.",3,,,,0,0,False
2826,1409 107 2023 010 01 1,2023-10-01,2023,10,2023-10,1409,Kuantan Singingi,Riau,1409,kode,Kuantan Tengah; Kuantan Mudik,2,,,,0,0,False
2827,3604 107 2023 010 01 1,2023-10-01,2023,10,2023-10,3604,Serang,Banten,3604,kode,Anyer,1,dalam penyelidikan,,,0,0,False
2828,6311 107 2023 010 01 1,2023-10-01,2023,10,2023-10,6311,Balangan,Kalimantan Selatan,6311,kode,"Batumandi, Kab. Balangan",1,,,,0,0,False
2829,6372 107 2023 010 01 1,2023-10-01,2023,10,2023-10,6372,Kota Banjarbaru,Kalimantan Selatan,6372,kode,,0,,,,0,0,False
2830,6310 107 2023 010 01 1,2023-10-01,2023,10,2023-10,6310,Tanah Bumbu,Kalimantan Selatan,6310,kode,"Batulicin Jl. Arjuna; Batulicin JL. Arjuna RT. 18; Batulicin Desa Karya Bakti RT.02; Kusan Tengah Desa Karya Bakti; Kusan Tengah Kab Tanah Bumbu Jl. Kuranji , Desa Maju Bersama RT. 03; Batulicin Kab Tanah Bumbu Jl. Dharma Praja,Desa kersik putih, Kec Batulicin Jl. Lingkar Kusambi,Desa Maju Bersama RT.03,Kec Batulicin Jl. Arjuna,Kel. Batulicin,Kec Batulicin Jl. Bakarangan Desa Betung Kecamatan Kusan hilr Jl. Kuranji Desa Maju Bersama RT. 03 Kecamatan Batulicin Jl. Lingkar Kusambi ,Desa Maju Bersama RT.03; Batulicin Kab.Tanah Bumbu Jl. Lingkar 30,Desa Maju Bersama RT.06,Kec Batulicin Jl. Lingkar 30, Desa Batulicin, Kecamatan Batulicin Jl. Semayap / Arjuna Kel/Desa :; Kusan Hilir Kab. Tanah Bumbu Jln Domaing Desa Kersik Putih RT.06; Batulicin, Kab.Tanah Bumbu Jln Darhma Praja (Gardu PLN) Desa Kersik Putih; Batulicin, Kab.Tanah Bumbu Jl. Lingkar 30; Batulicin, Kab.Tanah Bumbu Desa Tanete; Kusan Hilir kab.tanah bumbu Jl. Lingkar 30,Kel. Batulicin,Kec Batulicin Jl. Poros Batulicin,Desa Api-Api RT.03 Jl. Lingkar 30 (samping eks politeknik); Batulicin Jl. Arjuna RT. 18; Batulicin Jl.Arjuna; Batulicin Kab. Tanah Bumbu Wilayah perumahan H. Tare (depan pasar Minggu),; Simpang Empat Kab. Tanah Bumbu Desa Kersik Putih (Perumahan Kersik Putih Indah); Batulicin, Kab.Tanah Bumbu Kelurahan Gunung Tinggi RT. 02; Batulicin, Kab. Tanah Bumbu Perumahan Kersik Putih Indah,Kel Tanah Merah Indah , Kec Batulicin Jl. Penghulu RT.01, Kelurahan Guning Tinggi Kecamatan : Batulicin Desa Polewali Marajae RT.03, Kecamatan Batulicin Desa Segumbang RT.02; Batuicin Jl. Arwana Desa Suka Maju RT. 01,; Batulicin, Kab.Tanah Bumbu Jl. Dharma Praja Desa Kersik Putih,; Batulicin, Kab.Tanah Bumbu Jalan. Lingkar 30, Kec Batulicin Perumahan Madani, Desa Kersik Putih , Kec Batulicin Jalan Lingkar 30 , Kec Batulicin Jalan Arjuna (SMK TUNAS BANGSA) , Kec Batulicin Jl. Dharma Praja Desa Kersik Putih; Batulicin Jln Tanjung minung Kelurahan Gunung Tinggi RT.05,; Batulicin, Kab.Tanah Bumbu Jl. Dharma Praja,Desa Kersik Putih Jl. Lesehan Bambu Kuning,Kec Batulicin Jl. Asnawi II desa Tanah Merah Indah, Kecamatan : Batulicin Jl. Manggis Kecamatan : Batulicin Desa Karya Bakti RT.02, Kecamatan Kusan Tengah, Kab. Tanah Bumbu Desa Kampung Baru (Perumahan H. Tare) RT. 003 Kecamatan Simpang Empat Jl. Dharma Praja jembatan satu Desa Kersik Putih RT. 07; Batulicin Jl. 30 Jembatan Kembar Desa Kusambi; Batulicin Jl.Darma Praja (perumahan berkat mandiri); Batulicin Desa Bunati Jl. Arjuna Jl. Lingkar Kusambi Jl. Malewa (perumahan malewa Jl. Manggis",26,,,,0,0,False
2831,6309 107 2023 010 01 1,2023-10-01,2023,10,2023-10,6309,Tabalong,Kalimantan Selatan,6309,kode,,0,,,,0,0,False
2832,1813 107 2023 010 01 1,2023-10-01,2023,10,2023-10,1813,Pesisir Barat,Lampung,1813,kode,,0,,,,0,0,False
2833,6304 107 2023 010 01 1,2023-10-01,2023,10,2023-10,6304,Barito Kuala,Kalimantan Selatan,6304,kode,"Marabahan, Kabupaten Barito Kuala Desa Semangat Dalam (Komp. Kurnia Indah), Kecamatan Alalak, Kabupaten Barito Kuala Desa Sawahan Rt.008 Ray 16, Kecamatan Cerbon, Kabupaten Barito Kuala Desa Puntik Tengah Ray 4, Kecamatan Mandastana, Kabupaten Barito Kuala Desa Jejangkit Pasar Handil 6, Kecamatan Jejangkit, Kabupaten Barito Kuala Desa Batik,; Bakumpai Kab. Barito Kuala Desa Bahandang; Jejangkit Kab. Barito Kuala; Marabahan Kab. Barito Kuala Jl. BLK; Marabahan, Kabupaten Barito Kuala Jl.BLK, Kelurahan Ulu Benteng,; Marabahan Kab. Barito Kuala Kelurahan Ulu Benteng,; Marabahan Kab. Barito Kuala Tamban, Mekarsari Alalak Mandastana Alalak Tamban Cerbon Tabukan Mandastana Mandastana Bakumpai Barambai Alalak Alalak Bakumpai Rantau Badauh Marabahan Marabahan Marabahan Barambai Mekarsari Mekarsari",7,,,,0,0,False
2834,6305 107 2023 010 01 1,2023-10-01,2023,10,2023-10,6305,Tapin,Kalimantan Selatan,6305,kode,Tapin Utara Jl. Hakim Samad Desa Hiyung; Tapin Tengah Kab. Tapin; Lokpaikat Kab. Tapin; Candi Laras Selatan Kab.Tapin Pualam Sari; Tapin Tengah Kab.Tapin Jalan Balunan Desa Lokpaikat; Lokpaikat Kab.Tapin Blok F Rt.005 RW.002 Desa Ayunan Papan; Lokpaikat Kab.Tapin Jalan Hambrani; Tapin Utara Kab.Tapin Dusun Taibah Desa Binderang; Lokpaikat Kab.Tapin Desa Binderang (Impat); Lokpaikat Kab. Tapin Kel Rangda Malingkung Kec Tapin Utara Kel Bitahan kec.lokpaikat Desa Hiyung; Lokpaikat Kab.Tapin Jalan patinting (balunan) Desa Lokpaikat; Lokpaikat Kab.Tapin Desa Bungur; Bungur Jl. Matang Asam Desa Lawahan,13,,,,0,0,False
2835,3403 107 2023 010 01 1,2023-10-01,2023,10,2023-10,3403,Gunungkidul,Daerah Istimewa Yogyakarta,3403,kode,,0,,,,0,0,False
2836,6301 107 2023 010 01 1,2023-10-01,2023,10,2023-10,6301,Tanah Laut,Kalimantan Selatan,6301,kode,"Kintap, Kab. Tanah Laut. Desa Pasir Putih Rt 05,; Kintap, Kab. Tanah Laut. Desa Pandahan,; Bati-Bati, Kab. Tanah Laut. Desa Pandahan,; Bati-Bati, Kab. Tanah Laut. Desa Kintap Kecil,; Kintap, Kab. Tanah Laut. Jl. Raya Takisung, Desa Takisung,; Takisung, Kab. Tanah Laut. Desa Kintap Kecil Rt 5,; Kintap, Kab. Tanah Laut. Desa Ambungan,; Pelaihari, Kab. Tanah Laut. Desa Kintap Kecil Rt 2,; Kintap, Kab. Tanah Laut Desa Ambungan,; Pelaihari, Kab. Tanah Laut Desa Maluka Baulin,; Kurau, Kab. Tanah Laut Desa Srikandi,; Kurau, Kab. Tanah Laut.; Tambang Ulang, Kab. Tanah Laut. Bati-Bati Kecamatan Bati Bati Desa Takisung,; Takisung, Kab. Tanah Laut. Desa Kintap Rt 2; Kintap Kab. Tanah Laut Desa Pandan Sari Rt 13; Kintap Kab. Tanah Laut Desa Telaga,; Pelaihari, Kab. Tanah Laut. Jl. Sarang Halang Rt 06 Rw 04 Desa Bumi Jaya,; Pelaihari, Kab. Tanah Laut. PT. Suri Tani Pemuka, Desa Telaga Langsat,; Takisung, Kab. Tanah Laut. Desa Bukit Mulya,; Kintap, Kab. Tanah Laut Desa Bukit Mulya Rt 13,; Kintap, Kab. Tanah Laut. Desa Pandansari Rt 06; Kintap, Kab. Tanah Laut. Desa Tanjung,; Bajuin, Kab. Tanah Laut. Desa Sungai Jelai,; Tambang Ulang, Kab. Tanah Laut. Belakang SD Tampang, Desa Tampang,; Pelaihari, Kab. Tanah Laut. Jl. Sungai Aris Rt 008, Desa Sungai Jelai,; Tambang Ulang. Desa Muara Kintap Rt 13; Kintap, Kab. Tanah Laut. TAMBANG ULANG BAJUIN KURAU KINTAP PELAIHARI TAKISUNG PELAIHARI BATU AMPAR BATI-BATI KINTAP TAKISUNG PELAIHARI BATI-BATI TAMBANG ULANG KINTAP",27,,,,0,0,False
2837,1407 107 2023 010 01 1,2023-10-01,2023,10,2023-10,1407,Rokan Hilir,Riau,1407,kode,Tanah Putih Kep. Mumugo,1,,,,0,0,False
2838,3509 107 2023 010 01 1,2023-10-01,2023,10,2023-10,3509,Jember,Jawa Timur,3509,kode,Ledokombo,1,masih dalam penyelidikan pihak berwajib,,,0,0,False
2839,6306 107 2023 010 01 1,2023-10-01,2023,10,2023-10,6306,Hulu Sungai Selatan,Kalimantan Selatan,6306,kode,Sungai Raya Kab. HSS Desa Balanti RT 04 Kecamatan Kalumpang Kab. HSS Desa Kalumpang Kecamatan Kalumpang Kabupaten Hulu Sungai Selatan Desa Tambingkar Kecamatan Kalumpang Desa Simpur; Daha Selatan Kab. HSS,2,,,,0,0,False
2840,3313 107 2023 09 030 1,2023-09-30,2023,9,2023-09,3313,Karanganyar,Jawa Tengah,3313,kode,,0,Sedang dalam penyelidikan,,,0,0,False
2841,3308 107 2023 09 030 1,2023-09-30,2023,9,2023-09,3308,Magelang,Jawa Tengah,3308,kode,,0,Masih dalam penyelidikan,,,0,0,False
2842,3402 107 2023 09 030 1,2023-09-30,2023,9,2023-09,3402,Bantul,Daerah Istimewa Yogyakarta,3402,kode,,0,,,,0,0,False
2843,1404 107 2023 09 030 1,2023-09-30,2023,9,2023-09,1404,Indragiri Hilir,Riau,1404,kode,"Gaung, Desa. Teluk Kabung",1,,,,0,0,False
2844,6207 107 2023 09 030 1,2023-09-30,2023,9,2023-09,6207,Seruyan,Kalimantan Tengah,6207,kode,,0,,,,0,0,False
2845,8106 107 2023 09 030 1,2023-09-30,2023,9,2023-09,8106,Seram Bagian Barat,Maluku,8106,kode,Huamual Belakang,1,dalam penyelidikan,,,0,0,False
2846,6409 107 2023 09 030 1,2023-09-30,2023,9,2023-09,6409,Penajam Paser Utara,Kalimantan Timur,6409,kode,,0,,,,0,0,False
2847,6303 107 2023 09 030 1,2023-09-30,2023,9,2023-09,6303,Banjar,Kalimantan Selatan,6303,kode,Gambut Desa Kayu Bawang; Gambut. Desa Cindai Alus; Martapura Kota Jl. Gubernur Syarkawi; Gambut. Desa Abumbun Jaya; Sungai Tabuk,5,,,,0,0,False
2848,6305 107 2023 09 030 1,2023-09-30,2023,9,2023-09,6305,Tapin,Kalimantan Selatan,6305,kode,Tapin Tengah Kab.Tapin Desa Hiyung; Tapin Tengah Kab.Tapin,2,,,,0,0,False
2849,3374 107 2023 09 030 1,2023-09-30,2023,9,2023-09,3374,Kota Semarang,Jawa Tengah,3374,kode,,0,"Cuaca panas, Masih dalam penyelidikan",,,0,0,False
2850,3516 107 2023 09 030 1,2023-09-30,2023,9,2023-09,3516,Mojokerto,Jawa Timur,3516,kode,Pacet (Wilayah Gn. Anjasmoro),1,,,,0,0,False
2851,6310 107 2023 09 030 1,2023-09-30,2023,9,2023-09,6310,Tanah Bumbu,Kalimantan Selatan,6310,kode,,0,,,,0,0,False
2852,6401 107 2023 09 030 1,2023-09-30,2023,9,2023-09,6401,Paser,Kalimantan Timur,6401,kode,,0,,,,0,0,False
2853,6402 107 2023 09 030 1,2023-09-30,2023,9,2023-09,6402,Kutai Kartanegara,Kalimantan Timur,6402,kode,,0,,,,0,0,False
2854,1504 107 2023 09 030 1,2023-09-30,2023,9,2023-09,1504,Batanghari,Jambi,1504,kode,Pemayung Desa Simpang Kubu Kandang,1,,,,0,0,False
2855,6372 107 2023 09 030 1,2023-09-30,2023,9,2023-09,6372,Kota Banjarbaru,Kalimantan Selatan,6372,kode,,0,,,,0,0,False
2856,6301 107 2023 09 030 1,2023-09-30,2023,9,2023-09,6301,Tanah Laut,Kalimantan Selatan,6301,kode,"Pelaihari, Kab. Tanah Laut.",1,,,,0,0,False
2857,6304 107 2023 09 030 1,2023-09-30,2023,9,2023-09,6304,Barito Kuala,Kalimantan Selatan,6304,kode,"Mandastana, Kabupaten Barito Kuala Desa Pantai Hambawang, Kecamatan Mandastana, Kabupaten Barito Kuala; Wanaraya, Kabupaten Barito Kuala Ray 6 Cahaya Baru,; Jejangkit, Kabupaten Barito Kuala",3,,,,0,0,False
2858,3308 107 2023 09 030 1,2023-09-30,2023,9,2023-09,3308,Magelang,Jawa Tengah,3308,kode,Bandongan,1,Masih dalam penyelidikan,,,0,0,False
2859,3402 107 2023 09 030 1,2023-09-30,2023,9,2023-09,3402,Bantul,Daerah Istimewa Yogyakarta,3402,kode,,0,,,,0,0,False
2860,1405 107 2023 09 030 1,2023-09-30,2023,9,2023-09,1405,Pelalawan,Riau,1405,kode,"Teluk Meranti, Desa. Teluk Meranti",1,,,,0,0,False
2861,3402 107 2023 09 030 1,2023-09-30,2023,9,2023-09,3402,Bantul,Daerah Istimewa Yogyakarta,3402,kode,,0,,,,0,0,False
2862,6202 107 2023 09 030 1,2023-09-30,2023,9,2023-09,6202,Kotawaringin Timur,Kalimantan Tengah,6202,kode,,0,,,,0,0,False
2863,8104 107 2023 09 029 1,2023-09-29,2023,9,2023-09,8104,Buru,Maluku,8104,kode,,0,"Diakibatkan oleh puntung rokok yang dibuang oleh orang yang tidak bertanggung jawab, dan kondisi ini diperparah lagi dengan adanya angin kencang serta musim kemarau yang panjang, mengakibatkan hangusnya Lahan Kayu Putih sebanyak 16 Hektar.",,,0,0,False
2864,6305 107 2023 09 029 1,2023-09-29,2023,9,2023-09,6305,Tapin,Kalimantan Selatan,6305,kode,Bakarangan Kab. Tapin Desa Binderang; Lokpaikat Kab. Tapin Jl.Perumahan Labuhan Permai Kel .Rangda Malingkung; Tapin Utara Kab.Tapin Tambarangan (Samping SMP tambarangan); Bungur Kab.Tapin,4,,,,0,0,False
2865,7301 107 2023 09 029 1,2023-09-29,2023,9,2023-09,7301,Kepulauan Selayar,Sulawesi Selatan,7301,kode,,0,Belum Di Ketahuai Penyebab Dari kejadian Ini,,,0,0,False
2866,6372 107 2023 09 029 1,2023-09-29,2023,9,2023-09,6372,Kota Banjarbaru,Kalimantan Selatan,6372,kode,,0,,,,0,0,False
2867,6311 107 2023 09 029 1,2023-09-29,2023,9,2023-09,6311,Balangan,Kalimantan Selatan,6311,kode,"Tebing Tinggi, Kab. Balangan Desa Uyam Sirap, Hamarung dan Tawahan; Juai Kab. Balangan",2,,,,0,0,False
2868,6306 107 2023 09 029 1,2023-09-29,2023,9,2023-09,6306,Hulu Sungai Selatan,Kalimantan Selatan,6306,kode,,0,,,,0,0,False
2869,3213 107 2023 09 029 1,2023-09-29,2023,9,2023-09,3213,Subang,Jawa Barat,3213,kode,,0,Belum Diketahui,,,0,0,False
2870,1307 107 2023 09 029 1,2023-09-29,2023,9,2023-09,1307,Lima Puluh Kota,Sumatera Barat,1307,kode,Harau,1,Dalam proses penyelidikan,,,0,0,False
2871,6206 107 2023 09 029 1,2023-09-29,2023,9,2023-09,6206,Katingan,Kalimantan Tengah,6206,kode,,0,,,,0,0,False
2872,3314 107 2023 09 029 1,2023-09-29,2023,9,2023-09,3314,Sragen,Jawa Tengah,3314,kode,Karangmalang,1,"Kurang lebih sekitar pukul 11.00 Wib, ada seorang warga (Mbah Senen) membakar daun ranting kering, kemudian merambat ke lahan jati. Kemudian ada warga yang melihat kejadian itu, lalu melapor ke Perangkat Desa setempat untuk meneruskan laporan tersebut ke instansi terkait",,1.0,0,0,False
2873,3209 107 2023 09 029 1,2023-09-29,2023,9,2023-09,3209,Cirebon,Jawa Barat,3209,kode,Dukupuntang,1,Pada hari jumat pukul 13.00 WIB Terlihat kepulan api secara visual yang berada di Gunung Kuda dikarenakan kondisi faktor cuaca di musim kemarau dan angin yang cukup kencang kemudian menyebar ke Gunung Embe dan gunung sembalong yang berada di desa Cipanas.,,,0,0,False
2874,6402 107 2023 09 029 1,2023-09-29,2023,9,2023-09,6402,Kutai Kartanegara,Kalimantan Timur,6402,kode,,0,,,,0,0,False
2875,6303 107 2023 09 029 1,2023-09-29,2023,9,2023-09,6303,Banjar,Kalimantan Selatan,6303,kode,Martapura Kota Kab. Banjar Sungai Tabuk (Belakang SMAN 1 Sei.Tabuk); Sungai Tabuk Kab. Banjar. Abumbun Jaya; Sungai Tabuk Kab.Banjar,3,,,,0,0,False
2876,6307 107 2023 09 029 1,2023-09-29,2023,9,2023-09,6307,Hulu Sungai Tengah,Kalimantan Selatan,6307,kode,"Barabai, Kab. Hulu Sungai Tengah Desa Kapar; Batang Alai Selatan Kab. Hulu Sungai Tengah",2,,,,0,0,False
2877,1708 107 2023 09 029 1,2023-09-29,2023,9,2023-09,1708,Kepahiang,Bengkulu,1708,kode,,0,,,,0,0,False
2878,6304 107 2023 09 029 1,2023-09-29,2023,9,2023-09,6304,Barito Kuala,Kalimantan Selatan,6304,kode,,0,,,,0,0,False
2879,1404 107 2023 09 029 1,2023-09-29,2023,9,2023-09,1404,Indragiri Hilir,Riau,1404,kode,"Kemuning, Desa. Sekayan; Pulau Burung, Desa. Pulau Burung",2,,,,0,0,False
2880,3308 107 2023 09 029 1,2023-09-29,2023,9,2023-09,3308,Magelang,Jawa Tengah,3308,kode,,0,Masih dalam penyelidikan,,,0,0,False
2881,3310 107 2023 09 029 1,2023-09-29,2023,9,2023-09,3310,Klaten,Jawa Tengah,3310,kode,,0,Masih dalam penyelidikan,,,0,0,False
2882,1401 107 2023 09 029 1,2023-09-29,2023,9,2023-09,1401,Kampar,Riau,1401,kode,"Salo, Desa. Salo; Salo, Desa. Salo Timur; Salo, Desa. Salo; Tambang, Desa. Rimbo Panjang",4,,,,0,0,False
2883,6302 107 2023 09 029 1,2023-09-29,2023,9,2023-09,6302,Kotabaru,Kalimantan Selatan,6302,kode,,0,,,,0,0,False
2884,6407 107 2023 09 029 1,2023-09-29,2023,9,2023-09,6407,Kutai Barat,Kalimantan Timur,6407,kode,,0,,,,0,0,False
2885,1402 107 2023 09 029 1,2023-09-29,2023,9,2023-09,1402,Indragiri Hulu,Riau,1402,kode,"Batang Cenaku, Desa. Aur Cina; Batang Peranap, Desa. Pesajian; Lirik, Desa. Banjar Balam",3,,,,0,0,False
2886,3521 107 2023 09 029 1,2023-09-29,2023,9,2023-09,3521,Ngawi,Jawa Timur,3521,kode,Jogorogo,1,Masih dalam penyelidikan pihak berwajib,,,0,0,False
2887,3218 107 2023 09 029 1,2023-09-29,2023,9,2023-09,3218,Pangandaran,Jawa Barat,3218,kode,,0,Belum Diketahui,,,0,0,False
2888,3204 107 2023 09 029 1,2023-09-29,2023,9,2023-09,3204,Bandung,Jawa Barat,3204,kode,,0,Belum Diketahui,,,0,0,False
2889,6474 107 2023 09 029 1,2023-09-29,2023,9,2023-09,6474,Kota Bontang,Kalimantan Timur,6474,kode,,0,,,,0,0,False
2890,6409 107 2023 09 029 1,2023-09-29,2023,9,2023-09,6409,Penajam Paser Utara,Kalimantan Timur,6409,kode,,0,,,,0,0,False
2891,6310 107 2023 09 029 1,2023-09-29,2023,9,2023-09,6310,Tanah Bumbu,Kalimantan Selatan,6310,kode,"Batulicin Kab.Tanah Bumbu Jl. Lingkar 30, Desa Kersik Putih; Batulicin, Kab. Tanah Bumbu Jl. Tanjung Minung RT.05, Kel Gunung Tinggi,",2,,,,0,0,False
2892,1702 107 2023 09 029 1,2023-09-29,2023,9,2023-09,1702,Rejang Lebong,Bengkulu,1702,kode,,0,,,,0,0,False
2893,3211 107 2023 09 029 1,2023-09-29,2023,9,2023-09,3211,Sumedang,Jawa Barat,3211,kode,,0,Belum Diketahui,,,0,0,False
2894,6311 107 2023 09 028 1,2023-09-28,2023,9,2023-09,6311,Balangan,Kalimantan Selatan,6311,kode,Batumandi Kab. Balangan,1,,,,0,0,False
2895,6206 107 2023 09 028 1,2023-09-28,2023,9,2023-09,6206,Katingan,Kalimantan Tengah,6206,kode,,0,,,,0,0,False
2896,6401 107 2023 09 028 1,2023-09-28,2023,9,2023-09,6401,Paser,Kalimantan Timur,6401,kode,,0,,,,0,0,False
2897,3201 107 2023 09 028 1,2023-09-28,2023,9,2023-09,3201,Bogor,Jawa Barat,3201,kode,,0,Belum Diketahui,,,0,0,False
2898,1504 107 2023 09 028 1,2023-09-28,2023,9,2023-09,1504,Batanghari,Jambi,1504,kode,"Muara Bulian Desa Aro,; Muara Bulian Pematang Gedang,; Muara Bulian Desa Aro Dusun Talang",3,,,,0,0,False
2899,1804 107 2023 09 028 1,2023-09-28,2023,9,2023-09,1804,Lampung Barat,Lampung,1804,kode,Belalau; Lumbok Seminung,2,Api diduga berasal dari pembukaan lahan perkebunan dengan cara dibakar.,,,0,0,False
2900,6474 107 2023 09 028 1,2023-09-28,2023,9,2023-09,6474,Kota Bontang,Kalimantan Timur,6474,kode,,0,,,,0,0,False
2901,6408 107 2023 09 028 1,2023-09-28,2023,9,2023-09,6408,Kutai Timur,Kalimantan Timur,6408,kode,,0,,,,0,0,False
2902,1808 107 2023 09 028 1,2023-09-28,2023,9,2023-09,1808,Way Kanan,Lampung,1808,kode,Umpu semenguk Kp. Negeri Baru,1,,,,0,0,False
2903,3314 107 2023 09 028 1,2023-09-28,2023,9,2023-09,3314,Sragen,Jawa Tengah,3314,kode,,0,Membakar daun dan ranting kering.,,,0,0,False
2904,3308 107 2023 09 028 1,2023-09-28,2023,9,2023-09,3308,Magelang,Jawa Tengah,3308,kode,,0,Belum diketahui,,,0,0,False
2905,1402 107 2023 09 028 1,2023-09-28,2023,9,2023-09,1402,Indragiri Hulu,Riau,1402,kode,"Batang Cenaku, Desa. Puntianai; Batang Cenaku, Desa. Aur Cina; Rengat, Desa. Kampung Dagang",3,,,,0,0,False
2906,1809 107 2023 09 028 1,2023-09-28,2023,9,2023-09,1809,Pesawaran,Lampung,1809,kode,Way Khilau,1,Masih dalam penyelidikan,,,0,0,False
2907,6310 107 2023 09 028 1,2023-09-28,2023,9,2023-09,6310,Tanah Bumbu,Kalimantan Selatan,6310,kode,Batulicin Kab. Tanah Bumbu,1,,,,0,0,False
2908,1612 107 2023 09 028 1,2023-09-28,2023,9,2023-09,1612,Penukal Abab Lematang Ilir,Sumatera Selatan,1612,kode,Talang Ubi,1,Masih dalam penyelidikan,,,0,0,False
2909,1404 107 2023 09 028 1,2023-09-28,2023,9,2023-09,1404,Indragiri Hilir,Riau,1404,kode,"Gaung, Desa. Semambu Kuning; Pelangiran, Desa. Simpang Kateman; Gaung, Desa. Belantaraya",3,,,,0,0,False
2910,2101 107 2023 09 028 1,2023-09-28,2023,9,2023-09,2101,Bintan,Kepulauan Riau,2101,kode,Gunung Kijang,1,Masih dalam penyelidikan,,,0,0,False
2911,3211 107 2023 09 028 1,2023-09-28,2023,9,2023-09,3211,Sumedang,Jawa Barat,3211,kode,,0,Belum Diketahui,,,0,0,False
2912,6303 107 2023 09 028 1,2023-09-28,2023,9,2023-09,6303,Banjar,Kalimantan Selatan,6303,kode,Martapura Barat Kab. Banjar Jl. Gubernur Sarkawi; Gambut Desa Abumbun Jaya; Sungai Tabuk,3,,,,0,0,False
2913,7373 107 2023 09 028 1,2023-09-28,2023,9,2023-09,7373,Kota Palopo,Sulawesi Selatan,7373,kode,Wara Barat,1,Pada hari kamis pukul 09:30 Wita telah terjadi kebakaran lahan yang disebabkan oleh kelalaian pemilik lahan yang sengaja membuka lahan sehingga mengakibatkan terjadinya kebakaran.,,,0,0,False
2914,7304 107 2023 09 028 1,2023-09-28,2023,9,2023-09,7304,Jeneponto,Sulawesi Selatan,7304,kode,Rumbia,1,Belum diketahui,,,0,0,False
2915,6306 107 2023 09 028 1,2023-09-28,2023,9,2023-09,6306,Hulu Sungai Selatan,Kalimantan Selatan,6306,kode,Kalumpang Kab. HSS Desa Padang Batung RT.03; Padang Batung Kab. HSS Desa Muning Baru; Daha Selatan Kab. HSS Perbatasan antara Desa Kalumpang dan Desa Tambingkar; Kalumpang Kab. HSS Desa Mandala Kecamatan Telaga Langsat Kab. Hulu Sungai Selatan,4,,,,0,0,False
2916,3373 107 2023 09 028 1,2023-09-28,2023,9,2023-09,3373,Kota Salatiga,Jawa Tengah,3373,kode,,0,Puntung rokok,,,0,0,False
2917,6305 107 2023 09 028 1,2023-09-28,2023,9,2023-09,6305,Tapin,Kalimantan Selatan,6305,kode,,0,,,,0,0,False
2918,3313 107 2023 09 028 1,2023-09-28,2023,9,2023-09,3313,Karanganyar,Jawa Tengah,3313,kode,Tawangmangu,1,Masih dalam penyelidikan,,,0,0,False
2919,6402 107 2023 09 028 1,2023-09-28,2023,9,2023-09,6402,Kutai Kartanegara,Kalimantan Timur,6402,kode,,0,,,,0,0,False
2920,3210 107 2023 09 028 1,2023-09-28,2023,9,2023-09,3210,Majalengka,Jawa Barat,3210,kode,Maja; Sindangwangi; Cigasong; Leuwimunding; Sukahaji,5,Masih dalam penyelidikan,,,0,0,False
2921,1409 107 2023 09 028 1,2023-09-28,2023,9,2023-09,1409,Kuantan Singingi,Riau,1409,kode,"Inuman, Desa. Sigaruntang; Kuantan Mudik, Desa. Kasang",2,,,,0,0,False
2922,6472 107 2023 09 028 1,2023-09-28,2023,9,2023-09,6472,Kota Samarinda,Kalimantan Timur,6472,kode,,0,,,,0,0,False
2923,1902 107 2023 09 028 1,2023-09-28,2023,9,2023-09,1902,Belitung,Kepulauan Bangka Belitung,1902,kode,Badau,1,Masih dalam penyelidikan,,,0,0,False
2924,1702 107 2023 09 028 1,2023-09-28,2023,9,2023-09,1702,Rejang Lebong,Bengkulu,1702,kode,,0,,,,0,0,False
2925,6372 107 2023 09 028 1,2023-09-28,2023,9,2023-09,6372,Kota Banjarbaru,Kalimantan Selatan,6372,kode,,0,,,,0,0,False
2926,3322 107 2023 09 028 1,2023-09-28,2023,9,2023-09,3322,Semarang,Jawa Tengah,3322,kode,,0,Masih dalam Penyelidikan,,,0,0,False
2927,6207 107 2023 09 027 1,2023-09-27,2023,9,2023-09,6207,Seruyan,Kalimantan Tengah,6207,kode,,0,,,,0,0,False
2928,6372 107 2023 09 027 1,2023-09-27,2023,9,2023-09,6372,Kota Banjarbaru,Kalimantan Selatan,6372,kode,"Landasan Ulin, Kota Banjar Baru, Kalimantan Selatan",1,,,,0,0,False
2929,6409 107 2023 09 027 1,2023-09-27,2023,9,2023-09,6409,Penajam Paser Utara,Kalimantan Timur,6409,kode,,0,,,,0,0,False
2930,1406 107 2023 09 027 1,2023-09-27,2023,9,2023-09,1406,Rokan Hulu,Riau,1406,kode,"Rokan IV Koto, Desa. Cipang Kiri Hilir",1,,,,0,0,False
2931,6305 107 2023 09 027 1,2023-09-27,2023,9,2023-09,6305,Tapin,Kalimantan Selatan,6305,kode,Candi Laras Selatan Kab.Tapin Desa Sungai Rutas; Lokpaikat Kab.Tapin (di belakang Dinas Kesehatan) Kel Bitahan; Lokpaikat,3,,,,0,0,False
2932,3322 107 2023 09 027 1,2023-09-27,2023,9,2023-09,3322,Semarang,Jawa Tengah,3322,kode,,0,Masih dalam Penyelidikan,,,0,0,False
2933,6407 107 2023 09 027 1,2023-09-27,2023,9,2023-09,6407,Kutai Barat,Kalimantan Timur,6407,kode,,0,,,,0,0,False
2934,6401 107 2023 09 027 1,2023-09-27,2023,9,2023-09,6401,Paser,Kalimantan Timur,6401,kode,,0,,,,0,0,False
2935,6408 107 2023 09 027 1,2023-09-27,2023,9,2023-09,6408,Kutai Timur,Kalimantan Timur,6408,kode,,0,,,,0,0,False
2936,3204 107 2023 09 027 1,2023-09-27,2023,9,2023-09,3204,Bandung,Jawa Barat,3204,kode,,0,Belum Diketahui,,,0,0,False
2937,1502 107 2023 09 027 1,2023-09-27,2023,9,2023-09,1502,Merangin,Jambi,1502,kode,"Bangko Desa Dusun Mudo,; Nalo Tantan Desa  SungaI Ulak,; Muara Siau Pulau Raman",3,,,,0,0,False
2938,3213 107 2023 09 027 1,2023-09-27,2023,9,2023-09,3213,Subang,Jawa Barat,3213,kode,,0,Belum Diketahui,,,0,0,False
2939,1409 107 2023 09 027 1,2023-09-27,2023,9,2023-09,1409,Kuantan Singingi,Riau,1409,kode,"Pangean, Desa. Sako; Gunung Toar, Desa. Pisang Rebus; Kuantan Tengah, Desa. Sungai Jering",3,,,,0,0,False
2940,6306 107 2023 09 027 1,2023-09-27,2023,9,2023-09,6306,Hulu Sungai Selatan,Kalimantan Selatan,6306,kode,,0,,,,0,0,False
2941,1404 107 2023 09 027 1,2023-09-27,2023,9,2023-09,1404,Indragiri Hilir,Riau,1404,kode,"Gaung Anak Serka, Desa. Sungai iliran",1,,,,0,0,False
2942,5107 107 2023 09 027 1,2023-09-27,2023,9,2023-09,5107,Karangasem,Bali,5107,kode,Kubu,1,Belum diketahui,,,0,0,False
2943,6311 107 2023 09 027 1,2023-09-27,2023,9,2023-09,6311,Balangan,Kalimantan Selatan,6311,kode,,0,,,,0,0,False
2944,6302 107 2023 09 027 1,2023-09-27,2023,9,2023-09,6302,Kotabaru,Kalimantan Selatan,6302,kode,Pulau Laut Timur,1,masih dalam penyelidikan,,,0,0,False
2945,1708 107 2023 09 027 1,2023-09-27,2023,9,2023-09,1708,Kepahiang,Bengkulu,1708,kode,,0,,,,0,0,False
2946,6310 107 2023 09 027 1,2023-09-27,2023,9,2023-09,6310,Tanah Bumbu,Kalimantan Selatan,6310,kode,Batulicin,1,belum diketahui,,,0,0,False
2947,6205 107 2023 09 027 1,2023-09-27,2023,9,2023-09,6205,Barito Utara,Kalimantan Tengah,6205,kode,Teweh Selatan,1,belum diketahui,,,0,0,False
2948,1902 107 2023 09 027 1,2023-09-27,2023,9,2023-09,1902,Belitung,Kepulauan Bangka Belitung,1902,kode,,0,belum diketahui,,,0,0,False
2949,6102 107 2023 09 027 1,2023-09-27,2023,9,2023-09,6102,Mempawah,Kalimantan Barat,6102,kode,,0,,,,0,0,False
2950,3319 107 2023 09 027 1,2023-09-27,2023,9,2023-09,3319,Kudus,Jawa Tengah,3319,kode,,0,Pembakaran sampah yang tidak terkontrol,,,0,0,False
2951,1401 107 2023 09 027 1,2023-09-27,2023,9,2023-09,1401,Kampar,Riau,1401,kode,"Tambang, Desa. Rimbo Panjang; Siak Hulu, Desa. Buluh Cina; Kampar, Desa. Simpang Kubu",3,,,,0,0,False
2952,6303 107 2023 09 027 1,2023-09-27,2023,9,2023-09,6303,Banjar,Kalimantan Selatan,6303,kode,Beruntung Baru Pematang; Sungai Tabuk,2,,,,0,0,False
2953,6304 107 2023 09 027 1,2023-09-27,2023,9,2023-09,6304,Barito Kuala,Kalimantan Selatan,6304,kode,,0,,,,0,0,False
2954,6211 107 2023 09 027 1,2023-09-27,2023,9,2023-09,6211,Pulang Pisau,Kalimantan Tengah,6211,kode,,0,,,,0,0,False
2955,3308 107 2023 09 027 1,2023-09-27,2023,9,2023-09,3308,Magelang,Jawa Tengah,3308,kode,,0,Masih dalam Penyelidikan,,,0,0,False
2956,6402 107 2023 09 027 1,2023-09-27,2023,9,2023-09,6402,Kutai Kartanegara,Kalimantan Timur,6402,kode,,0,,,,0,0,False
2957,1406 107 2023 09 026 1,2023-09-26,2023,9,2023-09,1406,Rokan Hulu,Riau,1406,kode,"Rokan IV Koto, Desa. Koto Ruang",1,,,,0,0,False
2958,6110 107 2023 09 026 1,2023-09-26,2023,9,2023-09,6110,Melawi,Kalimantan Barat,6110,kode,Nanga Pinoh,1,Api berasal dari pembakaran lahan untuk kebun akibat tiupan angin api meluas membakar lahan lain,,,0,0,False
2959,3202 107 2023 09 026 1,2023-09-26,2023,9,2023-09,3202,Sukabumi,Jawa Barat,3202,kode,,0,"pukul 12.30 wib api terlihatjelas di dekat perumahanyang berjarak kurang lebih150m api sulit dipadamkankarena kondisi api tidakterjangkau oleh mobilDamkar sehinggapemadaman menggunakanalat seadanya api merembetdan meluas ke dekat sekolahalhamdulillah untuk areayang berdekatan dengansekolah api dapat segeradipadamkan karena aksesjalan bisa dilalui mobil Damkar api dapatdipadamkan kurang lebih pkl16.30 wib area yang terbakarkurang lebih 5 ha ,tidak adakorban jiwa maupun lukadalam kejadian tersebut",,,0,0,False
2960,6408 107 2023 09 026 1,2023-09-26,2023,9,2023-09,6408,Kutai Timur,Kalimantan Timur,6408,kode,,0,,,,0,0,False
2961,6311 107 2023 09 026 1,2023-09-26,2023,9,2023-09,6311,Balangan,Kalimantan Selatan,6311,kode,,0,,,,0,0,False
2962,1904 107 2023 09 026 1,2023-09-26,2023,9,2023-09,1904,Bangka Tengah,Kepulauan Bangka Belitung,1904,kode,Koba Bangka Tengah,1,Informasi dari pelapor bahwa telah terjadi karhutla yang disebabkan oleh  pembakaran sampah dan merambat ke tempat lain.,,,0,0,False
2963,6306 107 2023 09 026 1,2023-09-26,2023,9,2023-09,6306,Hulu Sungai Selatan,Kalimantan Selatan,6306,kode,,0,,,,0,0,False
2964,6207 107 2023 09 026 1,2023-09-26,2023,9,2023-09,6207,Seruyan,Kalimantan Tengah,6207,kode,,0,,,,0,0,False
2965,3215 107 2023 09 026 1,2023-09-26,2023,9,2023-09,3215,Karawang,Jawa Barat,3215,kode,,0,Belum Diketahui,,,0,0,False
2966,6104 107 2023 09 026 1,2023-09-26,2023,9,2023-09,6104,Ketapang,Kalimantan Barat,6104,kode,Matan Hilir Selatan,1,belum diketahui,,,0,0,False
2967,3310 107 2023 09 026 1,2023-09-26,2023,9,2023-09,3310,Klaten,Jawa Tengah,3310,kode,,0,Masih dalam Penyelidikan,,,0,0,False
2968,3274 107 2023 09 026 1,2023-09-26,2023,9,2023-09,3274,Kota Cirebon,Jawa Barat,3274,kode,,0,Belum Diketahui,,,0,0,False
2969,6402 107 2023 09 026 1,2023-09-26,2023,9,2023-09,6402,Kutai Kartanegara,Kalimantan Timur,6402,kode,,0,,,,0,0,False
2970,6472 107 2023 09 026 1,2023-09-26,2023,9,2023-09,6472,Kota Samarinda,Kalimantan Timur,6472,kode,,0,,,,0,0,False
2971,3208 107 2023 09 026 1,2023-09-26,2023,9,2023-09,3208,Kuningan,Jawa Barat,3208,kode,,0,Belum Diketahui,,,0,0,False
2972,9203 107 2023 09 026 1,2023-09-26,2023,9,2023-09,9203,Fak Fak,Papua Barat,9203,kode,,0,belum diketahui,,,0,0,False
2973,3272 107 2023 09 026 1,2023-09-26,2023,9,2023-09,3272,Kota Sukabumi,Jawa Barat,3272,kode,,0,Belum Diketahui,,,0,0,False
2974,6304 107 2023 09 026 1,2023-09-26,2023,9,2023-09,6304,Barito Kuala,Kalimantan Selatan,6304,kode,"Mandastana, Kabupaten Barito Kuala Desa Puntik Dalam; Mandastana, Kabupaten Barito Kuala Desa Puntik Tengah Kecamatan Mandastana, Kabupaten Barito Kuala",2,,,,0,0,False
2975,1502 107 2023 09 026 1,2023-09-26,2023,9,2023-09,1502,Merangin,Jambi,1502,kode,Tabir Selatan Desa Gadimg Jaya,1,,,,0,0,False
2976,3210 107 2023 09 026 1,2023-09-26,2023,9,2023-09,3210,Majalengka,Jawa Barat,3210,kode,,0,Belum Diketahui,,,0,0,False
2977,7315 107 2023 09 026 1,2023-09-26,2023,9,2023-09,7315,Pinrang,Sulawesi Selatan,7315,kode,,0,Pembakaran sampah,,,0,0,False
2978,6302 107 2023 09 026 1,2023-09-26,2023,9,2023-09,6302,Kotabaru,Kalimantan Selatan,6302,kode,,0,,,,0,0,False
2979,6303 107 2023 09 026 1,2023-09-26,2023,9,2023-09,6303,Banjar,Kalimantan Selatan,6303,kode,"Martapura Kota. Desa Abumbun Jaya 6 Kec Sungai Tabuk. Desa Jingah Habang,Kec Karang Intan.",1,,,,0,0,False
2980,1401 107 2023 09 026 1,2023-09-26,2023,9,2023-09,1401,Kampar,Riau,1401,kode,"Tapung, Desa. Karya Indah",1,,,,0,0,False
2981,1702 107 2023 09 026 1,2023-09-26,2023,9,2023-09,1702,Rejang Lebong,Bengkulu,1702,kode,,0,,,,0,0,False
2982,6310 107 2023 09 026 1,2023-09-26,2023,9,2023-09,6310,Tanah Bumbu,Kalimantan Selatan,6310,kode,,0,,,,0,0,False
2983,6305 107 2023 09 026 1,2023-09-26,2023,9,2023-09,6305,Tapin,Kalimantan Selatan,6305,kode,Candi Laras Selatan; Binuang; Tapin Utara; Lokpaikat; Candi Laras Selatan,5,belum diketahui,,,0,0,False
2984,6401 107 2023 09 026 1,2023-09-26,2023,9,2023-09,6401,Paser,Kalimantan Timur,6401,kode,,0,,,,0,0,False
2985,7316 107 2023 09 026 1,2023-09-26,2023,9,2023-09,7316,Enrekang,Sulawesi Selatan,7316,kode,,0,Akibat Pembakaran Sampah,,,0,0,False
2986,6308 107 2023 09 025 1,2023-09-25,2023,9,2023-09,6308,Hulu Sungai Utara,Kalimantan Selatan,6308,kode,,0,,,,0,0,False
2987,7303 107 2023 09 025 1,2023-09-25,2023,9,2023-09,7303,Bantaeng,Sulawesi Selatan,7303,kode,,0,Belum diketahui,,,0,0,False
2988,6472 107 2023 09 025 1,2023-09-25,2023,9,2023-09,6472,Kota Samarinda,Kalimantan Timur,6472,kode,,0,,,,0,0,False
2989,6372 107 2023 09 025 1,2023-09-25,2023,9,2023-09,6372,Kota Banjarbaru,Kalimantan Selatan,6372,kode,"Landasan Ulin, Kota Banjar Baru",1,,,,0,0,False
2990,6207 107 2023 09 025 1,2023-09-25,2023,9,2023-09,6207,Seruyan,Kalimantan Tengah,6207,kode,Seruyan Hilir; Danau Sembuluh,2,masih dalam penyelidikan pihak berwajib,,,0,0,False
2991,1809 107 2023 09 025 1,2023-09-25,2023,9,2023-09,1809,Pesawaran,Lampung,1809,kode,Way Khilau,1,belum diketahui,,,0,0,False
2992,6304 107 2023 09 025 1,2023-09-25,2023,9,2023-09,6304,Barito Kuala,Kalimantan Selatan,6304,kode,"Marabahan, Kabupaten Barito Kuala",1,,,,0,0,False
2993,6311 107 2023 09 025 1,2023-09-25,2023,9,2023-09,6311,Balangan,Kalimantan Selatan,6311,kode,"Batumandi, Kab. Balangan Belakang masjid Yampi Rt 11 Kelurahan Paringin timur Kecamatan Paringin Kabupaten Balangan",1,,,,0,0,False
2994,6301 107 2023 09 025 1,2023-09-25,2023,9,2023-09,6301,Tanah Laut,Kalimantan Selatan,6301,kode,"Tambang Ulang, Kab. Tanah Laut. Desa Panggung,; Pelaihari, Kab. Tanah Laut.",2,,,,0,0,False
2995,1604 107 2023 09 025 1,2023-09-25,2023,9,2023-09,1604,Lahat,Sumatera Selatan,1604,kode,Pulau Pinang,1,masih dalam penyelidikan pihak berwajib,,,0,0,False
2996,8104 107 2023 09 025 1,2023-09-25,2023,9,2023-09,8104,Buru,Maluku,8104,kode,Namlea,1,,,,0,0,False
2997,7304 107 2023 09 025 1,2023-09-25,2023,9,2023-09,7304,Jeneponto,Sulawesi Selatan,7304,kode,,0,Belum diketahui,,,0,0,False
2998,6202 107 2023 09 025 1,2023-09-25,2023,9,2023-09,6202,Kotawaringin Timur,Kalimantan Tengah,6202,kode,,0,,,,0,0,False
2999,3213 107 2023 09 025 1,2023-09-25,2023,9,2023-09,3213,Subang,Jawa Barat,3213,kode,,0,Di duga pembakaran yangmerambat ke lahan lain,,,0,0,False
3000,1808 107 2023 09 025 1,2023-09-25,2023,9,2023-09,1808,Way Kanan,Lampung,1808,kode,Baradatu,1,masih dalam penyelidikan pihak berwajib,,,0,0,False
3001,3308 107 2023 09 025 1,2023-09-25,2023,9,2023-09,3308,Magelang,Jawa Tengah,3308,kode,,0,Masih dalam penyelidikan,,,0,0,False
3002,3210 107 2023 09 025 1,2023-09-25,2023,9,2023-09,3210,Majalengka,Jawa Barat,3210,kode,Sindang; Cigasong,2,Pada Hari Senin Tanggal 25 September 2023 Pukul 16.00 WIB. Telah Terjadi kebakaran Hutan/ lahan di Kebun Bambu Desa Sangkanhurip Kec. Sindang. Penyebab sementara Kebakaran diduga Akibat Human Error. Masyarakat Beserta Petugas Melakukan Penyekatan Secara manual Untuk Mengantisipasi api Menjalar Lebih Luas.,,,0,0,False
3003,6208 107 2023 09 025 1,2023-09-25,2023,9,2023-09,6208,Sukamara,Kalimantan Tengah,6208,kode,Sukamara,1,masih dalam penyelidikan pihak berwajib,,,0,0,False
3004,1906 107 2023 09 025 1,2023-09-25,2023,9,2023-09,1906,Belitung Timur,Kepulauan Bangka Belitung,1906,kode,Damar,1,"Menurut keterangan Ibu. Lista saat melintas jalan Manggar-Damar bahwa asap api yang sangat tebal berasal dari area Tower, karna itu Ibu. Lista melaporkan kejadian tersebut dengan BPBD Kab. Belitung Timur.",,,0,0,False
3005,6305 107 2023 09 025 1,2023-09-25,2023,9,2023-09,6305,Tapin,Kalimantan Selatan,6305,kode,Candi Laras Selatan,1,masih dalam penyelidikan pihak berwajib,,,0,0,False
3006,7604 107 2023 09 025 1,2023-09-25,2023,9,2023-09,7604,Polewali Mandar,Sulawesi Barat,7604,kode,,0,,,,0,0,False
3007,6303 107 2023 09 025 1,2023-09-25,2023,9,2023-09,6303,Banjar,Kalimantan Selatan,6303,kode,"Sungai Tabuk, Kab. Banjar Desa Bincau,; Martapura Kota, Kab.Banjar",2,,,,0,0,False
3008,1401 107 2023 09 025 1,2023-09-25,2023,9,2023-09,1401,Kampar,Riau,1401,kode,"XIII Koto Kampar, Desa. Pulau Gadang; Kampar, Desa. Simpang Kubu",2,,,,0,0,False
3009,1902 107 2023 09 025 1,2023-09-25,2023,9,2023-09,1902,Belitung,Kepulauan Bangka Belitung,1902,kode,Sijuk; Tanjung Pandan,2,belum diketahui,,,0,0,False
3010,3211 107 2023 09 025 1,2023-09-25,2023,9,2023-09,3211,Sumedang,Jawa Barat,3211,kode,,0,Area lahan yang terbakarpohon bambu dan kayuhanya sebagian,,,0,0,False
3011,6310 107 2023 09 025 1,2023-09-25,2023,9,2023-09,6310,Tanah Bumbu,Kalimantan Selatan,6310,kode,Batulicin,1,masih dalam penyelidikan pihak berwajib,,,0,0,False
3012,6401 107 2023 09 025 1,2023-09-25,2023,9,2023-09,6401,Paser,Kalimantan Timur,6401,kode,,0,,,,0,0,False
3013,6407 107 2023 09 025 1,2023-09-25,2023,9,2023-09,6407,Kutai Barat,Kalimantan Timur,6407,kode,,0,,,,0,0,False
3014,6110 107 2023 09 025 1,2023-09-25,2023,9,2023-09,6110,Melawi,Kalimantan Barat,6110,kode,Nanga Pinoh,1,Diperkirakan api berasal dari api sisa pembakaran (mandok),,,0,0,False
3015,7604 107 2023 09 024 1,2023-09-24,2023,9,2023-09,7604,Polewali Mandar,Sulawesi Barat,7604,kode,,0,,,,0,0,False
3016,3320 107 2023 09 024 1,2023-09-24,2023,9,2023-09,3320,Jepara,Jawa Tengah,3320,kode,,0,Pembakaran Sampah,,,0,0,False
3017,6104 107 2023 09 024 1,2023-09-24,2023,9,2023-09,6104,Ketapang,Kalimantan Barat,6104,kode,Matan Hilir Selatan,1,sengaja dibakar untuk membuka lahan,,,0,0,False
3018,6303 107 2023 09 024 1,2023-09-24,2023,9,2023-09,6303,Banjar,Kalimantan Selatan,6303,kode,Gambut Desa Pematang; Gambut Gambut,2,,,,0,0,False
3019,6304 107 2023 09 024 1,2023-09-24,2023,9,2023-09,6304,Barito Kuala,Kalimantan Selatan,6304,kode,"Marabahan, Kabupaten Barito Kuala Desa Tamban Raya; Mekarsari, Kabupaten Barito Kuala",2,,,,0,0,False
3020,7202 107 2023 09 024 1,2023-09-24,2023,9,2023-09,7202,Poso,Sulawesi Tengah,7202,kode,Pamona Selatan,1,Belum diketahui,,,0,0,False
3021,6302 107 2023 09 024 1,2023-09-24,2023,9,2023-09,6302,Kotabaru,Kalimantan Selatan,6302,kode,,0,,,,0,0,False
3022,6407 107 2023 09 024 1,2023-09-24,2023,9,2023-09,6407,Kutai Barat,Kalimantan Timur,6407,kode,,0,,,,0,0,False
3023,3323 107 2023 09 024 1,2023-09-24,2023,9,2023-09,3323,Temanggung,Jawa Tengah,3323,kode,,0,Pembakaran Sampah,,,0,0,False
3024,3308 107 2023 09 024 1,2023-09-24,2023,9,2023-09,3308,Magelang,Jawa Tengah,3308,kode,,0,Belum diketahui dan masih dalam penyelidikan pihak berwenang,,,0,0,False
3025,1906 107 2023 09 024 1,2023-09-24,2023,9,2023-09,1906,Belitung Timur,Kepulauan Bangka Belitung,1906,kode,Gantung,1,masih dalam penyelidikan pihak berwajib,,,0,0,False
3026,6206 107 2023 09 024 1,2023-09-24,2023,9,2023-09,6206,Katingan,Kalimantan Tengah,6206,kode,Katingan Kuala; Mendawai; Marikit; Sanaman Mantikei; Tasik Payawan; Kamipang,6,masih dalam penyelidikan pihak berwajib,,,0,0,False
3027,3211 107 2023 09 024 1,2023-09-24,2023,9,2023-09,3211,Sumedang,Jawa Barat,3211,kode,,0,Belum Diketahui,,,0,0,False
3028,6311 107 2023 09 024 1,2023-09-24,2023,9,2023-09,6311,Balangan,Kalimantan Selatan,6311,kode,Paringin; Batumandi,2,Belum diketahui,,,0,0,False
3029,6471 107 2023 09 024 1,2023-09-24,2023,9,2023-09,6471,Kota Balikpapan,Kalimantan Timur,6471,kode,,0,,,,0,0,False
3030,6372 107 2023 09 024 1,2023-09-24,2023,9,2023-09,6372,Kota Banjarbaru,Kalimantan Selatan,6372,kode,"Liang Anggang Kota Banjarbaru Guntung Damar, Landasan Ulin Landasan Ulin Cempaka Guntung Damar, Landasan Ulin",1,,,,0,0,False
3031,6310 107 2023 09 024 1,2023-09-24,2023,9,2023-09,6310,Tanah Bumbu,Kalimantan Selatan,6310,kode,Batulicin,1,,,,0,0,False
3032,3213 107 2023 09 024 1,2023-09-24,2023,9,2023-09,3213,Subang,Jawa Barat,3213,kode,Cijambe; Cibogo,2,Dalam proses penyelidikan,,,0,0,False
3033,3210 107 2023 09 024 1,2023-09-24,2023,9,2023-09,3210,Majalengka,Jawa Barat,3210,kode,,0,Belum Diketahui,,,0,0,False
3034,1504 107 2023 09 024 1,2023-09-24,2023,9,2023-09,1504,Batanghari,Jambi,1504,kode,"Muara Bulian Desa Sungai Buluh,; Muara Tembesi Desa Jebak ,; Muara Bulian Desa Tenam ,; Maro Sebo Ulu Desa Jebak Dusun senami,; Maro Sebo Ulu Desa Bulu Kasab,; Bajubang Desa Pompa Air,; Muara Bulian Desa Simpang Pete",7,,,,0,0,False
3035,1674 107 2023 09 024 1,2023-09-24,2023,9,2023-09,1674,Kota Prabumulih,Sumatera Selatan,1674,kode,Cambai,1,masih dalam penyelidikan pihak berwajib,,,0,0,False
3036,1902 107 2023 09 024 1,2023-09-24,2023,9,2023-09,1902,Belitung,Kepulauan Bangka Belitung,1902,kode,TanjungPandan; Ds. Perawas; Badau,3,pembukaan lahan,,,0,0,False
3037,6305 107 2023 09 024 1,2023-09-24,2023,9,2023-09,6305,Tapin,Kalimantan Selatan,6305,kode,,0,,,,0,0,False
3038,6401 107 2023 09 024 1,2023-09-24,2023,9,2023-09,6401,Paser,Kalimantan Timur,6401,kode,,0,,,,0,0,False
3039,1809 107 2023 09 024 1,2023-09-24,2023,9,2023-09,1809,Pesawaran,Lampung,1809,kode,Kedondong,1,masih dalam penyelidikan pihak berwajib,,,0,0,False
3040,3312 107 2023 09 024 1,2023-09-24,2023,9,2023-09,3312,Wonogiri,Jawa Tengah,3312,kode,,0,Masih dalam pengumpulan informasi,,,0,0,False
3041,6305 107 2023 09 023 1,2023-09-23,2023,9,2023-09,6305,Tapin,Kalimantan Selatan,6305,kode,Bungur Kab.Tapin Desa Pulau Pinang Utara; Binuang Kab.Tapin,2,,,,0,0,False
3042,6301 107 2023 09 023 1,2023-09-23,2023,9,2023-09,6301,Tanah Laut,Kalimantan Selatan,6301,kode,"Kintap, Kab. Tanah Laut Desa Pulau Sari,; Tambang Ulang, Kab. Tanah Laut Desa Pagatan Besar,; Takisung, Kab. Tanah Laut",3,,,,0,0,False
3043,6401 107 2023 09 023 1,2023-09-23,2023,9,2023-09,6401,Paser,Kalimantan Timur,6401,kode,Tanah Grogot,1,Dalam proses penyelidikan,,,0,0,False
3044,6303 107 2023 09 023 1,2023-09-23,2023,9,2023-09,6303,Banjar,Kalimantan Selatan,6303,kode,"Beruntung Baru, Kab. Banjar",1,,,,0,0,False
3045,3324 107 2023 09 023 1,2023-09-23,2023,9,2023-09,3324,Kendal,Jawa Tengah,3324,kode,,0,Api berasal dari rumput alang-alang di hutan yang bersebelahan yang terbakar,,,0,0,False
3046,6409 107 2023 09 023 1,2023-09-23,2023,9,2023-09,6409,Penajam Paser Utara,Kalimantan Timur,6409,kode,,0,,,,0,0,False
3047,6372 107 2023 09 023 1,2023-09-23,2023,9,2023-09,6372,Kota Banjarbaru,Kalimantan Selatan,6372,kode,,0,,,,0,0,False
3048,6204 107 2023 09 023 1,2023-09-23,2023,9,2023-09,6204,Barito Selatan,Kalimantan Tengah,6204,kode,,0,,,,0,0,False
3049,7302 107 2023 09 023 1,2023-09-23,2023,9,2023-09,7302,Bulukumba,Sulawesi Selatan,7302,kode,,0,Kekeringan dan suhu panas diatas normal,,,0,0,False
3050,3210 107 2023 09 023 1,2023-09-23,2023,9,2023-09,3210,Majalengka,Jawa Barat,3210,kode,Lemahsugih,1,Dalam proses penyelidikan,,,0,0,False
3051,6310 107 2023 09 023 1,2023-09-23,2023,9,2023-09,6310,Tanah Bumbu,Kalimantan Selatan,6310,kode,,0,,,,0,0,False
3052,3202 107 2023 09 023 1,2023-09-23,2023,9,2023-09,3202,Sukabumi,Jawa Barat,3202,kode,Gunungguruh,1,Dalam proses penyelidikan,,,0,0,False
3053,6304 107 2023 09 023 1,2023-09-23,2023,9,2023-09,6304,Barito Kuala,Kalimantan Selatan,6304,kode,"jejangkit, Kabupaten Barito Kuala",1,,,,0,0,False
3054,6311 107 2023 09 023 1,2023-09-23,2023,9,2023-09,6311,Balangan,Kalimantan Selatan,6311,kode,"Batumandi, Kab. Balangan kelurahan paringin kota, kec. paringin kota, kab. Balangan",1,,,,0,0,False
3055,6306 107 2023 09 023 1,2023-09-23,2023,9,2023-09,6306,Hulu Sungai Selatan,Kalimantan Selatan,6306,kode,,0,,,,0,0,False
3056,1809 107 2023 09 023 1,2023-09-23,2023,9,2023-09,1809,Pesawaran,Lampung,1809,kode,,0,,,,0,0,False
3057,6407 107 2023 09 023 1,2023-09-23,2023,9,2023-09,6407,Kutai Barat,Kalimantan Timur,6407,kode,,0,,,,0,0,False
3058,3209 107 2023 09 023 1,2023-09-23,2023,9,2023-09,3209,Cirebon,Jawa Barat,3209,kode,Sedong,1,Dalam proses penyelidikan,,,0,0,False
3059,3403 107 2023 09 023 1,2023-09-23,2023,9,2023-09,3403,Gunungkidul,Daerah Istimewa Yogyakarta,3403,kode,,0,,,,0,0,False
3060,3310 107 2023 09 022 1,2023-09-22,2023,9,2023-09,3310,Klaten,Jawa Tengah,3310,kode,Bayat,1,Dalam proses penyelidikan,,,0,0,False
3061,3403 107 2023 09 022 1,2023-09-22,2023,9,2023-09,3403,Gunungkidul,Daerah Istimewa Yogyakarta,3403,kode,,0,,,,0,0,False
3062,3403 107 2023 09 022 1,2023-09-22,2023,9,2023-09,3403,Gunungkidul,Daerah Istimewa Yogyakarta,3403,kode,,0,,,,0,0,False
3063,6302 107 2023 09 022 1,2023-09-22,2023,9,2023-09,6302,Kotabaru,Kalimantan Selatan,6302,kode,,0,,,,0,0,False
3064,3308 107 2023 09 022 1,2023-09-22,2023,9,2023-09,3308,Magelang,Jawa Tengah,3308,kode,,0,Hutan / Lahan yang terbakar belum di ketahui penyebab kemabakaran,,,0,0,False
3065,3202 107 2023 09 022 1,2023-09-22,2023,9,2023-09,3202,Sukabumi,Jawa Barat,3202,kode,,0,Belum Diketahui,,,0,0,False
3066,3471 107 2023 09 022 1,2023-09-22,2023,9,2023-09,3471,Kota Yogyakarta,Daerah Istimewa Yogyakarta,3471,kode,,0,,,,0,0,False
3067,3313 107 2023 09 022 1,2023-09-22,2023,9,2023-09,3313,Karanganyar,Jawa Tengah,3313,kode,,0,Hutan / Lahan yang terbakar belum di ketahui penyebab kemabakaran,,,0,0,False
3068,6112 107 2023 09 022 1,2023-09-22,2023,9,2023-09,6112,Kubu Raya,Kalimantan Barat,6112,kode,,0,,,,0,0,False
3069,6304 107 2023 09 022 1,2023-09-22,2023,9,2023-09,6304,Barito Kuala,Kalimantan Selatan,6304,kode,,0,,,,0,0,False
3070,6305 107 2023 09 022 1,2023-09-22,2023,9,2023-09,6305,Tapin,Kalimantan Selatan,6305,kode,,0,,,,0,0,False
3071,6310 107 2023 09 022 1,2023-09-22,2023,9,2023-09,6310,Tanah Bumbu,Kalimantan Selatan,6310,kode,,0,,,,0,0,False
3072,6306 107 2023 09 022 1,2023-09-22,2023,9,2023-09,6306,Hulu Sungai Selatan,Kalimantan Selatan,6306,kode,Daha Selatan Kab. Hulu Sungai Selatan Desa Kalumpang. RT 04; Kalumpang Kab. Hss Desa Sungai Paring; Kandangan Desa Ambutun Kecamatan Telaga Langsat Kab. Hulu Sungai Selatan,3,,,,0,0,False
3073,6206 107 2023 09 022 1,2023-09-22,2023,9,2023-09,6206,Katingan,Kalimantan Tengah,6206,kode,,0,,,,0,0,False
3074,6401 107 2023 09 022 1,2023-09-22,2023,9,2023-09,6401,Paser,Kalimantan Timur,6401,kode,,0,,,,0,0,False
3075,6303 107 2023 09 022 1,2023-09-22,2023,9,2023-09,6303,Banjar,Kalimantan Selatan,6303,kode,Martapura Barat Desa Guntung Ujung; Gambut,2,,,,0,0,False
3076,3213 107 2023 09 022 1,2023-09-22,2023,9,2023-09,3213,Subang,Jawa Barat,3213,kode,Cibogo,1,Dalam proses penyelidikan,,,0,0,False
3077,6409 107 2023 09 022 1,2023-09-22,2023,9,2023-09,6409,Penajam Paser Utara,Kalimantan Timur,6409,kode,,0,,,,0,0,False
3078,6304 107 2023 09 021 1,2023-09-21,2023,9,2023-09,6304,Barito Kuala,Kalimantan Selatan,6304,kode,,0,,,,0,0,False
3079,6305 107 2023 09 021 1,2023-09-21,2023,9,2023-09,6305,Tapin,Kalimantan Selatan,6305,kode,Lokpaikat Kab.Tapin Desa Tatakan; Tapin Selatan Kab. Tapin,2,,,,0,0,False
3080,6303 107 2023 09 021 1,2023-09-21,2023,9,2023-09,6303,Banjar,Kalimantan Selatan,6303,kode,"Karang Intan , Kab.Banjar Sungai Tabuk,; Sungai Tabuk, Kab.Banjar",2,,,,0,0,False
3081,6402 107 2023 09 021 1,2023-09-21,2023,9,2023-09,6402,Kutai Kartanegara,Kalimantan Timur,6402,kode,,0,,,,0,0,False
3082,6310 107 2023 09 021 1,2023-09-21,2023,9,2023-09,6310,Tanah Bumbu,Kalimantan Selatan,6310,kode,Batulicin Kab.Tanah Bumbu,1,,,,0,0,False
3083,3211 107 2023 09 021 1,2023-09-21,2023,9,2023-09,3211,Sumedang,Jawa Barat,3211,kode,,0,Belum Diketahui,,,0,0,False
3084,6301 107 2023 09 021 1,2023-09-21,2023,9,2023-09,6301,Tanah Laut,Kalimantan Selatan,6301,kode,"Tambang Ulang, Kab. Tanah Laut. Desa Tambang Ulang; Tambang Ulang, Kab. Tanah Laut. Jl. Empang Bugis Rt 21, Desa Tabanio,; Takisung, Kab. Tanah Laut. Desa Pulau Sari,; Tambang Ulang, Kab. Tanah Laut.",4,,,,0,0,False
3085,6207 107 2023 09 021 1,2023-09-21,2023,9,2023-09,6207,Seruyan,Kalimantan Tengah,6207,kode,,0,,,,0,0,False
3086,6372 107 2023 09 021 1,2023-09-21,2023,9,2023-09,6372,Kota Banjarbaru,Kalimantan Selatan,6372,kode,,0,,,,0,0,False
3087,7101 107 2023 09 021 1,2023-09-21,2023,9,2023-09,7101,Bolaang Mongondow,Sulawesi Utara,7101,kode,Bolaang,1,Masih dalam penyelidikan,,,0,0,False
3088,6306 107 2023 09 021 1,2023-09-21,2023,9,2023-09,6306,Hulu Sungai Selatan,Kalimantan Selatan,6306,kode,,0,,,,0,0,False
3089,6302 107 2023 09 021 1,2023-09-21,2023,9,2023-09,6302,Kotabaru,Kalimantan Selatan,6302,kode,,0,,,,0,0,False
3090,6409 107 2023 09 021 1,2023-09-21,2023,9,2023-09,6409,Penajam Paser Utara,Kalimantan Timur,6409,kode,,0,,,,0,0,False
3091,3308 107 2023 09 021 1,2023-09-21,2023,9,2023-09,3308,Magelang,Jawa Tengah,3308,kode,Srumbung; Windusari,2,Dalam proses penyelidikan,,,0,0,False
3092,1404 107 2023 09 021 1,2023-09-21,2023,9,2023-09,1404,Indragiri Hilir,Riau,1404,kode,"Kuantan Tengah, Desa. Pintu Gobang Kari",1,,,,0,0,False
3093,7315 107 2023 09 021 1,2023-09-21,2023,9,2023-09,7315,Pinrang,Sulawesi Selatan,7315,kode,,0,"Yang disebabkan dari masyarakat yang membakar lahan secara tidak sengaja, sehingga menyebar dan merembet membakar lahan dan hutan",,,0,0,False
3094,3403 107 2023 09 021 1,2023-09-21,2023,9,2023-09,3403,Gunungkidul,Daerah Istimewa Yogyakarta,3403,kode,,0,,,,0,0,False
3095,3323 107 2023 09 020 1,2023-09-20,2023,9,2023-09,3323,Temanggung,Jawa Tengah,3323,kode,,0,pembakaran sampah yang tidak terkontrol sehingga merambat ke rumpun bambu dan lahan  kosong di bantaran sungai.,,,0,0,False
3096,6303 107 2023 09 020 1,2023-09-20,2023,9,2023-09,6303,Banjar,Kalimantan Selatan,6303,kode,Karang Intan Gambut Komplek Lutfia Tunggal,1,,,,0,0,False
3097,1405 107 2023 09 020 1,2023-09-20,2023,9,2023-09,1405,Pelalawan,Riau,1405,kode,"Kerumutan, Desa. Kerumutan",1,,,,0,0,False
3098,6201 107 2023 09 020 1,2023-09-20,2023,9,2023-09,6201,Kotawaringin Barat,Kalimantan Tengah,6201,kode,,0,,,,0,0,False
3099,6310 107 2023 09 020 1,2023-09-20,2023,9,2023-09,6310,Tanah Bumbu,Kalimantan Selatan,6310,kode,,0,,,,0,0,False
3100,3312 107 2023 09 020 1,2023-09-20,2023,9,2023-09,3312,Wonogiri,Jawa Tengah,3312,kode,,0,Bakar bakar sampah lalu ditinggal,,,0,0,False
3101,1971 107 2023 09 020 1,2023-09-20,2023,9,2023-09,1971,Kota Pangkal Pinang,Kepulauan Bangka Belitung,1971,kode,Gerunggang,1,Disebabkan oleh orang yang tidak bertanggung jawab,,,0,0,False
3102,1504 107 2023 09 020 1,2023-09-20,2023,9,2023-09,1504,Batanghari,Jambi,1504,kode,Muara Bulian Desa Simpang Terusan,1,,,,0,0,False
3103,6372 107 2023 09 020 1,2023-09-20,2023,9,2023-09,6372,Kota Banjarbaru,Kalimantan Selatan,6372,kode,,0,,,,0,0,False
3104,7315 107 2023 09 020 1,2023-09-20,2023,9,2023-09,7315,Pinrang,Sulawesi Selatan,7315,kode,,0,"Yang disebabkan dari masyarakat yang membakar lahan secara tidak sengaja, sehingga menyebar dan merembet membakar lahan dan hutan",,,0,0,False
3105,1401 107 2023 09 020 1,2023-09-20,2023,9,2023-09,1401,Kampar,Riau,1401,kode,"Kampar Utara, Desa. Sungai Tonang",1,,,,0,0,False
3106,3202 107 2023 09 020 1,2023-09-20,2023,9,2023-09,3202,Sukabumi,Jawa Barat,3202,kode,,0,Belum Diketahui,,,0,0,False
3107,1906 107 2023 09 020 1,2023-09-20,2023,9,2023-09,1906,Belitung Timur,Kepulauan Bangka Belitung,1906,kode,Simpang Renggiang,1,Penyelidikan,,,0,0,False
3108,6203 107 2023 09 019 1,2023-09-19,2023,9,2023-09,6203,Kapuas,Kalimantan Tengah,6203,kode,,0,,,,0,0,False
3109,6310 107 2023 09 019 1,2023-09-19,2023,9,2023-09,6310,Tanah Bumbu,Kalimantan Selatan,6310,kode,,0,,,,0,0,False
3110,1904 107 2023 09 019 1,2023-09-19,2023,9,2023-09,1904,Bangka Tengah,Kepulauan Bangka Belitung,1904,kode,Pangkalan Baru,1,Dalam penyelidikan,,,0,0,False
3111,3208 107 2023 09 019 1,2023-09-19,2023,9,2023-09,3208,Kuningan,Jawa Barat,3208,kode,,0,Belum Diketahui,,,0,0,False
3112,6372 107 2023 09 019 1,2023-09-19,2023,9,2023-09,6372,Kota Banjarbaru,Kalimantan Selatan,6372,kode,,0,,,,0,0,False
3113,3374 107 2023 09 018 1,2023-09-18,2023,9,2023-09,3374,Kota Semarang,Jawa Tengah,3374,kode,,0,Masih dalam penyelidikan,,,0,0,False
3114,1504 107 2023 09 018 1,2023-09-18,2023,9,2023-09,1504,Batanghari,Jambi,1504,kode,Muara Bulian,1,pembukaan lahan,,,0,0,False
3115,6301 107 2023 09 018 1,2023-09-18,2023,9,2023-09,6301,Tanah Laut,Kalimantan Selatan,6301,kode,"Pelaihari, Kab. Tanah Laut. Jl. Plasma, Desa Pulau Sari,; Tambang Ulang, Kab. Tanah Laut.",2,,,,0,0,False
3116,6310 107 2023 09 018 1,2023-09-18,2023,9,2023-09,6310,Tanah Bumbu,Kalimantan Selatan,6310,kode,Batulicin,1,belum diketahui,,,0,0,False
3117,3203 107 2023 09 018 1,2023-09-18,2023,9,2023-09,3203,Cianjur,Jawa Barat,3203,kode,,0,Belum Diketahui,,,0,0,False
3118,3204 107 2023 09 018 1,2023-09-18,2023,9,2023-09,3204,Bandung,Jawa Barat,3204,kode,,0,"Dalam Penyelidikan Menurut keterangan petugaspenjaga (Bapak Asep),melihat ada 3 orang yangberlari ke arah utara setelahdiduga melakukanpembakaran sampah. BapakAsep dan warga sekitarmencoba melakukanpenanganan awal denganmenggunakan alat seadanya.Kejadian kemudiandilaporkan ke DinasKebakaran danPenanggulangan BencanaKota Bandung.",,,0,0,False
3119,1401 107 2023 09 018 1,2023-09-18,2023,9,2023-09,1401,Kampar,Riau,1401,kode,"Tambang, Desa. Rimbo Panjang",1,,,,0,0,False
3120,1405 107 2023 09 018 1,2023-09-18,2023,9,2023-09,1405,Pelalawan,Riau,1405,kode,"Langgam, Desa. Pangkalan Gondai",1,,,,0,0,False
3121,1674 107 2023 09 018 1,2023-09-18,2023,9,2023-09,1674,Kota Prabumulih,Sumatera Selatan,1674,kode,Prabumulih Utara,1,belum diketahui,,,0,0,False
3122,6303 107 2023 09 018 1,2023-09-18,2023,9,2023-09,6303,Banjar,Kalimantan Selatan,6303,kode,Karang Intan,1,belum diketahui,,,0,0,False
3123,3403 107 2023 09 018 1,2023-09-18,2023,9,2023-09,3403,Gunungkidul,Daerah Istimewa Yogyakarta,3403,kode,,0,,,,0,0,False
3124,3604 107 2023 09 018 1,2023-09-18,2023,9,2023-09,3604,Serang,Banten,3604,kode,"Ciruas Jl. Raya Serang - Jkt 18, Kaserangan",1,Penyebab kejadian tersebut belum diketahui,,,0,0,False
3125,3326 107 2023 09 018 1,2023-09-18,2023,9,2023-09,3326,Pekalongan,Jawa Tengah,3326,kode,,0,Kelalaian manusia,,,0,0,False
3126,3202 107 2023 09 018 1,2023-09-18,2023,9,2023-09,3202,Sukabumi,Jawa Barat,3202,kode,,0,Kebakaran lahan yg terjadidi wilayah Desa cikujang Kec.gunungguruh sekitarpukul 15.00 wib yangmengakibat rumput ilalangdan pohon bambu terbakar dilahan PT MBH dan PT,,,0,0,False
3127,3209 107 2023 09 018 1,2023-09-18,2023,9,2023-09,3209,Cirebon,Jawa Barat,3209,kode,,0,Belum Diketahui,,,0,0,False
3128,6211 107 2023 09 018 1,2023-09-18,2023,9,2023-09,6211,Pulang Pisau,Kalimantan Tengah,6211,kode,,0,,,,0,0,False
3129,6372 107 2023 09 017 1,2023-09-17,2023,9,2023-09,6372,Kota Banjarbaru,Kalimantan Selatan,6372,kode,Landasan Ulin Kota Banjarbaru Jl. Merdeka kelurahan Guntung manggis; Landasan Ulin Kota Banjarbaru jl. Wengga kelurahan Guntung manggis; Landasan Ulin Kota Banjarbaru,3,,,,0,0,False
3130,1406 107 2023 09 017 1,2023-09-17,2023,9,2023-09,1406,Rokan Hulu,Riau,1406,kode,"Bonai Darussalam, Desa. Sontang",1,,,,0,0,False
3131,6310 107 2023 09 017 1,2023-09-17,2023,9,2023-09,6310,Tanah Bumbu,Kalimantan Selatan,6310,kode,"Batulicin, Kab Tanah Bumbu",1,,,,0,0,False
3132,2101 107 2023 09 017 1,2023-09-17,2023,9,2023-09,2101,Bintan,Kepulauan Riau,2101,kode,Gunung Kijang; Bintan Timur; Bintan Timur; Gunung Kijang,4,belum diketahui,,,0,0,False
3133,1106 107 2023 09 017 1,2023-09-17,2023,9,2023-09,1106,Aceh Besar,Aceh,1106,kode,,0,Pembakaran tanpa pengawasan,,,0,0,False
3134,1402 107 2023 09 017 1,2023-09-17,2023,9,2023-09,1402,Indragiri Hulu,Riau,1402,kode,"Rakit Kulim, Desa. Talang Perigi; Batang Cenaku, Desa. Anak Talang; Peranap, Desa. Katipo Pura; Seberida, Desa. Bulu Rambai; Rengat, Desa. Kuantan Babu",5,,,,0,0,False
3135,1404 107 2023 09 017 1,2023-09-17,2023,9,2023-09,1404,Indragiri Hilir,Riau,1404,kode,"Batang Tuaku, Desa. Sungai Luar; Kemuning, Desa. Keritang; Gaung, Desa. Belantaraya; Pucuk Rantau, Desa. Sitiang; Kuantan Tengah, Desa. Sungai Jering",5,,,,0,0,False
3136,1901 107 2023 09 017 1,2023-09-17,2023,9,2023-09,1901,Bangka,Kepulauan Bangka Belitung,1901,kode,,0,belum diketahui,,,0,0,False
3137,1410 107 2023 09 017 1,2023-09-17,2023,9,2023-09,1410,Kepulauan Meranti,Riau,1410,kode,"Tebing Tinggi, Desa. Banglas; Merbau, Desa. Lukit",2,,,,0,0,False
3138,6271 107 2023 09 017 1,2023-09-17,2023,9,2023-09,6271,Kota Palangkaraya,Kalimantan Tengah,6271,kode,Sabangau,1,belum diketahui,,,0,0,False
3139,1703 107 2023 09 017 1,2023-09-17,2023,9,2023-09,1703,Bengkulu Utara,Bengkulu,1703,kode,Ds. Bajarsari,1,Dalam penyelidikan,,,0,0,False
3140,3308 107 2023 09 017 1,2023-09-17,2023,9,2023-09,3308,Magelang,Jawa Tengah,3308,kode,,0,Masih dalam penyelidikan,,,0,0,False
3141,1401 107 2023 09 017 1,2023-09-17,2023,9,2023-09,1401,Kampar,Riau,1401,kode,"Salo, Desa. Salo; Kampar Kiri Hilir, Desa. Gading Permai; XIII Koto Kampar, Desa. Tanjung Alai",3,,,,0,0,False
3142,1971 107 2023 09 017 1,2023-09-17,2023,9,2023-09,1971,Kota Pangkal Pinang,Kepulauan Bangka Belitung,1971,kode,Bukit Intan,1,belum diketahui,,,0,0,False
3143,6310 107 2023 09 016 1,2023-09-16,2023,9,2023-09,6310,Tanah Bumbu,Kalimantan Selatan,6310,kode,Kusan Tengah Kab. Tanah Bumbu,1,,,,0,0,False
3144,1401 107 2023 09 016 1,2023-09-16,2023,9,2023-09,1401,Kampar,Riau,1401,kode,"Bangkinang Kota, Desa. Kumantan; XIII Koto Kampar, Desa. Ranah Sungkai; Tambang, Desa. Rimbo Panjang; Tapung, Desa. Karya Indah",4,,,,0,0,False
3145,7316 107 2023 09 016 1,2023-09-16,2023,9,2023-09,7316,Enrekang,Sulawesi Selatan,7316,kode,,0,Pembukaan lahan dengan cara membakar lahan,,,0,0,False
3146,1404 107 2023 09 016 1,2023-09-16,2023,9,2023-09,1404,Indragiri Hilir,Riau,1404,kode,"Batang Tuaku, Desa. Sungai Rawa; Gaung, Desa. Simpang Gaung; Mandah, Desa. Cahaya Baru; Pelangiran, Desa. Wonosari; Keritang, Desa. Pancur",5,,,,0,0,False
3147,6303 107 2023 09 016 1,2023-09-16,2023,9,2023-09,6303,Banjar,Kalimantan Selatan,6303,kode,Martapura Barat Desa Gudang Tengah; Sungai Tabuk,2,,,,0,0,False
3148,3372 107 2023 09 016 1,2023-09-16,2023,9,2023-09,3372,Kota Surakarta,Jawa Tengah,3372,kode,Jebres,1,masih dalam penyelidikan,,,0,0,False
3149,6301 107 2023 09 016 1,2023-09-16,2023,9,2023-09,6301,Tanah Laut,Kalimantan Selatan,6301,kode,"Tambang Ulang, Kab. Tanah Laut. Bati-Bati",1,,,,0,0,False
3150,3374 107 2023 09 016 1,2023-09-16,2023,9,2023-09,3374,Kota Semarang,Jawa Tengah,3374,kode,,0,Masih dalam penyelidikan,,,0,0,False
3151,1811 107 2023 09 016 1,2023-09-16,2023,9,2023-09,1811,Mesuji,Lampung,1811,kode,,0,,,,0,0,False
3152,3213 107 2023 09 016 1,2023-09-16,2023,9,2023-09,3213,Subang,Jawa Barat,3213,kode,,0,Belum Diketahui,,,0,0,False
3153,3301 107 2023 09 016 1,2023-09-16,2023,9,2023-09,3301,Cilacap,Jawa Tengah,3301,kode,,0,Masih dalam penyelidikan,,,0,0,False
3154,1604 107 2023 09 016 1,2023-09-16,2023,9,2023-09,1604,Lahat,Sumatera Selatan,1604,kode,Lahat Selatan,1,belum diketahui,,,0,0,False
3155,7604 107 2023 09 016 1,2023-09-16,2023,9,2023-09,7604,Polewali Mandar,Sulawesi Barat,7604,kode,,0,,,,0,0,False
3156,6271 107 2023 09 016 1,2023-09-16,2023,9,2023-09,6271,Kota Palangkaraya,Kalimantan Tengah,6271,kode,,0,,,,0,0,False
3157,6304 107 2023 09 016 1,2023-09-16,2023,9,2023-09,6304,Barito Kuala,Kalimantan Selatan,6304,kode,,0,,,,0,0,False
3158,6372 107 2023 09 016 1,2023-09-16,2023,9,2023-09,6372,Kota Banjarbaru,Kalimantan Selatan,6372,kode,,0,,,,0,0,False
3159,1708 107 2023 09 016 1,2023-09-16,2023,9,2023-09,1708,Kepahiang,Bengkulu,1708,kode,,0,,,,0,0,False
3160,3210 107 2023 09 015 1,2023-09-15,2023,9,2023-09,3210,Majalengka,Jawa Barat,3210,kode,,0,Belum Diketahui,,,0,0,False
3161,6208 107 2023 09 015 1,2023-09-15,2023,9,2023-09,6208,Sukamara,Kalimantan Tengah,6208,kode,,0,,,,0,0,False
3162,1808 107 2023 09 015 1,2023-09-15,2023,9,2023-09,1808,Way Kanan,Lampung,1808,kode,,0,,,,0,0,False
3163,1904 107 2023 09 015 1,2023-09-15,2023,9,2023-09,1904,Bangka Tengah,Kepulauan Bangka Belitung,1904,kode,Pangkalan Baru,1,Dalam proses penyelidikan,,,0,0,False
3164,6304 107 2023 09 015 1,2023-09-15,2023,9,2023-09,6304,Barito Kuala,Kalimantan Selatan,6304,kode,,0,,,,0,0,False
3165,6311 107 2023 09 015 1,2023-09-15,2023,9,2023-09,6311,Balangan,Kalimantan Selatan,6311,kode,,0,,,,0,0,False
3166,1405 107 2023 09 015 1,2023-09-15,2023,9,2023-09,1405,Pelalawan,Riau,1405,kode,"Bunut, Desa. Bagan Laguh",1,,,,0,0,False
3167,6372 107 2023 09 015 1,2023-09-15,2023,9,2023-09,6372,Kota Banjarbaru,Kalimantan Selatan,6372,kode,,0,,,,0,0,False
3168,1811 107 2023 09 015 1,2023-09-15,2023,9,2023-09,1811,Mesuji,Lampung,1811,kode,,0,,,,0,0,False
3169,6303 107 2023 09 015 1,2023-09-15,2023,9,2023-09,6303,Banjar,Kalimantan Selatan,6303,kode,,0,,,,0,0,False
3170,1402 107 2023 09 015 1,2023-09-15,2023,9,2023-09,1402,Indragiri Hulu,Riau,1402,kode,"Rengat Barat, Desa. Koto Lama; Batang Cenaku, Desa. Pejengki; Peranap, Desa. Pauh Peranap",3,,,,0,0,False
3171,6474 107 2023 09 015 1,2023-09-15,2023,9,2023-09,6474,Kota Bontang,Kalimantan Timur,6474,kode,,0,,,,0,0,False
3172,3211 107 2023 09 015 1,2023-09-15,2023,9,2023-09,3211,Sumedang,Jawa Barat,3211,kode,Sumedang Selatan,1,Masih dalam penyelidikan,,,0,0,False
3173,6409 107 2023 09 015 1,2023-09-15,2023,9,2023-09,6409,Penajam Paser Utara,Kalimantan Timur,6409,kode,,0,,,,0,0,False
3174,5304 107 2023 09 015 1,2023-09-15,2023,9,2023-09,5304,Belu,Nusa Tenggara Timur,5304,kode,Tasifeto Barat,1,"Peristiwa kebakaran hutan dan lahan (karhutla) kembali lagi  terjadi dilokasi yang sama yakni di hutan produksi terbatas (hutan jati) Edukama, Nenuk, Desa Naekasa, Kecamatan Tasifeto Barat, Kab. Belu pada Jumat, (15/9/23) sekitar pukul 11.22 Wita. Setelah mendapat laporan dari masyarakat tim yang terdiri dari pihak Damkar dan BPBD segera menuju lokasi untuk melakukan upaya pemadaman. Atas upaya cepat tersebut api berhasil dapat dikendalikan oleh tim gabungan pada pukul 12.15 Wita. Belum diketahui penyebab dari kebakaran, namun dampak akibat kebakaran tersebut mencapai kurang lebih 2 Ha.",,,0,0,False
3175,6310 107 2023 09 015 1,2023-09-15,2023,9,2023-09,6310,Tanah Bumbu,Kalimantan Selatan,6310,kode,,0,,,,0,0,False
3176,3316 107 2023 09 015 1,2023-09-15,2023,9,2023-09,3316,Blora,Jawa Tengah,3316,kode,Sambirejo,1,Tutupan vegetasi yang mudah terbakar akibat adanya puncak musim kemarau.,,,0,0,False
3177,1404 107 2023 09 015 1,2023-09-15,2023,9,2023-09,1404,Indragiri Hilir,Riau,1404,kode,"Tembilahan Hulu, Desa. Sungai Intan; Teluk Belengkong, Desa. Gembaran; Mandah, Desa.; Batang Tuaku, Desa. Sungai Luar; Kuantan Mudik, Desa. Kasang",5,,,,0,0,False
3178,1904 107 2023 09 015 1,2023-09-15,2023,9,2023-09,1904,Bangka Tengah,Kepulauan Bangka Belitung,1904,kode,Pangkalan Baru,1,belum diketahui,,,0,0,False
3179,1401 107 2023 09 015 1,2023-09-15,2023,9,2023-09,1401,Kampar,Riau,1401,kode,"Tambang, Desa. Rimbo Panjang; Bangkinang Kota, Desa. Kumantan; Kampar, Desa. Simpang Kubu",3,,,,0,0,False
3180,6305 107 2023 09 015 1,2023-09-15,2023,9,2023-09,6305,Tapin,Kalimantan Selatan,6305,kode,Tapin Tengah Kab. Tapin Desa Rumintin; Tapin Selatan Kab. Tapin Desa Hiyung; Tapin Tengah Kab. Tapin,3,,,,0,0,False
3181,1406 107 2023 09 015 1,2023-09-15,2023,9,2023-09,1406,Rokan Hulu,Riau,1406,kode,"Rambah, Desa. Pematang Barangan",1,,,,0,0,False
3182,2101 107 2023 09 015 1,2023-09-15,2023,9,2023-09,2101,Bintan,Kepulauan Riau,2101,kode,Toapaya; Gunung Kijang; Bintan Timur,3,belum diketahui,,,0,0,False
3183,6402 107 2023 09 015 1,2023-09-15,2023,9,2023-09,6402,Kutai Kartanegara,Kalimantan Timur,6402,kode,,0,,,,0,0,False
3184,1708 107 2023 09 015 1,2023-09-15,2023,9,2023-09,1708,Kepahiang,Bengkulu,1708,kode,,0,,,,0,0,False
3185,3315 107 2023 09 015 1,2023-09-15,2023,9,2023-09,3315,Grobogan,Jawa Tengah,3315,kode,Toroh,1,"Memasuki puncak musim kemarau, banyak ilalang yang kering dan mudah terbakar",,,0,0,False
3186,1504 107 2023 09 015 1,2023-09-15,2023,9,2023-09,1504,Batanghari,Jambi,1504,kode,Muara Bulian Desa Singkawang,1,,,,0,0,False
3187,3314 107 2023 09 015 1,2023-09-15,2023,9,2023-09,3314,Sragen,Jawa Tengah,3314,kode,"Sambirejo,",1,Dalam proses penyelidikan,,,0,0,False
3188,7316 107 2023 09 014 1,2023-09-14,2023,9,2023-09,7316,Enrekang,Sulawesi Selatan,7316,kode,,0,Di duga api berasal dari sisa pembakaran sampah yang di lakukan oleh masyarakat setempat,,,0,0,False
3189,1902 107 2023 09 014 1,2023-09-14,2023,9,2023-09,1902,Belitung,Kepulauan Bangka Belitung,1902,kode,Sijuk; Tanjung Pandan; Membalong,3,Dalam proses penyelidikan,,,0,0,False
3190,6401 107 2023 09 014 1,2023-09-14,2023,9,2023-09,6401,Paser,Kalimantan Timur,6401,kode,,0,,,,0,0,False
3191,1904 107 2023 09 014 1,2023-09-14,2023,9,2023-09,1904,Bangka Tengah,Kepulauan Bangka Belitung,1904,kode,Namang,1,Dalam proses penyelidikan,,,0,0,False
3192,6303 107 2023 09 014 1,2023-09-14,2023,9,2023-09,6303,Banjar,Kalimantan Selatan,6303,kode,,0,,,,0,0,False
3193,3211 107 2023 09 014 1,2023-09-14,2023,9,2023-09,3211,Sumedang,Jawa Barat,3211,kode,,0,Belum Diketahui,,,0,0,False
3194,6372 107 2023 09 014 1,2023-09-14,2023,9,2023-09,6372,Kota Banjarbaru,Kalimantan Selatan,6372,kode,,0,,,,0,0,False
3195,1906 107 2023 09 014 1,2023-09-14,2023,9,2023-09,1906,Belitung Timur,Kepulauan Bangka Belitung,1906,kode,Manggar; Gantung,2,Dalam proses penyelidikan,,,0,0,False
3196,3202 107 2023 09 014 1,2023-09-14,2023,9,2023-09,3202,Sukabumi,Jawa Barat,3202,kode,,0,Belum Diketahui,,,0,0,False
3197,6301 107 2023 09 014 1,2023-09-14,2023,9,2023-09,6301,Tanah Laut,Kalimantan Selatan,6301,kode,"Kintap, Kab. Tanah Laut. Jl. Raya Takisung (Depan Mesjid Jami Nur Hasyim),; Pelaihari, Kab. Tanah Laut.",2,,,,0,0,False
3198,3376 107 2023 09 014 1,2023-09-14,2023,9,2023-09,3376,Kota Tegal,Jawa Tengah,3376,kode,Tegal Timur,1,Dalam proses penyelidikan,,,0,0,False
3199,2102 107 2023 09 014 1,2023-09-14,2023,9,2023-09,2102,Karimun,Kepulauan Riau,2102,kode,Tebing; Karimun,2,Dalam proses penyelidikan,,,0,0,False
3200,6203 107 2023 09 014 1,2023-09-14,2023,9,2023-09,6203,Kapuas,Kalimantan Tengah,6203,kode,,0,,,,0,0,False
3201,1708 107 2023 09 014 1,2023-09-14,2023,9,2023-09,1708,Kepahiang,Bengkulu,1708,kode,Bermani Ilir,1,Dalam proses penyelidikan,,,0,0,False
3202,1401 107 2023 09 014 1,2023-09-14,2023,9,2023-09,1401,Kampar,Riau,1401,kode,"Kampar, Desa. Kampa; Siak Hulu, Desa. Buluh Nipis",2,,,,0,0,False
3203,1402 107 2023 09 014 1,2023-09-14,2023,9,2023-09,1402,Indragiri Hulu,Riau,1402,kode,"Rengat Barat, Desa. Danau Baru; Batang Cenaku, Desa. Anak Talang; Peranap, Desa. Pauh Peranap",3,,,,0,0,False
3204,3202 107 2023 09 013 1,2023-09-13,2023,9,2023-09,3202,Sukabumi,Jawa Barat,3202,kode,,0,Akibat Pembakaran sampahmengakibatkan lahanterbakar,,,0,0,False
3205,3401 107 2023 09 013 1,2023-09-13,2023,9,2023-09,3401,Kulon Progo,Daerah Istimewa Yogyakarta,3401,kode,,0,,,,0,0,False
3206,1410 107 2023 09 013 1,2023-09-13,2023,9,2023-09,1410,Kepulauan Meranti,Riau,1410,kode,"Rangsang, Desa. Wonosari",1,,,,0,0,False
3207,3213 107 2023 09 013 1,2023-09-13,2023,9,2023-09,3213,Subang,Jawa Barat,3213,kode,,0,Belum Diketahui,,,0,0,False
3208,6303 107 2023 09 013 1,2023-09-13,2023,9,2023-09,6303,Banjar,Kalimantan Selatan,6303,kode,"Beruntung Baru Kab.Banjar Komplek Luthfia Tunggal,; Martapura Kota Kab.Banjar Desa Tambak Padi,; Beruntung Baru Kab.Banjar Desa Mali-Mali,; Karang Intan Kab.Banjar",4,,,,0,0,False
3209,1809 107 2023 09 013 1,2023-09-13,2023,9,2023-09,1809,Pesawaran,Lampung,1809,kode,Kedondong,1,Dalam proses penyelidikan,,,0,0,False
3210,6310 107 2023 09 013 1,2023-09-13,2023,9,2023-09,6310,Tanah Bumbu,Kalimantan Selatan,6310,kode,Kusan Hilir Kab. Tanah Bumbu,1,,,,0,0,False
3211,6302 107 2023 09 013 1,2023-09-13,2023,9,2023-09,6302,Kotabaru,Kalimantan Selatan,6302,kode,,0,,,,0,0,False
3212,3204 107 2023 09 013 1,2023-09-13,2023,9,2023-09,3204,Bandung,Jawa Barat,3204,kode,,0,Sengatan Matahari,,,0,0,False
3213,6305 107 2023 09 013 1,2023-09-13,2023,9,2023-09,6305,Tapin,Kalimantan Selatan,6305,kode,Tapin Utara Kab. Tapin Desa Sungai Rutas Hulu; Candi Laras Selatan Kab. Tapin Dusun Taibah Desa Banua Halat Kanan,2,,,,0,0,False
3214,1604 107 2023 09 013 1,2023-09-13,2023,9,2023-09,1604,Lahat,Sumatera Selatan,1604,kode,Lahat; Pulau Pinang,2,masih dalam proses penyelidikan,,,0,0,False
3215,1708 107 2023 09 013 1,2023-09-13,2023,9,2023-09,1708,Kepahiang,Bengkulu,1708,kode,,0,,,,0,0,False
3216,2101 107 2023 09 013 1,2023-09-13,2023,9,2023-09,2101,Bintan,Kepulauan Riau,2101,kode,Bintan Timur,1,Dalam proses penyelidikan,,,0,0,False
3217,6306 107 2023 09 013 1,2023-09-13,2023,9,2023-09,6306,Hulu Sungai Selatan,Kalimantan Selatan,6306,kode,Kalumpang Kab. HSS Desa Baru; Daha Barat Kab. HSS,2,,,,0,0,False
3218,6206 107 2023 09 013 1,2023-09-13,2023,9,2023-09,6206,Katingan,Kalimantan Tengah,6206,kode,,0,,,,0,0,False
3219,1406 107 2023 09 013 1,2023-09-13,2023,9,2023-09,1406,Rokan Hulu,Riau,1406,kode,"Rokan IV Koto, Desa. Lubuk Bendahara; Rambah Samo, Desa. Rambah Samo; Kabun, Desa. Bencah Kesuma",3,,,,0,0,False
3220,1504 107 2023 09 013 1,2023-09-13,2023,9,2023-09,1504,Batanghari,Jambi,1504,kode,"Bajubang Desa Penerokan ,",1,,,,0,0,False
3221,6372 107 2023 09 013 1,2023-09-13,2023,9,2023-09,6372,Kota Banjarbaru,Kalimantan Selatan,6372,kode,,0,,,,0,0,False
3222,3272 107 2023 09 013 1,2023-09-13,2023,9,2023-09,3272,Kota Sukabumi,Jawa Barat,3272,kode,,0,Belum Diketahui,,,0,0,False
3223,1401 107 2023 09 013 1,2023-09-13,2023,9,2023-09,1401,Kampar,Riau,1401,kode,Kampar Utara,1,Masih Dalam Penyelidikan,,,0,0,False
3224,1811 107 2023 09 013 1,2023-09-13,2023,9,2023-09,1811,Mesuji,Lampung,1811,kode,,0,masih dalam penyelidikan,,,0,0,False
3225,3208 107 2023 09 013 1,2023-09-13,2023,9,2023-09,3208,Kuningan,Jawa Barat,3208,kode,Cilimus,1,Dalam proses penyelidikan,,,0,0,False
3226,6301 107 2023 09 013 1,2023-09-13,2023,9,2023-09,6301,Tanah Laut,Kalimantan Selatan,6301,kode,"Pelaihari, Kab. Tanah Laut.",1,,,,0,0,False
3227,1501 107 2023 09 013 1,2023-09-13,2023,9,2023-09,1501,Kerinci,Jambi,1501,kode,Bukit Kerman Desa Pulau Sangkar,1,,,,0,0,False
3228,3210 107 2023 09 013 1,2023-09-13,2023,9,2023-09,3210,Majalengka,Jawa Barat,3210,kode,Argapura; Dawuan; Majalengka,3,Dalam proses penyelidikan,,,0,0,False
3229,1906 107 2023 09 012 1,2023-09-12,2023,9,2023-09,1906,Belitung Timur,Kepulauan Bangka Belitung,1906,kode,Gantung; Simpang Pesak,2,Masih dalam penyelidikan,,,0,0,False
3230,1410 107 2023 09 012 1,2023-09-12,2023,9,2023-09,1410,Kepulauan Meranti,Riau,1410,kode,"Rangsang, Desa. Tanjung Gemuk",1,,,,0,0,False
3231,7604 107 2023 09 012 1,2023-09-12,2023,9,2023-09,7604,Polewali Mandar,Sulawesi Barat,7604,kode,,0,,,,0,0,False
3232,3214 107 2023 09 012 1,2023-09-12,2023,9,2023-09,3214,Purwakarta,Jawa Barat,3214,kode,Bungursari; Tegalwaru; Darangdan; Babakancikao; Purwakarta; Pondoksalam,6,Masih dalam penyelidikan,,,0,0,False
3233,3213 107 2023 09 012 1,2023-09-12,2023,9,2023-09,3213,Subang,Jawa Barat,3213,kode,,0,Belum Diketahui,,,0,0,False
3234,6372 107 2023 09 012 1,2023-09-12,2023,9,2023-09,6372,Kota Banjarbaru,Kalimantan Selatan,6372,kode,"Cempaka Jl bumi berkat indah, Bukit lentera, kec Cempaka Kel cempaka Landasan Ulin Liang Anggang Landasan Ulin Timur Liang Anggang",1,,,,0,0,False
3235,3312 107 2023 09 012 1,2023-09-12,2023,9,2023-09,3312,Wonogiri,Jawa Tengah,3312,kode,,0,Masih dalam pengumpulan informasi,,,0,0,False
3236,3315 107 2023 09 012 1,2023-09-12,2023,9,2023-09,3315,Grobogan,Jawa Tengah,3315,kode,Ngaringan,1,Masih dalam penyelidikan,,,0,0,False
3237,1501 107 2023 09 012 1,2023-09-12,2023,9,2023-09,1501,Kerinci,Jambi,1501,kode,Air Hangat Timur Desa Baru Air Panas,1,,,,0,0,False
3238,1804 107 2023 09 012 1,2023-09-12,2023,9,2023-09,1804,Lampung Barat,Lampung,1804,kode,,0,,,,0,0,False
3239,3202 107 2023 09 012 1,2023-09-12,2023,9,2023-09,3202,Sukabumi,Jawa Barat,3202,kode,,0,Belum Diketahui,,,0,0,False
3240,2104 107 2023 09 012 1,2023-09-12,2023,9,2023-09,2104,Lingga,Kepulauan Riau,2104,kode,Singkep,1,Dalam proses penyelidikan,,,0,0,False
3241,6303 107 2023 09 012 1,2023-09-12,2023,9,2023-09,6303,Banjar,Kalimantan Selatan,6303,kode,,0,,,,0,0,False
3242,1610 107 2023 09 012 1,2023-09-12,2023,9,2023-09,1610,Ogan Ilir,Sumatera Selatan,1610,kode,Kandis; Pemulutan; Indralaya Selatan; Pemulutan Barat,4,Dalam proses penyelidikan,,,0,0,False
3243,6301 107 2023 09 012 1,2023-09-12,2023,9,2023-09,6301,Tanah Laut,Kalimantan Selatan,6301,kode,"Bati-Bati, Kab. Tanah Laut. Desa Padang,; Bati-Bati, Kab. Tanah Laut.",2,,,,0,0,False
3244,1902 107 2023 09 012 1,2023-09-12,2023,9,2023-09,1902,Belitung,Kepulauan Bangka Belitung,1902,kode,Tanjung Pandan,1,Masih dalam penyelidikan,,,0,0,False
3245,1808 107 2023 09 012 1,2023-09-12,2023,9,2023-09,1808,Way Kanan,Lampung,1808,kode,,0,,,,0,0,False
3246,3301 107 2023 09 012 1,2023-09-12,2023,9,2023-09,3301,Cilacap,Jawa Tengah,3301,kode,Jeruklegi,1,"Pada pukul 17.50 wib Saksi 1 dan Saksi 2 melihat kobaran api pada rumput ilalang yang berada di ujung landasan / Runway 31 Bandara Tunggul Wulung, selanjutnya menghubungi Pemadam Kebakaran milik Bandara Tunggul Wulung Cilacap.",,,0,0,False
3247,6206 107 2023 09 012 1,2023-09-12,2023,9,2023-09,6206,Katingan,Kalimantan Tengah,6206,kode,,0,,,,0,0,False
3248,6372 107 2023 09 011 1,2023-09-11,2023,9,2023-09,6372,Kota Banjarbaru,Kalimantan Selatan,6372,kode,,0,,,,0,0,False
3249,1172 107 2023 09 011 1,2023-09-11,2023,9,2023-09,1172,Kota Sabang,Aceh,1172,kode,Sukajaya  Gp. Cot ba'u Jurong tanoh bujug,1,Belum diketahui,,,0,0,False
3250,6301 107 2023 09 011 1,2023-09-11,2023,9,2023-09,6301,Tanah Laut,Kalimantan Selatan,6301,kode,"Bati-Bati, Kab. Tanah Laut",1,,,,0,0,False
3251,6207 107 2023 09 011 1,2023-09-11,2023,9,2023-09,6207,Seruyan,Kalimantan Tengah,6207,kode,,0,,,,0,0,False
3252,6311 107 2023 09 011 1,2023-09-11,2023,9,2023-09,6311,Balangan,Kalimantan Selatan,6311,kode,,0,,,,0,0,False
3253,6307 107 2023 09 011 1,2023-09-11,2023,9,2023-09,6307,Hulu Sungai Tengah,Kalimantan Selatan,6307,kode,Batang Alai Utara Kab. HST Desa Telang; Batang Alai Utara Kab. HST,2,,,,0,0,False
3254,3209 107 2023 09 011 1,2023-09-11,2023,9,2023-09,3209,Cirebon,Jawa Barat,3209,kode,,0,Sengatan Matahari,,,0,0,False
3255,1813 107 2023 09 011 1,2023-09-11,2023,9,2023-09,1813,Pesisir Barat,Lampung,1813,kode,,0,,,,0,0,False
3256,1501 107 2023 09 011 1,2023-09-11,2023,9,2023-09,1501,Kerinci,Jambi,1501,kode,Gunung Raya Dea Kebun Lima,1,,,,0,0,False
3257,3210 107 2023 09 011 1,2023-09-11,2023,9,2023-09,3210,Majalengka,Jawa Barat,3210,kode,Majalengka; Kadipaten; Panyingkiran,3,Masih dilakukan investigasi/ pendalaman oleh pihak-pihak terkait,,,0,0,False
3258,1809 107 2023 09 011 1,2023-09-11,2023,9,2023-09,1809,Pesawaran,Lampung,1809,kode,Gedong Tataan,1,Masih dilakukan investigasi/ pendalaman oleh pihak-pihak terkait,,,0,0,False
3259,3310 107 2023 09 011 1,2023-09-11,2023,9,2023-09,3310,Klaten,Jawa Tengah,3310,kode,Bayat,1,Masih dalam penyelidikan,,,0,0,False
3260,1709 107 2023 09 011 1,2023-09-11,2023,9,2023-09,1709,Bengkulu Tengah,Bengkulu,1709,kode,,0,,,,0,0,False
3261,3374 107 2023 09 011 1,2023-09-11,2023,9,2023-09,3374,Kota Semarang,Jawa Tengah,3374,kode,,0,Sumber api ( masih dalam Penyelidikan),,,0,0,False
3262,6303 107 2023 09 011 1,2023-09-11,2023,9,2023-09,6303,Banjar,Kalimantan Selatan,6303,kode,"Sungai Tabuk, Kab. Banjar",1,,,,0,0,False
3263,1811 107 2023 09 011 1,2023-09-11,2023,9,2023-09,1811,Mesuji,Lampung,1811,kode,,0,,,,0,0,False
3264,6305 107 2023 09 011 1,2023-09-11,2023,9,2023-09,6305,Tapin,Kalimantan Selatan,6305,kode,,0,,,,0,0,False
3265,7504 107 2023 09 011 1,2023-09-11,2023,9,2023-09,7504,Pohuwato,Gorontalo,7504,kode,Marisa,1,Masyarakat yg membuang puntuk rokok sembarangan,,,0,0,False
3266,7604 107 2023 09 011 1,2023-09-11,2023,9,2023-09,7604,Polewali Mandar,Sulawesi Barat,7604,kode,,0,,,,0,0,False
3267,6409 107 2023 09 011 1,2023-09-11,2023,9,2023-09,6409,Penajam Paser Utara,Kalimantan Timur,6409,kode,,0,,,,0,0,False
3268,1902 107 2023 09 011 1,2023-09-11,2023,9,2023-09,1902,Belitung,Kepulauan Bangka Belitung,1902,kode,Membalong,1,Masih dilakukan investigasi/ pendalaman oleh pihak-pihak terkait,,,0,0,False
3269,3213 107 2023 09 011 1,2023-09-11,2023,9,2023-09,3213,Subang,Jawa Barat,3213,kode,,0,Sengatan Matahari,,,0,0,False
3270,6305 107 2023 09 010 1,2023-09-10,2023,9,2023-09,6305,Tapin,Kalimantan Selatan,6305,kode,Binuang Desa Buas Buas,1,,,,0,0,False
3271,6302 107 2023 09 010 1,2023-09-10,2023,9,2023-09,6302,Kotabaru,Kalimantan Selatan,6302,kode,,0,,,,0,0,False
3272,6401 107 2023 09 010 1,2023-09-10,2023,9,2023-09,6401,Paser,Kalimantan Timur,6401,kode,,0,,,,0,0,False
3273,6407 107 2023 09 010 1,2023-09-10,2023,9,2023-09,6407,Kutai Barat,Kalimantan Timur,6407,kode,,0,,,,0,0,False
3274,6409 107 2023 09 010 1,2023-09-10,2023,9,2023-09,6409,Penajam Paser Utara,Kalimantan Timur,6409,kode,,0,,,,0,0,False
3275,6474 107 2023 09 010 1,2023-09-10,2023,9,2023-09,6474,Kota Bontang,Kalimantan Timur,6474,kode,,0,,,,0,0,False
3276,6301 107 2023 09 010 1,2023-09-10,2023,9,2023-09,6301,Tanah Laut,Kalimantan Selatan,6301,kode,Tapin Tengah Kab. Tapin.,1,,,,0,0,False
3277,6207 107 2023 09 010 1,2023-09-10,2023,9,2023-09,6207,Seruyan,Kalimantan Tengah,6207,kode,,0,,,,0,0,False
3278,6304 107 2023 09 010 1,2023-09-10,2023,9,2023-09,6304,Barito Kuala,Kalimantan Selatan,6304,kode,,0,,,,0,0,False
3279,3314 107 2023 09 010 1,2023-09-10,2023,9,2023-09,3314,Sragen,Jawa Tengah,3314,kode,Gesi,1,Masih dalam penyelidikan,,,0,0,False
3280,1902 107 2023 09 010 1,2023-09-10,2023,9,2023-09,1902,Belitung,Kepulauan Bangka Belitung,1902,kode,Sijuk; Tanjung Pandan,2,Masih dalam penyelidikan,,,0,0,False
3281,6211 107 2023 09 010 1,2023-09-10,2023,9,2023-09,6211,Pulang Pisau,Kalimantan Tengah,6211,kode,Jabiren Raya; Sebangau Kuala; Maliku,3,belum diketahui,,,0,0,False
3282,3302 107 2023 09 010 1,2023-09-10,2023,9,2023-09,3302,Banyumas,Jawa Tengah,3302,kode,Purwojati,1,Masih dalam penyelidikan,,,0,0,False
3283,3513 107 2023 09 010 1,2023-09-10,2023,9,2023-09,3513,Probolinggo,Jawa Timur,3513,kode,Poncokusumo Kab. Malang.,1,,,,0,0,False
3284,1906 107 2023 09 010 1,2023-09-10,2023,9,2023-09,1906,Belitung Timur,Kepulauan Bangka Belitung,1906,kode,Gantung,1,Masih dalam penyelidikan,,,0,0,False
3285,6310 107 2023 09 010 1,2023-09-10,2023,9,2023-09,6310,Tanah Bumbu,Kalimantan Selatan,6310,kode,Batulicin,1,,,,0,0,False
3286,3210 107 2023 09 010 1,2023-09-10,2023,9,2023-09,3210,Majalengka,Jawa Barat,3210,kode,Majalengka; Cigasong,2,Masih dalam penyelidikan,,,0,0,False
3287,6372 107 2023 09 010 1,2023-09-10,2023,9,2023-09,6372,Kota Banjarbaru,Kalimantan Selatan,6372,kode,"Landasan Ulin Kota Banjarbaru Embung Guntung Damar , Kota Banjarbaru . sidomulyo ujung, kel landasan ulin timur. Kec Landasan ulin",1,,,,0,0,False
3288,6402 107 2023 09 010 1,2023-09-10,2023,9,2023-09,6402,Kutai Kartanegara,Kalimantan Timur,6402,kode,,0,,,,0,0,False
3289,3471 107 2023 09 010 1,2023-09-10,2023,9,2023-09,3471,Kota Yogyakarta,Daerah Istimewa Yogyakarta,3471,kode,,0,,,,0,0,False
3290,3403 107 2023 09 09 1,2023-09-09,2023,9,2023-09,3403,Gunungkidul,Daerah Istimewa Yogyakarta,3403,kode,,0,,,,0,0,False
3291,3403 107 2023 09 09 1,2023-09-09,2023,9,2023-09,3403,Gunungkidul,Daerah Istimewa Yogyakarta,3403,kode,,0,,,,0,0,False
3292,1902 107 2023 09 09 1,2023-09-09,2023,9,2023-09,1902,Belitung,Kepulauan Bangka Belitung,1902,kode,Tanjung Padang,1,Masih dalam penyelidikan,,,0,0,False
3293,6304 107 2023 09 09 1,2023-09-09,2023,9,2023-09,6304,Barito Kuala,Kalimantan Selatan,6304,kode,,0,,,,0,0,False
3294,3403 107 2023 09 09 1,2023-09-09,2023,9,2023-09,3403,Gunungkidul,Daerah Istimewa Yogyakarta,3403,kode,,0,,,,0,0,False
3295,7316 107 2023 09 09 1,2023-09-09,2023,9,2023-09,7316,Enrekang,Sulawesi Selatan,7316,kode,,0,Pembukaan lahan baru dengan cara membakar lahan,,,0,0,False
3296,6301 107 2023 09 09 1,2023-09-09,2023,9,2023-09,6301,Tanah Laut,Kalimantan Selatan,6301,kode,"Pelaihari, Kab. Tanah Laut. Desa Ujung Baru,; Bati-Bati, Kab. Tanah Laut. Jl. Hutan Kota Rt 26; Pelaihari Kab. Tanah Laut.",3,,,,0,0,False
3297,3208 107 2023 09 09 1,2023-09-09,2023,9,2023-09,3208,Kuningan,Jawa Barat,3208,kode,,0,Belum Diketahui,,,0,0,False
3298,6305 107 2023 09 09 1,2023-09-09,2023,9,2023-09,6305,Tapin,Kalimantan Selatan,6305,kode,,0,,,,0,0,False
3299,6302 107 2023 09 09 1,2023-09-09,2023,9,2023-09,6302,Kotabaru,Kalimantan Selatan,6302,kode,,0,,,,0,0,False
3300,6310 107 2023 09 09 1,2023-09-09,2023,9,2023-09,6310,Tanah Bumbu,Kalimantan Selatan,6310,kode,Batulicin Kab. Tanah Bumbu Desa Saring Sei Binjai; Kusan Tengah Kab. Tanah Bumbu,2,,,,0,0,False
3301,3301 107 2023 09 09 1,2023-09-09,2023,9,2023-09,3301,Cilacap,Jawa Tengah,3301,kode,Jatiwangi,1,Petugas GITET PLN Kesugihan menginformasikan bahwa salah satu gardu PLN meledak dan percikan apinya membakar lahan perhutani merembet dengan cepat makin meluas dan menghubungi BPBD Kab. Cilacap Kemudian menuju lokasi dan melakukan pemadaman api,,,0,0,False
3302,6306 107 2023 09 09 1,2023-09-09,2023,9,2023-09,6306,Hulu Sungai Selatan,Kalimantan Selatan,6306,kode,"Simpur Kab. HSS Desa Bangkau,; Kandangan Kab. HSS",2,,,,0,0,False
3303,3213 107 2023 09 09 1,2023-09-09,2023,9,2023-09,3213,Subang,Jawa Barat,3213,kode,Subang,1,masih dalam penyelidikan,,,0,0,False
3304,7504 107 2023 09 09 1,2023-09-09,2023,9,2023-09,7504,Pohuwato,Gorontalo,7504,kode,Randangan,1,Masyarakat yg membuka lahan dengan cara dibakar,,,0,0,False
3305,3202 107 2023 09 09 1,2023-09-09,2023,9,2023-09,3202,Sukabumi,Jawa Barat,3202,kode,,0,Diduga dari pembakaransampah,,,0,0,False
3306,6303 107 2023 09 09 1,2023-09-09,2023,9,2023-09,6303,Banjar,Kalimantan Selatan,6303,kode,,0,,,,0,0,False
3307,3277 107 2023 09 09 1,2023-09-09,2023,9,2023-09,3277,Kota Cimahi,Jawa Barat,3277,kode,,0,Belum Diketahui,,,0,0,False
3308,6211 107 2023 09 09 1,2023-09-09,2023,9,2023-09,6211,Pulang Pisau,Kalimantan Tengah,6211,kode,,0,,,,0,0,False
3309,1404 107 2023 09 09 1,2023-09-09,2023,9,2023-09,1404,Indragiri Hilir,Riau,1404,kode,"Kuala Indragiri, Desa. Teluk Dalam",1,,,,0,0,False
3310,3403 107 2023 09 09 1,2023-09-09,2023,9,2023-09,3403,Gunungkidul,Daerah Istimewa Yogyakarta,3403,kode,,0,,,,0,0,False
3311,1906 107 2023 09 09 1,2023-09-09,2023,9,2023-09,1906,Belitung Timur,Kepulauan Bangka Belitung,1906,kode,Gantung; Manggar; Kelapa Kampit,3,masih dalam penyelidikan,,,0,0,False
3312,3311 107 2023 09 09 1,2023-09-09,2023,9,2023-09,3311,Sukoharjo,Jawa Tengah,3311,kode,,0,Membakar alang-alang.,,,0,0,False
3313,3274 107 2023 09 09 1,2023-09-09,2023,9,2023-09,3274,Kota Cirebon,Jawa Barat,3274,kode,Harjamukti,1,Masih dilakukan investigasi/ pendalaman oleh pihak-pihak terkait,,,0,0,False
3314,6372 107 2023 09 09 1,2023-09-09,2023,9,2023-09,6372,Kota Banjarbaru,Kalimantan Selatan,6372,kode,"Cempaka kota Banjarbaru Guntung Manggis (Dekat PT Galuh Cempaka); Landasan Ulin kota Banjarbaru Jl. Mistar Cokrokusumo, Kelurahan Sungai Tiung, Kecamatan Cempaka jl siaga,; Lianganggang Jl. Palam, Palam,; Cempaka, Kota Banjar Baru, Jl. Trikora, Kemuning,; Banjarbaru Selatan, Kota Banjar Baru",5,,,,0,0,False
3315,3312 107 2023 09 09 1,2023-09-09,2023,9,2023-09,3312,Wonogiri,Jawa Tengah,3312,kode,,0,Masih dalam pengumpulan informasi,,,0,0,False
3316,3302 107 2023 09 09 1,2023-09-09,2023,9,2023-09,3302,Banyumas,Jawa Tengah,3302,kode,,0,Salah satu gardu PLN meledak dan percikan apinya membakar lahan perhutani merembet dengan cepat.,,,0,0,False
3317,6472 107 2023 09 09 1,2023-09-09,2023,9,2023-09,6472,Kota Samarinda,Kalimantan Timur,6472,kode,,0,,,,0,0,False
3318,6401 107 2023 09 09 1,2023-09-09,2023,9,2023-09,6401,Paser,Kalimantan Timur,6401,kode,,0,,,,0,0,False
3319,8105 107 2023 09 09 1,2023-09-09,2023,9,2023-09,8105,Seram Bagian Timur,Maluku,8105,kode,Bula,1,,,,0,0,False
3320,6304 107 2023 09 08 1,2023-09-08,2023,9,2023-09,6304,Barito Kuala,Kalimantan Selatan,6304,kode,,0,,,,0,0,False
3321,3314 107 2023 09 08 1,2023-09-08,2023,9,2023-09,3314,Sragen,Jawa Tengah,3314,kode,,0,Masih dalam penyelidikan,,,0,0,False
3322,3310 107 2023 09 08 1,2023-09-08,2023,9,2023-09,3310,Klaten,Jawa Tengah,3310,kode,Bayat; Jogonalan; Pedan,3,Masih dalam penyelidikan,,,0,0,False
3323,6372 107 2023 09 08 1,2023-09-08,2023,9,2023-09,6372,Kota Banjarbaru,Kalimantan Selatan,6372,kode,,0,,,,0,0,False
3324,1906 107 2023 09 08 1,2023-09-08,2023,9,2023-09,1906,Belitung Timur,Kepulauan Bangka Belitung,1906,kode,Manggar,1,Pembakaran lahan,,,0,0,False
3325,3471 107 2023 09 08 1,2023-09-08,2023,9,2023-09,3471,Kota Yogyakarta,Daerah Istimewa Yogyakarta,3471,kode,,0,,,,0,0,False
3326,6402 107 2023 09 08 1,2023-09-08,2023,9,2023-09,6402,Kutai Kartanegara,Kalimantan Timur,6402,kode,,0,,,,0,0,False
3327,1402 107 2023 09 08 1,2023-09-08,2023,9,2023-09,1402,Indragiri Hulu,Riau,1402,kode,"Batang Cenaku, Desa. Anak Talang",1,,,,0,0,False
3328,6207 107 2023 09 08 1,2023-09-08,2023,9,2023-09,6207,Seruyan,Kalimantan Tengah,6207,kode,,0,,,,0,0,False
3329,6409 107 2023 09 08 1,2023-09-08,2023,9,2023-09,6409,Penajam Paser Utara,Kalimantan Timur,6409,kode,,0,,,,0,0,False
3330,6305 107 2023 09 08 1,2023-09-08,2023,9,2023-09,6305,Tapin,Kalimantan Selatan,6305,kode,Tapin Tengah Kab. Tapin Desa Hiyung; Tapin Tengah Kab. Tapin,2,,,,0,0,False
3331,6301 107 2023 09 08 1,2023-09-08,2023,9,2023-09,6301,Tanah Laut,Kalimantan Selatan,6301,kode,,0,,,,0,0,False
3332,7316 107 2023 09 08 1,2023-09-08,2023,9,2023-09,7316,Enrekang,Sulawesi Selatan,7316,kode,,0,Cuaca panas dan terik matahari akibat fenomena El Nino,,,0,0,False
3333,6303 107 2023 09 08 1,2023-09-08,2023,9,2023-09,6303,Banjar,Kalimantan Selatan,6303,kode,Martapura Barat Kab. Banjar,1,,,,0,0,False
3334,3210 107 2023 09 08 1,2023-09-08,2023,9,2023-09,3210,Majalengka,Jawa Barat,3210,kode,Leuwimunding; Majalengka,2,masih dalam penyelidikan,,,0,0,False
3335,3201 107 2023 09 08 1,2023-09-08,2023,9,2023-09,3201,Bogor,Jawa Barat,3201,kode,Rumpin,1,Menurut keterangan dari warga setempat diakibatkan dari seorang warga yang sedang membakar sampah lalu api merambat dan membesar.,,,0,0,False
3336,1902 107 2023 09 08 1,2023-09-08,2023,9,2023-09,1902,Belitung,Kepulauan Bangka Belitung,1902,kode,Perawas,1,masih dalam penyelidikan,,,0,0,False
3337,3403 107 2023 09 07 1,2023-09-07,2023,9,2023-09,3403,Gunungkidul,Daerah Istimewa Yogyakarta,3403,kode,,0,,,,0,0,False
3338,6402 107 2023 09 07 1,2023-09-07,2023,9,2023-09,6402,Kutai Kartanegara,Kalimantan Timur,6402,kode,,0,,,,0,0,False
3339,6303 107 2023 09 07 1,2023-09-07,2023,9,2023-09,6303,Banjar,Kalimantan Selatan,6303,kode,"Martapura Kota Desa Penggalaman,; Martapura Barat JL. H Duan Desa Pandak Daun,; Karang Intan Desa Pingaran Ulu; Astambul Desa Sungai Arfat, Kecamatan karang intan",4,,,,0,0,False
3340,9203 107 2023 09 07 1,2023-09-07,2023,9,2023-09,9203,Fak Fak,Papua Barat,9203,kode,,0,"Sumber api masih belum diketahui dan saat ini di khawatirkan kejadian ini akan terus berlanjut mengingat kawasan Bomberai dan sekitarnya masih dilanda musim kemarau yang cukup extrim, tiupan angin yang cukup kencang, dan mengganggu jarak pandang bagi pengguna jalan dan Masyarakat sekitar",,,0,0,False
3341,3319 107 2023 09 07 1,2023-09-07,2023,9,2023-09,3319,Kudus,Jawa Tengah,3319,kode,,0,Api diduga dari pembakaran sampah kering yang merabat ke semak belukar sekitar Dan tumpukan kayu,,,0,0,False
3342,6305 107 2023 09 07 1,2023-09-07,2023,9,2023-09,6305,Tapin,Kalimantan Selatan,6305,kode,Tapin Tengah Kab. Tapin,1,,,,0,0,False
3343,3301 107 2023 09 07 1,2023-09-07,2023,9,2023-09,3301,Cilacap,Jawa Tengah,3301,kode,Wanareja,1,Puntung rokok yang dibuang ke lahan yg banyak ranting/daun kering oleh warga yang kemudian menjadi pemicu timbulnya api.,,,0,0,False
3344,6107 107 2023 09 07 1,2023-09-07,2023,9,2023-09,6107,Bengkayang,Kalimantan Barat,6107,kode,,0,,,,0,0,False
3345,6409 107 2023 09 07 1,2023-09-07,2023,9,2023-09,6409,Penajam Paser Utara,Kalimantan Timur,6409,kode,,0,,,,0,0,False
3346,6472 107 2023 09 07 1,2023-09-07,2023,9,2023-09,6472,Kota Samarinda,Kalimantan Timur,6472,kode,,0,,,,0,0,False
3347,3311 107 2023 09 07 1,2023-09-07,2023,9,2023-09,3311,Sukoharjo,Jawa Tengah,3311,kode,,0,Masih dalam penyelidikan pihak berwenang.,,,0,0,False
3348,6407 107 2023 09 07 1,2023-09-07,2023,9,2023-09,6407,Kutai Barat,Kalimantan Timur,6407,kode,,0,,,,0,0,False
3349,6372 107 2023 09 07 1,2023-09-07,2023,9,2023-09,6372,Kota Banjarbaru,Kalimantan Selatan,6372,kode,,0,,,,0,0,False
3350,6211 107 2023 09 07 1,2023-09-07,2023,9,2023-09,6211,Pulang Pisau,Kalimantan Tengah,6211,kode,,0,,,,0,0,False
3351,3314 107 2023 09 07 1,2023-09-07,2023,9,2023-09,3314,Sragen,Jawa Tengah,3314,kode,Kedawung,1,masih dalam penyelidikan,,,0,0,False
3352,6301 107 2023 09 07 1,2023-09-07,2023,9,2023-09,6301,Tanah Laut,Kalimantan Selatan,6301,kode,"Bati-bati, kab. Tanah Laut jl.Pandawa; Bati-bati, kab. Tanah Laut",2,,,,0,0,False
3353,5108 107 2023 09 07 1,2023-09-07,2023,9,2023-09,5108,Buleleng,Bali,5108,kode,gerokgak,1,,,,0,0,False
3354,3210 107 2023 09 06 1,2023-09-06,2023,9,2023-09,3210,Majalengka,Jawa Barat,3210,kode,Panyingkiran,1,Dalam proses penyelidikan,,,0,0,False
3355,3513 107 2023 09 06 1,2023-09-06,2023,9,2023-09,3513,Probolinggo,Jawa Timur,3513,kode,Sukapura,1,"Pada hari Rabu, 06 September 2023 sekitar Pkl. 11.30 WIB, terdapat pengunjung melakukan dokumentasi Prewedding menggunakan Flare. 3",,,0,0,False
3356,3209 107 2023 09 06 1,2023-09-06,2023,9,2023-09,3209,Cirebon,Jawa Barat,3209,kode,,0,Belum Diketahui,,,0,0,False
3357,3204 107 2023 09 06 1,2023-09-06,2023,9,2023-09,3204,Bandung,Jawa Barat,3204,kode,Kutawaringin,1,Titik api berasal dari perkebunan warga yang akan membuka lahan,,,0,0,False
3358,7504 107 2023 09 06 1,2023-09-06,2023,9,2023-09,7504,Pohuwato,Gorontalo,7504,kode,Patilanggio,1,Masyarakat yg membuka lahan dengan cara dibakar,,,0,0,False
3359,3403 107 2023 09 06 1,2023-09-06,2023,9,2023-09,3403,Gunungkidul,Daerah Istimewa Yogyakarta,3403,kode,,0,,,,0,0,False
3360,3322 107 2023 09 06 1,2023-09-06,2023,9,2023-09,3322,Semarang,Jawa Tengah,3322,kode,,0,Cuaca panas dampak kemarau,,,0,0,False
3361,1410 107 2023 09 06 1,2023-09-06,2023,9,2023-09,1410,Kepulauan Meranti,Riau,1410,kode,"Tasik Putri Puyu, Desa. Tanjung Padang",1,,,,0,0,False
3362,6302 107 2023 09 06 1,2023-09-06,2023,9,2023-09,6302,Kotabaru,Kalimantan Selatan,6302,kode,,0,,,,0,0,False
3363,6207 107 2023 09 06 1,2023-09-06,2023,9,2023-09,6207,Seruyan,Kalimantan Tengah,6207,kode,,0,,,,0,0,False
3364,3325 107 2023 09 06 1,2023-09-06,2023,9,2023-09,3325,Batang,Jawa Tengah,3325,kode,,0,Diperkirakan  berasal dari puntung rokok yang di buang sembarangan di Petak 71.,,,0,0,False
3365,6401 107 2023 09 06 1,2023-09-06,2023,9,2023-09,6401,Paser,Kalimantan Timur,6401,kode,,0,,,,0,0,False
3366,7201 107 2023 09 06 1,2023-09-06,2023,9,2023-09,7201,Banggai,Sulawesi Tengah,7201,kode,,0,Sesuai rilis dari BMKG Potensi Musim Kemarau yang berkepanjangan dengan peringatan fenomena El-Nio di beberapa wilayah termasuk Sulawesi Tengah mengakibatkan terjadinya Kebakaran Hutan dan di Tombang Kecamatan Pagimana Kabupaten Banggai,,,0,0,False
3367,2101 107 2023 09 06 1,2023-09-06,2023,9,2023-09,2101,Bintan,Kepulauan Riau,2101,kode,Bintan; Gunung Kijang; Toapaya,3,masih dalam penyelidikan,,,0,0,False
3368,6408 107 2023 09 06 1,2023-09-06,2023,9,2023-09,6408,Kutai Timur,Kalimantan Timur,6408,kode,,0,,,,0,0,False
3369,6472 107 2023 09 06 1,2023-09-06,2023,9,2023-09,6472,Kota Samarinda,Kalimantan Timur,6472,kode,,0,,,,0,0,False
3370,1604 107 2023 09 06 1,2023-09-06,2023,9,2023-09,1604,Lahat,Sumatera Selatan,1604,kode,Lahat; Tanjung Tebat,2,Dalam proses penyelidikan,,,0,0,False
3371,6372 107 2023 09 06 1,2023-09-06,2023,9,2023-09,6372,Kota Banjarbaru,Kalimantan Selatan,6372,kode,,0,,,,0,0,False
3372,3320 107 2023 09 06 1,2023-09-06,2023,9,2023-09,3320,Jepara,Jawa Tengah,3320,kode,Donorojo,1,Dalam proses penyelidikan,,,0,0,False
3373,6309 107 2023 09 06 1,2023-09-06,2023,9,2023-09,6309,Tabalong,Kalimantan Selatan,6309,kode,,0,,,,0,0,False
3374,6409 107 2023 09 06 1,2023-09-06,2023,9,2023-09,6409,Penajam Paser Utara,Kalimantan Timur,6409,kode,,0,,,,0,0,False
3375,6301 107 2023 09 06 1,2023-09-06,2023,9,2023-09,6301,Tanah Laut,Kalimantan Selatan,6301,kode,"Pelaihari. Desa Ujung Batu,; Pelaihari, Kab. Tanah Laut.",2,,,,0,0,False
3376,6211 107 2023 09 05 1,2023-09-05,2023,9,2023-09,6211,Pulang Pisau,Kalimantan Tengah,6211,kode,,0,,,,0,0,False
3377,3311 107 2023 09 05 1,2023-09-05,2023,9,2023-09,3311,Sukoharjo,Jawa Tengah,3311,kode,,0,Masih dalam penyelidikan.,,,0,0,False
3378,6408 107 2023 09 05 1,2023-09-05,2023,9,2023-09,6408,Kutai Timur,Kalimantan Timur,6408,kode,,0,,,,0,0,False
3379,6301 107 2023 09 05 1,2023-09-05,2023,9,2023-09,6301,Tanah Laut,Kalimantan Selatan,6301,kode,"Pelaihari; Tambang Ulang; Pelaihari Kab.Tanah Laut Jl. Al Fatah Rt 5; Pelaihari, Kab. Tanah Laut Desa Guntung Besar,; Pelaihari , Kab. Tanah Laut Desa Sungai Pinang,; Tambang Ulang Kab. Tanah Laut Desa Ujung Batu Rt 6,; Pelaihari.",7,masih penyelidikan,,,0,0,False
3380,6307 107 2023 09 05 1,2023-09-05,2023,9,2023-09,6307,Hulu Sungai Tengah,Kalimantan Selatan,6307,kode,Labuan Amas Selatan Kab. HST,1,,,,0,0,False
3381,1602 107 2023 09 05 1,2023-09-05,2023,9,2023-09,1602,Ogan Komering Ilir,Sumatera Selatan,1602,kode,Plampam; Pedamaran,2,masih penyelidikan,,,0,0,False
3382,6305 107 2023 09 05 1,2023-09-05,2023,9,2023-09,6305,Tapin,Kalimantan Selatan,6305,kode,,0,,,,0,0,False
3383,3604 107 2023 09 05 1,2023-09-05,2023,9,2023-09,3604,Serang,Banten,3604,kode,Cikande,1,Dalam proses penyelidikan,,,0,0,False
3384,3312 107 2023 09 05 1,2023-09-05,2023,9,2023-09,3312,Wonogiri,Jawa Tengah,3312,kode,,0,Masih dalam penyelidikan pihak berwenang.,,,0,0,False
3385,1410 107 2023 09 05 1,2023-09-05,2023,9,2023-09,1410,Kepulauan Meranti,Riau,1410,kode,"Rangsang, Desa. Teluk Samak",1,,,,0,0,False
3386,6401 107 2023 09 05 1,2023-09-05,2023,9,2023-09,6401,Paser,Kalimantan Timur,6401,kode,,0,,,,0,0,False
3387,6107 107 2023 09 05 1,2023-09-05,2023,9,2023-09,6107,Bengkayang,Kalimantan Barat,6107,kode,,0,,,,0,0,False
3388,1404 107 2023 09 05 1,2023-09-05,2023,9,2023-09,1404,Indragiri Hilir,Riau,1404,kode,"Batang Tuaku, Desa. Kuala Sebatu; Kuantan Tengah, Desa. Sungai Jering",2,,,,0,0,False
3389,6302 107 2023 09 05 1,2023-09-05,2023,9,2023-09,6302,Kotabaru,Kalimantan Selatan,6302,kode,,0,,,,0,0,False
3390,6310 107 2023 09 05 1,2023-09-05,2023,9,2023-09,6310,Tanah Bumbu,Kalimantan Selatan,6310,kode,Batulicin Kab. Tanah Bumbu,1,,,,0,0,False
3391,7504 107 2023 09 05 1,2023-09-05,2023,9,2023-09,7504,Pohuwato,Gorontalo,7504,kode,Patilanggio,1,Dalam proses penyelidikan,,,0,0,False
3392,6402 107 2023 09 05 1,2023-09-05,2023,9,2023-09,6402,Kutai Kartanegara,Kalimantan Timur,6402,kode,,0,,,,0,0,False
3393,6303 107 2023 09 05 1,2023-09-05,2023,9,2023-09,6303,Banjar,Kalimantan Selatan,6303,kode,,0,,,,0,0,False
3394,6472 107 2023 09 05 1,2023-09-05,2023,9,2023-09,6472,Kota Samarinda,Kalimantan Timur,6472,kode,,0,,,,0,0,False
3395,3202 107 2023 09 05 1,2023-09-05,2023,9,2023-09,3202,Sukabumi,Jawa Barat,3202,kode,,0,Belum Diketahui,,,0,0,False
3396,3403 107 2023 09 04 1,2023-09-04,2023,9,2023-09,3403,Gunungkidul,Daerah Istimewa Yogyakarta,3403,kode,,0,,,,0,0,False
3397,1401 107 2023 09 04 1,2023-09-04,2023,9,2023-09,1401,Kampar,Riau,1401,kode,"Kampa, Desa. Sawah Baru; Salo, Desa. Salo",2,,,,0,0,False
3398,6112 107 2023 09 04 1,2023-09-04,2023,9,2023-09,6112,Kubu Raya,Kalimantan Barat,6112,kode,Sungai Raya; Rasau Jaya,2,masih penyelidikan,,,0,0,False
3399,7604 107 2023 09 04 1,2023-09-04,2023,9,2023-09,7604,Polewali Mandar,Sulawesi Barat,7604,kode,,0,,,,0,0,False
3400,5108 107 2023 09 04 1,2023-09-04,2023,9,2023-09,5108,Buleleng,Bali,5108,kode,Sawan,1,,,,0,0,False
3401,1809 107 2023 09 04 1,2023-09-04,2023,9,2023-09,1809,Pesawaran,Lampung,1809,kode,Gedong Tataan,1,masih penyelidikan,,,0,0,False
3402,3311 107 2023 09 04 1,2023-09-04,2023,9,2023-09,3311,Sukoharjo,Jawa Tengah,3311,kode,,0,Bakaran Sampah,,,0,0,False
3403,6306 107 2023 09 04 1,2023-09-04,2023,9,2023-09,6306,Hulu Sungai Selatan,Kalimantan Selatan,6306,kode,Daha Selatan Kab. Hulu Sungai Selatan Desa bajayau; Daha Barat. Kab. Hulu Sungai Selatan,2,,,,0,0,False
3404,2101 107 2023 09 04 1,2023-09-04,2023,9,2023-09,2101,Bintan,Kepulauan Riau,2101,kode,,0,,,,0,0,False
3405,6207 107 2023 09 04 1,2023-09-04,2023,9,2023-09,6207,Seruyan,Kalimantan Tengah,6207,kode,,0,,,,0,0,False
3406,6401 107 2023 09 04 1,2023-09-04,2023,9,2023-09,6401,Paser,Kalimantan Timur,6401,kode,Tanah Grogot; Paser Belengkong,2,masih penyelidikan,,,0,0,False
3407,3209 107 2023 09 04 1,2023-09-04,2023,9,2023-09,3209,Cirebon,Jawa Barat,3209,kode,,0,Belum Diketahui,,,0,0,False
3408,3301 107 2023 09 04 1,2023-09-04,2023,9,2023-09,3301,Cilacap,Jawa Tengah,3301,kode,Kesugihan,1,masih penyelidikan,,,0,0,False
3409,1906 107 2023 09 04 1,2023-09-04,2023,9,2023-09,1906,Belitung Timur,Kepulauan Bangka Belitung,1906,kode,Damar; Gantung; Manggar; Kelapa Kampit,4,masih penyelidikan,,,0,0,False
3410,6302 107 2023 09 04 1,2023-09-04,2023,9,2023-09,6302,Kotabaru,Kalimantan Selatan,6302,kode,Pulau Laut Sigam,1,masih penyelidikan,,,0,0,False
3411,6372 107 2023 09 04 1,2023-09-04,2023,9,2023-09,6372,Kota Banjarbaru,Kalimantan Selatan,6372,kode,,0,,,,0,0,False
3412,1607 107 2023 09 04 1,2023-09-04,2023,9,2023-09,1607,Banyuasin,Sumatera Selatan,1607,kode,Talang Kelapa,1,masih penyelidikan,,,0,0,False
3413,1902 107 2023 09 04 1,2023-09-04,2023,9,2023-09,1902,Belitung,Kepulauan Bangka Belitung,1902,kode,Tanjung Pandan; Sijuk,2,masih penyelidikan,,,0,0,False
3414,6402 107 2023 09 04 1,2023-09-04,2023,9,2023-09,6402,Kutai Kartanegara,Kalimantan Timur,6402,kode,,0,,,,0,0,False
3415,3310 107 2023 09 04 1,2023-09-04,2023,9,2023-09,3310,Klaten,Jawa Tengah,3310,kode,,0,Dalam tahap penyelidikan lebih lanjut,,,0,0,False
3416,6472 107 2023 09 04 1,2023-09-04,2023,9,2023-09,6472,Kota Samarinda,Kalimantan Timur,6472,kode,Samarinda Utara; Sungai Pinang; Samarinda Ilir; Loa Janan Ilir; Sungai Kunjang; Samarinda Ulu; Samarinda Kota; Palaran; Sambutan,9,masih penyelidikan,,,0,0,False
3417,3213 107 2023 09 04 1,2023-09-04,2023,9,2023-09,3213,Subang,Jawa Barat,3213,kode,,0,Belum Diketahui,,,0,0,False
3418,6310 107 2023 09 04 1,2023-09-04,2023,9,2023-09,6310,Tanah Bumbu,Kalimantan Selatan,6310,kode,Kuasan Tengah Kab. Tanah Bumbu,1,,,,0,0,False
3419,2102 107 2023 09 04 1,2023-09-04,2023,9,2023-09,2102,Karimun,Kepulauan Riau,2102,kode,Meral Barat,1,Dalam proses penyelidikan,,,0,0,False
3420,7316 107 2023 09 04 1,2023-09-04,2023,9,2023-09,7316,Enrekang,Sulawesi Selatan,7316,kode,,0,"Dampak dari kebakaran lahan dari gunung Buntu Bila, Desa Tallung Tondok",,,0,0,False
3421,3312 107 2023 09 04 1,2023-09-04,2023,9,2023-09,3312,Wonogiri,Jawa Tengah,3312,kode,,0,masih penyelidikan,,,0,0,False
3422,6309 107 2023 09 04 1,2023-09-04,2023,9,2023-09,6309,Tabalong,Kalimantan Selatan,6309,kode,,0,,,,0,0,False
3423,1904 107 2023 09 04 1,2023-09-04,2023,9,2023-09,1904,Bangka Tengah,Kepulauan Bangka Belitung,1904,kode,Koba Bangka Tengah,1,Dalam proses penyelidikan,,,0,0,False
3424,6303 107 2023 09 04 1,2023-09-04,2023,9,2023-09,6303,Banjar,Kalimantan Selatan,6303,kode,Martapura Barat Desa Indrasari (Belakang Stadion Demang Lehman); Martapura Desa Sungai Batang; Martapura Barat,3,,,,0,0,False
3425,7201 107 2023 09 04 1,2023-09-04,2023,9,2023-09,7201,Banggai,Sulawesi Tengah,7201,kode,Pagimana,1,Dalam proses penyelidikan,,,0,0,False
3426,6301 107 2023 09 04 1,2023-09-04,2023,9,2023-09,6301,Tanah Laut,Kalimantan Selatan,6301,kode,"Kintap Desa Sungai Pinang, kec. Tambang Ulang Desa Tanjung Dewa,; Panyipatan",2,,,,0,0,False
3427,6110 107 2023 09 03 1,2023-09-03,2023,9,2023-09,6110,Melawi,Kalimantan Barat,6110,kode,Nanga Pinoh,1,masih penyelidikan,,,0,0,False
3428,1410 107 2023 09 03 1,2023-09-03,2023,9,2023-09,1410,Kepulauan Meranti,Riau,1410,kode,"Tebing Tinggi Barat, Desa. Alai; Tasik Putri Puyu, Desa. Kudap",2,,,,0,0,False
3429,2101 107 2023 09 03 1,2023-09-03,2023,9,2023-09,2101,Bintan,Kepulauan Riau,2101,kode,,0,,,,0,0,False
3430,5301 107 2023 09 03 1,2023-09-03,2023,9,2023-09,5301,Kupang,Nusa Tenggara Timur,5301,kode,Amfoang Barat Daya,1,"Pusdalops BPBD Kab. Kupang melaporkan peristiwa kebakaran hutan serta lahan warga di Ds. Nefoneut, Kec. Amfoang Barat Daya, Kab. Kupang  pada Minggu, (3/9/2023) sekitar pukul 10.00 Wita. Belum diketahui secara pasti sumber api dari kebakaran tersebut. Berdasarkan data yang diterima Pusdalops-PB BPBD Provinsi NTT hutan yang terdampak kebakaran mencapai 50 Ha serta lahan perkebunan jambu mente siap panen milik warga seluas 4.5 Ha, hingga menimbulkan kerugian materil.",,,0,0,False
3431,3277 107 2023 09 03 1,2023-09-03,2023,9,2023-09,3277,Kota Cimahi,Jawa Barat,3277,kode,Cimahi Selatan Kel  Cibeber,1,masih penyelidikan,,,0,0,False
3432,7504 107 2023 09 03 1,2023-09-03,2023,9,2023-09,7504,Pohuwato,Gorontalo,7504,kode,Buntulia,1,,,,0,0,False
3433,1906 107 2023 09 03 1,2023-09-03,2023,9,2023-09,1906,Belitung Timur,Kepulauan Bangka Belitung,1906,kode,Manggar; Damar,2,Dalam penyelidikan,,,0,0,False
3434,6301 107 2023 09 03 1,2023-09-03,2023,9,2023-09,6301,Tanah Laut,Kalimantan Selatan,6301,kode,Pelaihari; Bati-bati; Takisung; Kintap; Tambang Ulang,5,masih dalam penyelidikan,,,0,0,False
3435,6472 107 2023 09 03 1,2023-09-03,2023,9,2023-09,6472,Kota Samarinda,Kalimantan Timur,6472,kode,,0,,,,0,0,False
3436,6203 107 2023 09 03 1,2023-09-03,2023,9,2023-09,6203,Kapuas,Kalimantan Tengah,6203,kode,,0,,,,0,0,False
3437,3201 107 2023 09 03 1,2023-09-03,2023,9,2023-09,3201,Bogor,Jawa Barat,3201,kode,Jonggol,1,Diakibatkan dari seorang warga yang membuang puntung rokok yang masih menyala mengenai rumput kering sehingga api merambat dan membesar.,,,0,0,False
3438,1902 107 2023 09 03 1,2023-09-03,2023,9,2023-09,1902,Belitung,Kepulauan Bangka Belitung,1902,kode,Tanjung Pandan,1,Dalam penyelidikan,,,0,0,False
3439,6305 107 2023 09 03 1,2023-09-03,2023,9,2023-09,6305,Tapin,Kalimantan Selatan,6305,kode,Candi Laras Selatan; Bungur,2,dalam penyelidikan,,,0,0,False
3440,6401 107 2023 09 03 1,2023-09-03,2023,9,2023-09,6401,Paser,Kalimantan Timur,6401,kode,Pasir Belengkong,1,masih penyelidikan,,,0,0,False
3441,8108 107 2023 09 03 1,2023-09-03,2023,9,2023-09,8108,Maluku Barat Daya,Maluku,8108,kode,Moa Lakor,1,,,,0,0,False
3442,6402 107 2023 09 03 1,2023-09-03,2023,9,2023-09,6402,Kutai Kartanegara,Kalimantan Timur,6402,kode,,0,,,,0,0,False
3443,1904 107 2023 09 03 1,2023-09-03,2023,9,2023-09,1904,Bangka Tengah,Kepulauan Bangka Belitung,1904,kode,,0,Dilakukan org tidak bertanggung jawab,,,0,0,False
3444,6409 107 2023 09 03 1,2023-09-03,2023,9,2023-09,6409,Penajam Paser Utara,Kalimantan Timur,6409,kode,,0,,,,0,0,False
3445,6407 107 2023 09 03 1,2023-09-03,2023,9,2023-09,6407,Kutai Barat,Kalimantan Timur,6407,kode,,0,,,,0,0,False
3446,3210 107 2023 09 03 1,2023-09-03,2023,9,2023-09,3210,Majalengka,Jawa Barat,3210,kode,Sukahaji; Kadipaten,2,masih penyelidikan,,,0,0,False
3447,6306 107 2023 09 03 1,2023-09-03,2023,9,2023-09,6306,Hulu Sungai Selatan,Kalimantan Selatan,6306,kode,Daha Selatan,1,Dalam penyelidikan,,,0,0,False
3448,5301 107 2023 09 02 1,2023-09-02,2023,9,2023-09,5301,Kupang,Nusa Tenggara Timur,5301,kode,Amarasi Timur,1,Dalam proses penyelidikan,,,0,0,False
3449,1902 107 2023 09 02 1,2023-09-02,2023,9,2023-09,1902,Belitung,Kepulauan Bangka Belitung,1902,kode,Tanjung Pandan,1,Masih dalam penyelidikan,,,0,0,False
3450,3322 107 2023 09 02 1,2023-09-02,2023,9,2023-09,3322,Semarang,Jawa Tengah,3322,kode,,0,Cuaca panas dampak kemarau,,,0,0,False
3451,6401 107 2023 09 02 1,2023-09-02,2023,9,2023-09,6401,Paser,Kalimantan Timur,6401,kode,,0,,,,0,0,False
3452,6305 107 2023 09 02 1,2023-09-02,2023,9,2023-09,6305,Tapin,Kalimantan Selatan,6305,kode,Tapin Tengah Desa Tatakan; Candi Laras Selatan Desa Tatakan; Tapin Selatan,3,,,,0,0,False
3453,7202 107 2023 09 02 1,2023-09-02,2023,9,2023-09,7202,Poso,Sulawesi Tengah,7202,kode,Lore Peore,1,masih penyelidikan,,,0,0,False
3454,1904 107 2023 09 02 1,2023-09-02,2023,9,2023-09,1904,Bangka Tengah,Kepulauan Bangka Belitung,1904,kode,Koba,1,Di sebabkan oleh orang yang tidak bertanggung jawab.,,,0,0,False
3455,6301 107 2023 09 02 1,2023-09-02,2023,9,2023-09,6301,Tanah Laut,Kalimantan Selatan,6301,kode,"Pelaihari. Gang Sabrina, Desa Nusa Indah,; Bati-Bati. Desa Banyu Irang,; Bati-Bati. Jl. Jilatan, Desa Tirta Jaya,; Bajuin. Jl. A. Yani Rt 3 Rw 2, Desa Jilatan,; Batu Ampar. Jl. Bramban Gang Jati Rt 20,; Pelaihari. Desa Sungai Pinang,; Tambang Ulang. Desa Pulau Sari,; Tambang Ulang.",8,,,,0,0,False
3456,6271 107 2023 09 02 1,2023-09-02,2023,9,2023-09,6271,Kota Palangkaraya,Kalimantan Tengah,6271,kode,,0,,,,0,0,False
3457,1906 107 2023 09 02 1,2023-09-02,2023,9,2023-09,1906,Belitung Timur,Kepulauan Bangka Belitung,1906,kode,Gantung; Manggar,2,Di sebabkan oleh orang yang tidak bertanggung jawab.,,,0,0,False
3458,6303 107 2023 09 02 1,2023-09-02,2023,9,2023-09,6303,Banjar,Kalimantan Selatan,6303,kode,,0,,,,0,0,False
3459,3403 107 2023 09 02 1,2023-09-02,2023,9,2023-09,3403,Gunungkidul,Daerah Istimewa Yogyakarta,3403,kode,,0,,,,0,0,False
3460,6501 107 2023 09 02 1,2023-09-02,2023,9,2023-09,6501,Bulungan,Kalimantan Utara,6501,kode,,0,Lahan sengaja di bakar untuk Membuka lahan perkebunan,,,0,0,False
3461,6472 107 2023 09 02 1,2023-09-02,2023,9,2023-09,6472,Kota Samarinda,Kalimantan Timur,6472,kode,,0,,,,0,0,False
3462,6402 107 2023 09 02 1,2023-09-02,2023,9,2023-09,6402,Kutai Kartanegara,Kalimantan Timur,6402,kode,,0,,,,0,0,False
3463,6306 107 2023 09 02 1,2023-09-02,2023,9,2023-09,6306,Hulu Sungai Selatan,Kalimantan Selatan,6306,kode,,0,,,,0,0,False
3464,1402 107 2023 09 02 1,2023-09-02,2023,9,2023-09,1402,Indragiri Hulu,Riau,1402,kode,"Seberida, Desa. Paya Rumbai; Rengat Barat, Desa. Pematang Reba; Batang Gangsal, Desa. Penyaguan; Batang Cenaku, Desa. Kepayang Sari",4,,,,0,0,False
3465,6407 107 2023 09 02 1,2023-09-02,2023,9,2023-09,6407,Kutai Barat,Kalimantan Timur,6407,kode,,0,,,,0,0,False
3466,5106 107 2023 09 02 1,2023-09-02,2023,9,2023-09,5106,Bangli,Bali,5106,kode,Kintamani,1,masih penyelidikan,,,0,0,False
3467,6311 107 2023 09 02 1,2023-09-02,2023,9,2023-09,6311,Balangan,Kalimantan Selatan,6311,kode,,0,,,,0,0,False
3468,3210 107 2023 09 02 1,2023-09-02,2023,9,2023-09,3210,Majalengka,Jawa Barat,3210,kode,Bantarujeg,1,Masih dalam penyelidikan,,,0,0,False
3469,1404 107 2023 09 02 1,2023-09-02,2023,9,2023-09,1404,Indragiri Hilir,Riau,1404,kode,"Gaung Anak Serka, Desa. Sungai iliran; Gaung, Desa. Simpang Gaung",2,,,,0,0,False
3470,6409 107 2023 09 02 1,2023-09-02,2023,9,2023-09,6409,Penajam Paser Utara,Kalimantan Timur,6409,kode,,0,,,,0,0,False
3471,3327 107 2023 09 02 1,2023-09-02,2023,9,2023-09,3327,Pemalang,Jawa Tengah,3327,kode,,0,"Diperkirakan titik api berasal dari pembakaran sampah tumpukan di sebelah barat TPA yang jaraknya kurang lebih 50 meter dari TPA, karena udara panas dan angin kencang maka api bisa saja merambat dengan cepat ke TPA.",,,0,0,False
3472,6372 107 2023 09 02 1,2023-09-02,2023,9,2023-09,6372,Kota Banjarbaru,Kalimantan Selatan,6372,kode,,0,,,,0,0,False
3473,3324 107 2023 09 02 1,2023-09-02,2023,9,2023-09,3324,Kendal,Jawa Tengah,3324,kode,Patebon,1,"Petani jagung membakar sisa panen dengan tujuan untuk pembersihan lahan, kobaran api membesar dan hembusan angin kencang menyebabkan area terdampak kebakaran lahan semakin luas serta menimbulkan kepulan asap tebal yang dapat mengganggu aktivitas dan membahayakan bagi masyarakat.",,,0,0,False
3474,3403 107 2023 09 02 1,2023-09-02,2023,9,2023-09,3403,Gunungkidul,Daerah Istimewa Yogyakarta,3403,kode,,0,,,,0,0,False
3475,1106 107 2023 09 02 1,2023-09-02,2023,9,2023-09,1106,Aceh Besar,Aceh,1106,kode,Kuta Malaka,1,Akibat pembakaran lahan tanpa pengawasan,,,0,0,False
3476,6472 107 2023 09 01 1,2023-09-01,2023,9,2023-09,6472,Kota Samarinda,Kalimantan Timur,6472,kode,,0,,,,0,0,False
3477,5301 107 2023 09 01 1,2023-09-01,2023,9,2023-09,5301,Kupang,Nusa Tenggara Timur,5301,kode,Amabi Oefeto,1,"Pusdalops BPBD Kab. Kupang melaporkan peristiwa kebakaran lahan warga di Ds. Kuanheum, Kec. Amabi Oefeto, Kab. Kupang  pada Jumat, (1/9/2023) sekitar pukul 11.00 Wita. Sebanyak 156 warga yang bermukim didekat  lokasi kebakaran menjadi terganggu akibat asap tebal yang ditimbulkan dari kebakaran tersebut.",,,0,0,False
3478,6201 107 2023 09 01 1,2023-09-01,2023,9,2023-09,6201,Kotawaringin Barat,Kalimantan Tengah,6201,kode,,0,,,,0,0,False
3479,1811 107 2023 09 01 1,2023-09-01,2023,9,2023-09,1811,Mesuji,Lampung,1811,kode,Mesuji Timur; Tanjung Raya; Panca Jaya,3,warga setempat yang membuka lahan baru dan pembakaran sampah di sekitar lahan pertanian yang mengakibatkan lahan pertanian milik warga hangus terbakar,,,0,0,False
3480,6402 107 2023 09 01 1,2023-09-01,2023,9,2023-09,6402,Kutai Kartanegara,Kalimantan Timur,6402,kode,,0,,,,0,0,False
3481,3471 107 2023 09 01 1,2023-09-01,2023,9,2023-09,3471,Kota Yogyakarta,Daerah Istimewa Yogyakarta,3471,kode,,0,,,,0,0,False
3482,1504 107 2023 09 01 1,2023-09-01,2023,9,2023-09,1504,Batanghari,Jambi,1504,kode,"Muara Bulian Desa Simpang Terusan,; Mersam Desa Rantau Gedang,; Muara Bulian; Muara Bulian Desa Rantau Puri",4,,,,0,0,False
3483,3307 107 2023 09 01 1,2023-09-01,2023,9,2023-09,3307,Wonosobo,Jawa Tengah,3307,kode,Kalikajar; Sapuran; Kepil Gn. Sumbing,3,Masih dalam penyelidikan,,,0,0,False
3484,6372 107 2023 09 01 1,2023-09-01,2023,9,2023-09,6372,Kota Banjarbaru,Kalimantan Selatan,6372,kode,"Landasan Ulin, Kota Banjar Baru",1,,,,0,0,False
3485,2101 107 2023 09 01 1,2023-09-01,2023,9,2023-09,2101,Bintan,Kepulauan Riau,2101,kode,,0,,,,0,0,False
3486,1405 107 2023 09 01 1,2023-09-01,2023,9,2023-09,1405,Pelalawan,Riau,1405,kode,"Pangkalan Kuras, Desa. Sorek Dua",1,,,,0,0,False
3487,6401 107 2023 09 01 1,2023-09-01,2023,9,2023-09,6401,Paser,Kalimantan Timur,6401,kode,Paser Balengkong DESA Paser Balengkong KEC Batu Engau DESA Tabru KEC Long Ikis DESA  Kayungo,1,Masih dalam penyelidikan,,,0,0,False
3488,7107 107 2023 09 01 1,2023-09-01,2023,9,2023-09,7107,Minahasa Tenggara,Sulawesi Utara,7107,kode,Silian Raya (Kawasan Hutan Lindung Gn.Api Soputan),1,Masih dalam penyelidikan,,,0,0,False
3489,3322 107 2023 09 01 1,2023-09-01,2023,9,2023-09,3322,Semarang,Jawa Tengah,3322,kode,,0,Cuaca panas dampak kemarau,,,0,0,False
3490,6301 107 2023 09 01 1,2023-09-01,2023,9,2023-09,6301,Tanah Laut,Kalimantan Selatan,6301,kode,"Takisung. Desa Pulau Sari Rt 01 Rw 01,; Tambang Ulang.",2,,,,0,0,False
3491,1902 107 2023 09 01 1,2023-09-01,2023,9,2023-09,1902,Belitung,Kepulauan Bangka Belitung,1902,kode,Ds. Selumar,1,Dalam penyelidikan,,,0,0,False
3492,6303 107 2023 09 01 1,2023-09-01,2023,9,2023-09,6303,Banjar,Kalimantan Selatan,6303,kode,,0,,,,0,0,False
3493,3204 107 2023 09 01 1,2023-09-01,2023,9,2023-09,3204,Bandung,Jawa Barat,3204,kode,,0,Belum Diketahui,,,0,0,False
3494,6306 107 2023 09 01 1,2023-09-01,2023,9,2023-09,6306,Hulu Sungai Selatan,Kalimantan Selatan,6306,kode,Sungai Raya Desa Panjampang Bahagia; Simpur,2,,,,0,0,False
3495,6501 107 2023 09 01 1,2023-09-01,2023,9,2023-09,6501,Bulungan,Kalimantan Utara,6501,kode,,0,Lahan sengaja di bakar untuk Membuka lahan perkebunan,,,0,0,False
3496,6407 107 2023 09 01 1,2023-09-01,2023,9,2023-09,6407,Kutai Barat,Kalimantan Timur,6407,kode,,0,,,,0,0,False
3497,6304 107 2023 09 01 1,2023-09-01,2023,9,2023-09,6304,Barito Kuala,Kalimantan Selatan,6304,kode,,0,,,,0,0,False
3498,3327 107 2023 09 01 1,2023-09-01,2023,9,2023-09,3327,Pemalang,Jawa Tengah,3327,kode,,0,Anak kecil bermain api,,,0,0,False
3499,1404 107 2023 09 01 1,2023-09-01,2023,9,2023-09,1404,Indragiri Hilir,Riau,1404,kode,"Enok, Desa. Teluk Medan",1,,,,0,0,False
3500,6409 107 2023 09 01 1,2023-09-01,2023,9,2023-09,6409,Penajam Paser Utara,Kalimantan Timur,6409,kode,,0,,,,0,0,False
3501,1106 107 2023 09 01 1,2023-09-01,2023,9,2023-09,1106,Aceh Besar,Aceh,1106,kode,Lembah Seulawah,1,Masih dalam penyelidikan,,,0,0,False
3502,3209 107 2023 08 031 1,2023-08-31,2023,8,2023-08,3209,Cirebon,Jawa Barat,3209,kode,,0,Belum Diketahui,,,0,0,False
3503,3403 107 2023 08 031 1,2023-08-31,2023,8,2023-08,3403,Gunungkidul,Daerah Istimewa Yogyakarta,3403,kode,,0,,,,0,0,False
3504,1106 107 2023 08 031 1,2023-08-31,2023,8,2023-08,1106,Aceh Besar,Aceh,1106,kode,,0,Masih Penyelidikan,,,0,0,False
3505,6401 107 2023 08 031 1,2023-08-31,2023,8,2023-08,6401,Paser,Kalimantan Timur,6401,kode,,0,,,,0,0,False
3506,6304 107 2023 08 031 1,2023-08-31,2023,8,2023-08,6304,Barito Kuala,Kalimantan Selatan,6304,kode,,0,,,,0,0,False
3507,3210 107 2023 08 031 1,2023-08-31,2023,8,2023-08,3210,Majalengka,Jawa Barat,3210,kode,Panyingkiran,1,Penyebab Kebakaran diduga Akibat Human Error,,,0,0,False
3508,2101 107 2023 08 031 1,2023-08-31,2023,8,2023-08,2101,Bintan,Kepulauan Riau,2101,kode,,0,,,,0,0,False
3509,6305 107 2023 08 031 1,2023-08-31,2023,8,2023-08,6305,Tapin,Kalimantan Selatan,6305,kode,Binuang Desa Tatakan; Tapin Selatan Desa Masta; Bakarangan,3,,,,0,0,False
3510,6403 107 2023 08 031 1,2023-08-31,2023,8,2023-08,6403,Berau,Kalimantan Timur,6403,kode,,0,,,,0,0,False
3511,3311 107 2023 08 031 1,2023-08-31,2023,8,2023-08,3311,Sukoharjo,Jawa Tengah,3311,kode,,0,Masih dalam penyelidikan.,,,0,0,False
3512,6372 107 2023 08 031 1,2023-08-31,2023,8,2023-08,6372,Kota Banjarbaru,Kalimantan Selatan,6372,kode,"Banjarbaru Selatan, Kota Banjar Baru Liang Anggang Landasan Ulin New HS Landasan Ulin Liang Anggang Landasan Ulin",1,,,,0,0,False
3513,9203 107 2023 08 031 1,2023-08-31,2023,8,2023-08,9203,Fak Fak,Papua Barat,9203,kode,,0,belum diketahui,,,0,0,False
3514,6474 107 2023 08 031 1,2023-08-31,2023,8,2023-08,6474,Kota Bontang,Kalimantan Timur,6474,kode,,0,,,,0,0,False
3515,1902 107 2023 08 031 1,2023-08-31,2023,8,2023-08,1902,Belitung,Kepulauan Bangka Belitung,1902,kode,Sijuk; Tanjung Pandan; Badau; Gantung,4,dalam penyelidikan,,,0,0,False
3516,6301 107 2023 08 031 1,2023-08-31,2023,8,2023-08,6301,Tanah Laut,Kalimantan Selatan,6301,kode,"Bajuin. Jl. Swadaya (Belakang SMPN 1 Kurau), Desa Padang Luas,; Kurau. Jl. A. Yani Rt 06 Rw 01 Desa Gunung Raja,; Tambang Ulang. Desa Bentok Kampung,; Bati-Bati. Bumi Makmur Bumi Makmur Jl Raya Takisung, Desa Batilai,; Takisung.",5,,,,0,0,False
3517,3313 107 2023 08 031 1,2023-08-31,2023,8,2023-08,3313,Karanganyar,Jawa Tengah,3313,kode,,0,Jenis vegetasi yang mudah terbakar,,,0,0,False
3518,6306 107 2023 08 031 1,2023-08-31,2023,8,2023-08,6306,Hulu Sungai Selatan,Kalimantan Selatan,6306,kode,,0,,,,0,0,False
3519,6402 107 2023 08 031 1,2023-08-31,2023,8,2023-08,6402,Kutai Kartanegara,Kalimantan Timur,6402,kode,,0,,,,0,0,False
3520,6303 107 2023 08 031 1,2023-08-31,2023,8,2023-08,6303,Banjar,Kalimantan Selatan,6303,kode,Martapura Barat Desa Indrasari Kec Martapura Kota Aranio Aranio,1,,,,0,0,False
3521,6409 107 2023 08 031 1,2023-08-31,2023,8,2023-08,6409,Penajam Paser Utara,Kalimantan Timur,6409,kode,Penajem,1,Masih dalam penyelidikan pihak Kepolisian.,,,0,0,False
3522,6407 107 2023 08 031 1,2023-08-31,2023,8,2023-08,6407,Kutai Barat,Kalimantan Timur,6407,kode,,0,,,,0,0,False
3523,6409 107 2023 08 030 1,2023-08-30,2023,8,2023-08,6409,Penajam Paser Utara,Kalimantan Timur,6409,kode,,0,,,,0,0,False
3524,7173 107 2023 08 030 1,2023-08-30,2023,8,2023-08,7173,Kota Tomohon,Sulawesi Utara,7173,kode,Tomohon Selatan,1,Kelalaian salah satu warga yang membakar rumput  di lahan perkebunan,1.0,,0,0,False
3525,6301 107 2023 08 030 1,2023-08-30,2023,8,2023-08,6301,Tanah Laut,Kalimantan Selatan,6301,kode,"Bajuin Desa. Raden; Kurau, Kab. Tanah Laut Jl. Padang Luas Rt 1, Desa. Padang Luas,; Kurau Desa Ranggang Rt 5; Takisung, Kab. Tanah laut",4,,,,0,0,False
3526,6372 107 2023 08 030 1,2023-08-30,2023,8,2023-08,6372,Kota Banjarbaru,Kalimantan Selatan,6372,kode,,0,,,,0,0,False
3527,6101 107 2023 08 030 1,2023-08-30,2023,8,2023-08,6101,Sambas,Kalimantan Barat,6101,kode,,0,,,,0,0,False
3528,6472 107 2023 08 030 1,2023-08-30,2023,8,2023-08,6472,Kota Samarinda,Kalimantan Timur,6472,kode,,0,,,,0,0,False
3529,6401 107 2023 08 030 1,2023-08-30,2023,8,2023-08,6401,Paser,Kalimantan Timur,6401,kode,,0,,,,0,0,False
3530,3202 107 2023 08 030 1,2023-08-30,2023,8,2023-08,3202,Sukabumi,Jawa Barat,3202,kode,,0,Belum Diketahui,,,0,0,False
3531,6303 107 2023 08 030 1,2023-08-30,2023,8,2023-08,6303,Banjar,Kalimantan Selatan,6303,kode,Martapura Barat,1,,,,0,0,False
3532,7201 107 2023 08 030 1,2023-08-30,2023,8,2023-08,7201,Banggai,Sulawesi Tengah,7201,kode,,0,"Adanya potensi musim kemarau dengan peringatan  fenomena El- Nino berkepanjangan sesuai dari rilis BMKG dibeberapa wilayah Sulawesi Tengah, mengakibatkan terjadinya kebakaran Hutan dan Lahan di Dusun 2 Desa Batu Hitam",,,0,0,False
3533,3210 107 2023 08 030 1,2023-08-30,2023,8,2023-08,3210,Majalengka,Jawa Barat,3210,kode,Maja,1,belum diketahui,,,0,0,False
3534,6305 107 2023 08 030 1,2023-08-30,2023,8,2023-08,6305,Tapin,Kalimantan Selatan,6305,kode,,0,,,,0,0,False
3535,6407 107 2023 08 030 1,2023-08-30,2023,8,2023-08,6407,Kutai Barat,Kalimantan Timur,6407,kode,,0,,,,0,0,False
3536,6202 107 2023 08 030 1,2023-08-30,2023,8,2023-08,6202,Kotawaringin Timur,Kalimantan Tengah,6202,kode,,0,,,,0,0,False
3537,3310 107 2023 08 030 1,2023-08-30,2023,8,2023-08,3310,Klaten,Jawa Tengah,3310,kode,Bayat; Karangdowo; Tulung; Juwiring; Klaten Utara; Wonosari,6,pembakaran sampah yang merembet ke daun-daun kering,,,0,0,False
3538,3313 107 2023 08 030 1,2023-08-30,2023,8,2023-08,3313,Karanganyar,Jawa Tengah,3313,kode,,0,Jenis vegetasi yang mudah terbakar.,,,0,0,False
3539,6305 107 2023 08 029 1,2023-08-29,2023,8,2023-08,6305,Tapin,Kalimantan Selatan,6305,kode,"Tapin Selatan Desa Sawaja, Kec Candi Laras Utara",1,,,,0,0,False
3540,1904 107 2023 08 029 1,2023-08-29,2023,8,2023-08,1904,Bangka Tengah,Kepulauan Bangka Belitung,1904,kode,Namang,1,Penyebabnya belum diketahui.,,,0,0,False
3541,7202 107 2023 08 029 1,2023-08-29,2023,8,2023-08,7202,Poso,Sulawesi Tengah,7202,kode,,0,"Terjadi kebakaran lahan di area persawahan gambut yang mengancam  area perkebunan dan pemukiman warga, untuk penyebab kebarakan belum diketahui",,,0,0,False
3542,6401 107 2023 08 029 1,2023-08-29,2023,8,2023-08,6401,Paser,Kalimantan Timur,6401,kode,,0,,,,0,0,False
3543,6301 107 2023 08 029 1,2023-08-29,2023,8,2023-08,6301,Tanah Laut,Kalimantan Selatan,6301,kode,Bumi Makmur. Jl. Sarang Halang Rt 5; Pelaihari. Jl. Raya Panyipatan Rt 4; Pelaihari.,3,,,,0,0,False
3544,6304 107 2023 08 029 1,2023-08-29,2023,8,2023-08,6304,Barito Kuala,Kalimantan Selatan,6304,kode,"Rantau Badauh Desa Bantuil; Cerbon, Kab. Barito Kuala Desa karya jadi; Tabukan, Kab. Barito Kuala",3,,,,0,0,False
3545,1971 107 2023 08 029 1,2023-08-29,2023,8,2023-08,1971,Kota Pangkal Pinang,Kepulauan Bangka Belitung,1971,kode,Bukit Intan,1,penyebabnya belum diketahui.,,,0,0,False
3546,6309 107 2023 08 029 1,2023-08-29,2023,8,2023-08,6309,Tabalong,Kalimantan Selatan,6309,kode,,0,,,,0,0,False
3547,1906 107 2023 08 029 1,2023-08-29,2023,8,2023-08,1906,Belitung Timur,Kepulauan Bangka Belitung,1906,kode,Gantung,1,belum diketahui,,,0,0,False
3548,6306 107 2023 08 029 1,2023-08-29,2023,8,2023-08,6306,Hulu Sungai Selatan,Kalimantan Selatan,6306,kode,,0,,,,0,0,False
3549,6403 107 2023 08 029 1,2023-08-29,2023,8,2023-08,6403,Berau,Kalimantan Timur,6403,kode,,0,,,,0,0,False
3550,6207 107 2023 08 029 1,2023-08-29,2023,8,2023-08,6207,Seruyan,Kalimantan Tengah,6207,kode,,0,,,,0,0,False
3551,6372 107 2023 08 029 1,2023-08-29,2023,8,2023-08,6372,Kota Banjarbaru,Kalimantan Selatan,6372,kode,,0,,,,0,0,False
3552,6301 107 2023 08 028 1,2023-08-28,2023,8,2023-08,6301,Tanah Laut,Kalimantan Selatan,6301,kode,Kintap,1,,,,0,0,False
3553,3322 107 2023 08 028 1,2023-08-28,2023,8,2023-08,3322,Semarang,Jawa Tengah,3322,kode,,0,Masih dalam penyelidikan petugas kepolisian.,,,0,0,False
3554,6306 107 2023 08 028 1,2023-08-28,2023,8,2023-08,6306,Hulu Sungai Selatan,Kalimantan Selatan,6306,kode,Daha Barat,1,Dalam proses penyelidikan,,,0,0,False
3555,6401 107 2023 08 028 1,2023-08-28,2023,8,2023-08,6401,Paser,Kalimantan Timur,6401,kode,,0,,,,0,0,False
3556,6403 107 2023 08 028 1,2023-08-28,2023,8,2023-08,6403,Berau,Kalimantan Timur,6403,kode,,0,,,,0,0,False
3557,6372 107 2023 08 028 1,2023-08-28,2023,8,2023-08,6372,Kota Banjarbaru,Kalimantan Selatan,6372,kode,,0,,,,0,0,False
3558,3210 107 2023 08 028 1,2023-08-28,2023,8,2023-08,3210,Majalengka,Jawa Barat,3210,kode,Majalengka; Rajagaluh,2,Dalam proses penyelidikan,,,0,0,False
3559,6305 107 2023 08 028 1,2023-08-28,2023,8,2023-08,6305,Tapin,Kalimantan Selatan,6305,kode,Tapin Tengah Desa Sungai Rutas,1,,,,0,0,False
3560,3403 107 2023 08 028 1,2023-08-28,2023,8,2023-08,3403,Gunungkidul,Daerah Istimewa Yogyakarta,3403,kode,,0,,,,0,0,False
3561,1906 107 2023 08 028 1,2023-08-28,2023,8,2023-08,1906,Belitung Timur,Kepulauan Bangka Belitung,1906,kode,Simpang Pesak; Damar,2,belum diketahui,,,0,0,False
3562,6302 107 2023 08 028 1,2023-08-28,2023,8,2023-08,6302,Kotabaru,Kalimantan Selatan,6302,kode,Pulau Laut Barat,1,Dalam proses penyelidikan,,,0,0,False
3563,1402 107 2023 08 028 1,2023-08-28,2023,8,2023-08,1402,Indragiri Hulu,Riau,1402,kode,"Batang Cenaku, Desa. Puntianai",1,,,,0,0,False
3564,6409 107 2023 08 028 1,2023-08-28,2023,8,2023-08,6409,Penajam Paser Utara,Kalimantan Timur,6409,kode,,0,,,,0,0,False
3565,1401 107 2023 08 028 1,2023-08-28,2023,8,2023-08,1401,Kampar,Riau,1401,kode,Tambang,1,Dalam proses penyelidikan,,,0,0,False
3566,3471 107 2023 08 028 1,2023-08-28,2023,8,2023-08,3471,Kota Yogyakarta,Daerah Istimewa Yogyakarta,3471,kode,,0,,,,0,0,False
3567,6204 107 2023 08 028 1,2023-08-28,2023,8,2023-08,6204,Barito Selatan,Kalimantan Tengah,6204,kode,,0,,,,0,0,False
3568,3213 107 2023 08 028 1,2023-08-28,2023,8,2023-08,3213,Subang,Jawa Barat,3213,kode,Subang,1,Dalam proses penyelidikan,,,0,0,False
3569,1902 107 2023 08 028 1,2023-08-28,2023,8,2023-08,1902,Belitung,Kepulauan Bangka Belitung,1902,kode,Tanjung Pandan; Sijuk,2,dalam penyelidikan,,,0,0,False
3570,6208 107 2023 08 028 1,2023-08-28,2023,8,2023-08,6208,Sukamara,Kalimantan Tengah,6208,kode,Sukamara,1,"Dipicu akibat pembersihan lahan dengan cara dibakar sehingga menimbulkan kebakaran hutan & lahan pada hari Senin, 28 Agustus 2023, Pkl. 08:00 WIB. Penyebab kebakaran masih dalam proses penyelidikan petugas berwajib Upaya :  BPBD Sukamara berkoordinasi dengan instasi terkait guna melakukan pemadaman",,,0,0,False
3571,6104 107 2023 08 028 1,2023-08-28,2023,8,2023-08,6104,Ketapang,Kalimantan Barat,6104,kode,Matan Hilir Selatan; Benua Kayong,2,belum diketahui.,,,0,0,False
3572,1404 107 2023 08 028 1,2023-08-28,2023,8,2023-08,1404,Indragiri Hilir,Riau,1404,kode,"Keritang, Desa. Pancur",1,,,,0,0,False
3573,6402 107 2023 08 028 1,2023-08-28,2023,8,2023-08,6402,Kutai Kartanegara,Kalimantan Timur,6402,kode,,0,,,,0,0,False
3574,6303 107 2023 08 028 1,2023-08-28,2023,8,2023-08,6303,Banjar,Kalimantan Selatan,6303,kode,,0,,,,0,0,False
3575,3471 107 2023 08 028 1,2023-08-28,2023,8,2023-08,3471,Kota Yogyakarta,Daerah Istimewa Yogyakarta,3471,kode,,0,,,,0,0,False
3576,3404 107 2023 08 028 1,2023-08-28,2023,8,2023-08,3404,Sleman,Daerah Istimewa Yogyakarta,3404,kode,,0,,,,0,0,False
3577,6401 107 2023 08 027 1,2023-08-27,2023,8,2023-08,6401,Paser,Kalimantan Timur,6401,kode,Tanah Grogot,1,Dalam proses penyelidikan,,,0,0,False
3578,6306 107 2023 08 027 1,2023-08-27,2023,8,2023-08,6306,Hulu Sungai Selatan,Kalimantan Selatan,6306,kode,Daha Utara; Kalumpang,2,Dalam proses penyelidikan,,,0,0,False
3579,6305 107 2023 08 027 1,2023-08-27,2023,8,2023-08,6305,Tapin,Kalimantan Selatan,6305,kode,,0,,,,0,0,False
3580,6301 107 2023 08 027 1,2023-08-27,2023,8,2023-08,6301,Tanah Laut,Kalimantan Selatan,6301,kode,"Pelaihari Kab. Tanah Laut Desa Gunung Raja,; Tambang Ulang Kab. Tanah Laut",2,,,,0,0,False
3581,6372 107 2023 08 027 1,2023-08-27,2023,8,2023-08,6372,Kota Banjarbaru,Kalimantan Selatan,6372,kode,"Martapura Kota Kab. Banjar Syamsudin Noor Landasan Ulin Liang Anggang Syamsudin Noor jl. Sidomulyo raya kelurahan landasan ulin timur jl. Abadi makmur kelurahan Guntung manggis jl. Kerawat kelurahan sei tiung jl. Kong x kelurahan landasan ulin barat pandopo seberang bakantan park kelurahan Guntung manggis Jl. Takisung Rt 1, Desa Takisung,; Takisung Kab. Tanah Laut",2,,,,0,0,False
3582,6403 107 2023 08 027 1,2023-08-27,2023,8,2023-08,6403,Berau,Kalimantan Timur,6403,kode,,0,,,,0,0,False
3583,6203 107 2023 08 027 1,2023-08-27,2023,8,2023-08,6203,Kapuas,Kalimantan Tengah,6203,kode,,0,,,,0,0,False
3584,6409 107 2023 08 027 1,2023-08-27,2023,8,2023-08,6409,Penajam Paser Utara,Kalimantan Timur,6409,kode,Penajam,1,Dalam proses penyelidikan,,,0,0,False
3585,1610 107 2023 08 027 1,2023-08-27,2023,8,2023-08,1610,Ogan Ilir,Sumatera Selatan,1610,kode,Indralaya,1,Dalam proses penyelidikan,,,0,0,False
3586,6303 107 2023 08 027 1,2023-08-27,2023,8,2023-08,6303,Banjar,Kalimantan Selatan,6303,kode,,0,,,,0,0,False
3587,2101 107 2023 08 027 1,2023-08-27,2023,8,2023-08,2101,Bintan,Kepulauan Riau,2101,kode,Bintan Timur,1,Dalam proses penyelidikan,,,0,0,False
3588,6407 107 2023 08 027 1,2023-08-27,2023,8,2023-08,6407,Kutai Barat,Kalimantan Timur,6407,kode,,0,,,,0,0,False
3589,8108 107 2023 08 026 1,2023-08-26,2023,8,2023-08,8108,Maluku Barat Daya,Maluku,8108,kode,Moa Lakor,1,Musim Kemarau,,,0,0,False
3590,6372 107 2023 08 026 1,2023-08-26,2023,8,2023-08,6372,Kota Banjarbaru,Kalimantan Selatan,6372,kode,,0,,,,0,0,False
3591,5371 107 2023 08 026 1,2023-08-26,2023,8,2023-08,5371,Kota Kupang,Nusa Tenggara Timur,5371,kode,Maulafa,1,"Laporan Karhutla terjadi di kawasan HPK Kali Kupang di Konabau, Fatukoa, Kota Kupang, Koordinat 10°13'1.80"".LS dan 123°36'21.94""BT pada Sabtu (26/8/23) pukul 11.30 wita. Penyebab kebakaran berawal dari api tungku salah seorang warga yang merambat dan menyebar ke rumput ilalang sekitar. Kencangnya hembusan angin membuat api dengan mudah merambat ke lahan sekitar.",,,0,0,False
3592,1902 107 2023 08 026 1,2023-08-26,2023,8,2023-08,1902,Belitung,Kepulauan Bangka Belitung,1902,kode,Damar; Gantung,2,Dalam Proses penyelidikan,,,0,0,False
3593,6303 107 2023 08 026 1,2023-08-26,2023,8,2023-08,6303,Banjar,Kalimantan Selatan,6303,kode,,0,,,,0,0,False
3594,6271 107 2023 08 026 1,2023-08-26,2023,8,2023-08,6271,Kota Palangkaraya,Kalimantan Tengah,6271,kode,,0,,,,0,0,False
3595,9203 107 2023 08 026 1,2023-08-26,2023,8,2023-08,9203,Fak Fak,Papua Barat,9203,kode,Tomage,1,Dalam Proses penyelidikan,,,0,0,False
3596,6304 107 2023 08 026 1,2023-08-26,2023,8,2023-08,6304,Barito Kuala,Kalimantan Selatan,6304,kode,Jejangkit; Jejangkit,2,Dalam Proses penyelidikan,,,0,0,False
3597,6403 107 2023 08 026 1,2023-08-26,2023,8,2023-08,6403,Berau,Kalimantan Timur,6403,kode,,0,,,,0,0,False
3598,6301 107 2023 08 026 1,2023-08-26,2023,8,2023-08,6301,Tanah Laut,Kalimantan Selatan,6301,kode,"Pelaihari Jl. A. Yani Rt 05, Desa Kintap Kecil,; Kintap Desa Panggung Baru,Kecamatan Pelaihari,Kabupaten Tanah Laut",2,,,,0,0,False
3599,6501 107 2023 08 026 1,2023-08-26,2023,8,2023-08,6501,Bulungan,Kalimantan Utara,6501,kode,Tanjung Palas Timur,1,Lahan sengaja di bakar untuk Membuka lahan perkebunan,,,0,0,False
3600,3402 107 2023 08 026 1,2023-08-26,2023,8,2023-08,3402,Bantul,Daerah Istimewa Yogyakarta,3402,kode,,0,,,,0,0,False
3601,3507 107 2023 08 026 1,2023-08-26,2023,8,2023-08,3507,Malang,Jawa Timur,3507,kode,Singosari Curah Sriti dan Bukit Lincing (lereng G. Arjuno),1,Masih dalam penyelidikan,,,0,0,False
3602,6407 107 2023 08 026 1,2023-08-26,2023,8,2023-08,6407,Kutai Barat,Kalimantan Timur,6407,kode,,0,,,,0,0,False
3603,3324 107 2023 08 025 1,2023-08-25,2023,8,2023-08,3324,Kendal,Jawa Tengah,3324,kode,Pegandon,1,Masih dalam penyelidikan,,,0,0,False
3604,3208 107 2023 08 025 1,2023-08-25,2023,8,2023-08,3208,Kuningan,Jawa Barat,3208,kode,Pasawahan,1,Dalam Proses penyelidikan,,,0,0,False
3605,5306 107 2023 08 025 1,2023-08-25,2023,8,2023-08,5306,Flores Timur,Nusa Tenggara Timur,5306,kode,Ile bura,1,"Dipicu akibat pembersihan lahan dengan cara dibakar sehingga menimbulkan kebakaran hutan & lahan pada hari Jumat, 25 Agustus 2023, Pkl. 10:00 WITA",,,0,0,False
3606,6211 107 2023 08 025 1,2023-08-25,2023,8,2023-08,6211,Pulang Pisau,Kalimantan Tengah,6211,kode,,0,,,,0,0,False
3607,3312 107 2023 08 025 1,2023-08-25,2023,8,2023-08,3312,Wonogiri,Jawa Tengah,3312,kode,Kartasura,1,Masih dalam penyelidikan,,,0,0,False
3608,6371 107 2023 08 025 1,2023-08-25,2023,8,2023-08,6371,Kota Banjarmasin,Kalimantan Selatan,6371,kode,Banjarmasin Utara,1,,,,0,0,False
3609,6301 107 2023 08 025 1,2023-08-25,2023,8,2023-08,6301,Tanah Laut,Kalimantan Selatan,6301,kode,"Kintap. Makam Keramat Istana Pangeran Datu Ahmad,; Pelaihari Jl. Pahlawan Rt 20, Desa Batakan,; Panyipatan. Jl. Swadaya (Belakang SMAN 1 Kurau), Desa Padang Luas,; Kurau",4,,,,0,0,False
3610,6372 107 2023 08 025 1,2023-08-25,2023,8,2023-08,6372,Kota Banjarbaru,Kalimantan Selatan,6372,kode,Cempaka Jl guntung manggis,1,,,,0,0,False
3611,6403 107 2023 08 025 1,2023-08-25,2023,8,2023-08,6403,Berau,Kalimantan Timur,6403,kode,,0,,,,0,0,False
3612,1902 107 2023 08 025 1,2023-08-25,2023,8,2023-08,1902,Belitung,Kepulauan Bangka Belitung,1902,kode,Sijuk; Tanjung Pandan,2,Dalam Proses penyelidikan,,,0,0,False
3613,6407 107 2023 08 024 1,2023-08-24,2023,8,2023-08,6407,Kutai Barat,Kalimantan Timur,6407,kode,,0,,,,0,0,False
3614,2101 107 2023 08 024 1,2023-08-24,2023,8,2023-08,2101,Bintan,Kepulauan Riau,2101,kode,,0,,,,0,0,False
3615,1504 107 2023 08 024 1,2023-08-24,2023,8,2023-08,1504,Batanghari,Jambi,1504,kode,"Muara Bulian Desa Pasar Terusan,; Muara Bulian Kel, Sridadi",2,,,,0,0,False
3616,5108 107 2023 08 024 1,2023-08-24,2023,8,2023-08,5108,Buleleng,Bali,5108,kode,Banjar,1,,,,0,0,False
3617,6202 107 2023 08 024 1,2023-08-24,2023,8,2023-08,6202,Kotawaringin Timur,Kalimantan Tengah,6202,kode,,0,,,,0,0,False
3618,6403 107 2023 08 024 1,2023-08-24,2023,8,2023-08,6403,Berau,Kalimantan Timur,6403,kode,,0,,,,0,0,False
3619,3325 107 2023 08 024 1,2023-08-24,2023,8,2023-08,3325,Batang,Jawa Tengah,3325,kode,Gringsing,1,Kebakaran berasal dari warga yang membakar tumpukan daun kering dan api membesar,,,0,0,False
3620,3213 107 2023 08 024 1,2023-08-24,2023,8,2023-08,3213,Subang,Jawa Barat,3213,kode,Subang,1,Dalam Proses penyelidikan,,,0,0,False
3621,6112 107 2023 08 024 1,2023-08-24,2023,8,2023-08,6112,Kubu Raya,Kalimantan Barat,6112,kode,,0,,,,0,0,False
3622,3210 107 2023 08 024 1,2023-08-24,2023,8,2023-08,3210,Majalengka,Jawa Barat,3210,kode,Dawuan; Jatiwangi; Sumberjaya,3,Akibat dari warga melakukan pembakaran sampah sehingga api merambat ke lahan sekitar,,,0,0,False
3623,6401 107 2023 08 024 1,2023-08-24,2023,8,2023-08,6401,Paser,Kalimantan Timur,6401,kode,,0,,,,0,0,False
3624,6372 107 2023 08 024 1,2023-08-24,2023,8,2023-08,6372,Kota Banjarbaru,Kalimantan Selatan,6372,kode,,0,,,,0,0,False
3625,6301 107 2023 08 024 1,2023-08-24,2023,8,2023-08,6301,Tanah Laut,Kalimantan Selatan,6301,kode,"Pelaihari Jl. Merdeka Selatan Rt 20 Desa Batakan,; Panyipatan. Komp. Global Angsau Jl. Manaran Rt 25; Pelaihari.",3,,,,0,0,False
3626,6371 107 2023 08 024 1,2023-08-24,2023,8,2023-08,6371,Kota Banjarmasin,Kalimantan Selatan,6371,kode,,0,,,,0,0,False
3627,3404 107 2023 08 024 1,2023-08-24,2023,8,2023-08,3404,Sleman,Daerah Istimewa Yogyakarta,3404,kode,,0,,,,0,0,False
3628,6304 107 2023 08 024 1,2023-08-24,2023,8,2023-08,6304,Barito Kuala,Kalimantan Selatan,6304,kode,"Barambai, Kab. Barito Kuala jejangkit timur kec jejangkit Jejangkit barat kec. Jejangkit handil 8 jejangkit barat handil 9",1,,,,0,0,False
3629,6207 107 2023 08 023 1,2023-08-23,2023,8,2023-08,6207,Seruyan,Kalimantan Tengah,6207,kode,,0,,,,0,0,False
3630,6306 107 2023 08 023 1,2023-08-23,2023,8,2023-08,6306,Hulu Sungai Selatan,Kalimantan Selatan,6306,kode,Kalumpang,1,Masih dalam penyelidikan,,,0,0,False
3631,6372 107 2023 08 023 1,2023-08-23,2023,8,2023-08,6372,Kota Banjarbaru,Kalimantan Selatan,6372,kode,Liang Anggang Kota Banjarbaru Komp. Idaman Rt. 05 Rw. 05; Banjarbaru Selatan Kota Banjarbaru Guntung Damar; Landasan Ulin Kota Banjarbaru,3,,,,0,0,False
3632,6301 107 2023 08 023 1,2023-08-23,2023,8,2023-08,6301,Tanah Laut,Kalimantan Selatan,6301,kode,Takisung Kab. Tanah Laut,1,,,,0,0,False
3633,6311 107 2023 08 023 1,2023-08-23,2023,8,2023-08,6311,Balangan,Kalimantan Selatan,6311,kode,Lampihong Kab. Balangan Desa Mayanau; Tebing Tinggi Kab. Balangan,2,,,,0,0,False
3634,7504 107 2023 08 023 1,2023-08-23,2023,8,2023-08,7504,Pohuwato,Gorontalo,7504,kode,Randangan,1,,,,0,0,False
3635,6409 107 2023 08 023 1,2023-08-23,2023,8,2023-08,6409,Penajam Paser Utara,Kalimantan Timur,6409,kode,,0,,,,0,0,False
3636,6402 107 2023 08 023 1,2023-08-23,2023,8,2023-08,6402,Kutai Kartanegara,Kalimantan Timur,6402,kode,,0,,,,0,0,False
3637,3402 107 2023 08 023 1,2023-08-23,2023,8,2023-08,3402,Bantul,Daerah Istimewa Yogyakarta,3402,kode,,0,,,,0,0,False
3638,6303 107 2023 08 023 1,2023-08-23,2023,8,2023-08,6303,Banjar,Kalimantan Selatan,6303,kode,,0,,,,0,0,False
3639,6401 107 2023 08 023 1,2023-08-23,2023,8,2023-08,6401,Paser,Kalimantan Timur,6401,kode,,0,,,,0,0,False
3640,6403 107 2023 08 023 1,2023-08-23,2023,8,2023-08,6403,Berau,Kalimantan Timur,6403,kode,,0,,,,0,0,False
3641,6304 107 2023 08 023 1,2023-08-23,2023,8,2023-08,6304,Barito Kuala,Kalimantan Selatan,6304,kode,Jejangkit,1,,,,0,0,False
3642,6403 107 2023 08 022 1,2023-08-22,2023,8,2023-08,6403,Berau,Kalimantan Timur,6403,kode,,0,,,,0,0,False
3643,1906 107 2023 08 022 1,2023-08-22,2023,8,2023-08,1906,Belitung Timur,Kepulauan Bangka Belitung,1906,kode,Damar; Gantung; Manggar; Kelapa Kampit,4,Belum di ketahui,,,0,0,False
3644,6372 107 2023 08 022 1,2023-08-22,2023,8,2023-08,6372,Kota Banjarbaru,Kalimantan Selatan,6372,kode,Landasan Ulin (dekat HOTEL THE BREZEE ),1,,,,0,0,False
3645,6303 107 2023 08 022 1,2023-08-22,2023,8,2023-08,6303,Banjar,Kalimantan Selatan,6303,kode,"Martapura Kota, Kab. Banjar",1,,,,0,0,False
3646,6206 107 2023 08 022 1,2023-08-22,2023,8,2023-08,6206,Katingan,Kalimantan Tengah,6206,kode,,0,,,,0,0,False
3647,6409 107 2023 08 022 1,2023-08-22,2023,8,2023-08,6409,Penajam Paser Utara,Kalimantan Timur,6409,kode,,0,,,,0,0,False
3648,6401 107 2023 08 022 1,2023-08-22,2023,8,2023-08,6401,Paser,Kalimantan Timur,6401,kode,,0,,,,0,0,False
3649,6301 107 2023 08 022 1,2023-08-22,2023,8,2023-08,6301,Tanah Laut,Kalimantan Selatan,6301,kode,"Bati-Bati Jl. Bajingah,; Pelaihari Jl. Raya Takisung, Desa Telaga,; Pelaihari Jl. Penampaan Rt 7 Desa Pagatan Besar; Takisung Jl. H Iril Rt 3 Desa Benua Raya,; Bati-Bati Desa Panyipatan,; Panyipatan Jl. Transal Desa Tambang Ulang,; Tambang Ulang.",7,,,,0,0,False
3650,5108 107 2023 08 022 1,2023-08-22,2023,8,2023-08,5108,Buleleng,Bali,5108,kode,Sawan,1,,,,0,0,False
3651,3401 107 2023 08 022 1,2023-08-22,2023,8,2023-08,3401,Kulon Progo,Daerah Istimewa Yogyakarta,3401,kode,,0,,,,0,0,False
3652,6311 107 2023 08 022 1,2023-08-22,2023,8,2023-08,6311,Balangan,Kalimantan Selatan,6311,kode,Lampihong Kab. Balangan Desa Tanah Habang Kanan; Lampihong Kab. Balangan,2,,,,0,0,False
3653,3403 107 2023 08 022 1,2023-08-22,2023,8,2023-08,3403,Gunungkidul,Daerah Istimewa Yogyakarta,3403,kode,,0,,,,0,0,False
3654,6372 107 2023 08 021 1,2023-08-21,2023,8,2023-08,6372,Kota Banjarbaru,Kalimantan Selatan,6372,kode,Landasan Ulin,1,,,,0,0,False
3655,6472 107 2023 08 021 1,2023-08-21,2023,8,2023-08,6472,Kota Samarinda,Kalimantan Timur,6472,kode,,0,,,,0,0,False
3656,8108 107 2023 08 021 1,2023-08-21,2023,8,2023-08,8108,Maluku Barat Daya,Maluku,8108,kode,Moa,1,Musim Kemarau,,,0,0,False
3657,3311 107 2023 08 021 1,2023-08-21,2023,8,2023-08,3311,Sukoharjo,Jawa Tengah,3311,kode,Tawangsari,1,belum diketahui,,,0,0,False
3658,6304 107 2023 08 021 1,2023-08-21,2023,8,2023-08,6304,Barito Kuala,Kalimantan Selatan,6304,kode,,0,,,,0,0,False
3659,6403 107 2023 08 021 1,2023-08-21,2023,8,2023-08,6403,Berau,Kalimantan Timur,6403,kode,,0,,,,0,0,False
3660,3210 107 2023 08 021 1,2023-08-21,2023,8,2023-08,3210,Majalengka,Jawa Barat,3210,kode,Sukahaji,1,pembukaan lahan,,,0,0,False
3661,6207 107 2023 08 021 1,2023-08-21,2023,8,2023-08,6207,Seruyan,Kalimantan Tengah,6207,kode,,0,,,,0,0,False
3662,8106 107 2023 08 021 1,2023-08-21,2023,8,2023-08,8106,Seram Bagian Barat,Maluku,8106,kode,Bula,1,puntung rokok yg dibuang sembarangan sehingga mengenai rumput kering  sehingga menyebabkan kebakaran,,,0,0,False
3663,3204 107 2023 08 021 1,2023-08-21,2023,8,2023-08,3204,Bandung,Jawa Barat,3204,kode,Kutawaringin,1,belum diketahui,,,0,0,False
3664,6311 107 2023 08 021 1,2023-08-21,2023,8,2023-08,6311,Balangan,Kalimantan Selatan,6311,kode,,0,,,,0,0,False
3665,3402 107 2023 08 021 1,2023-08-21,2023,8,2023-08,3402,Bantul,Daerah Istimewa Yogyakarta,3402,kode,,0,,,,0,0,False
3666,3403 107 2023 08 021 1,2023-08-21,2023,8,2023-08,3403,Gunungkidul,Daerah Istimewa Yogyakarta,3403,kode,,0,,,,0,0,False
3667,5108 107 2023 08 021 1,2023-08-21,2023,8,2023-08,5108,Buleleng,Bali,5108,kode,Sawan,1,,,,0,0,False
3668,6208 107 2023 08 021 1,2023-08-21,2023,8,2023-08,6208,Sukamara,Kalimantan Tengah,6208,kode,Pantai Lunci,1,belum diketahui,,,0,0,False
3669,6471 107 2023 08 021 1,2023-08-21,2023,8,2023-08,6471,Kota Balikpapan,Kalimantan Timur,6471,kode,,0,,,,0,0,False
3670,6201 107 2023 08 021 1,2023-08-21,2023,8,2023-08,6201,Kotawaringin Barat,Kalimantan Tengah,6201,kode,,0,,,,0,0,False
3671,6112 107 2023 08 021 1,2023-08-21,2023,8,2023-08,6112,Kubu Raya,Kalimantan Barat,6112,kode,,0,,,,0,0,False
3672,6104 107 2023 08 021 1,2023-08-21,2023,8,2023-08,6104,Ketapang,Kalimantan Barat,6104,kode,,0,,1.0,,0,0,False
3673,1902 107 2023 08 021 1,2023-08-21,2023,8,2023-08,1902,Belitung,Kepulauan Bangka Belitung,1902,kode,Gantung; Tanjung Pandan,2,belum diketahui,,,0,0,False
3674,6301 107 2023 08 021 1,2023-08-21,2023,8,2023-08,6301,Tanah Laut,Kalimantan Selatan,6301,kode,"Bati-Bati. Jl. Hamparan, Komp. Griya Hamparan Rt 11 Rw 2, Desa Atu-Atu, kec. Pelaihari Desa Liang Anggang; Bati-Bati.",2,,,,0,0,False
3675,6305 107 2023 08 021 1,2023-08-21,2023,8,2023-08,6305,Tapin,Kalimantan Selatan,6305,kode,Tapin Utara Desa Sawang; Tapin Selatan Desa Pantai Cabe; Salam Babaris dan Desa Rumintin; Tapin Selatan (Perbatasan),4,,,,0,0,False
3676,3404 107 2023 08 020 1,2023-08-20,2023,8,2023-08,3404,Sleman,Daerah Istimewa Yogyakarta,3404,kode,,0,,,,0,0,False
3677,6303 107 2023 08 020 1,2023-08-20,2023,8,2023-08,6303,Banjar,Kalimantan Selatan,6303,kode,,0,,,,0,0,False
3678,1902 107 2023 08 020 1,2023-08-20,2023,8,2023-08,1902,Belitung,Kepulauan Bangka Belitung,1902,kode,Pilang,1,belum diketahui,,,0,0,False
3679,3210 107 2023 08 020 1,2023-08-20,2023,8,2023-08,3210,Majalengka,Jawa Barat,3210,kode,Majalengka,1,Masih dalam penyelidikan,,,0,0,False
3680,6372 107 2023 08 020 1,2023-08-20,2023,8,2023-08,6372,Kota Banjarbaru,Kalimantan Selatan,6372,kode,Guntung Payung (Ring 1 Area Bandara Syamsudin Noor) Alamat guntung Damar om ( Belakang Brizz Park ),1,,,,0,0,False
3681,6472 107 2023 08 020 1,2023-08-20,2023,8,2023-08,6472,Kota Samarinda,Kalimantan Timur,6472,kode,,0,,,,0,0,False
3682,6402 107 2023 08 020 1,2023-08-20,2023,8,2023-08,6402,Kutai Kartanegara,Kalimantan Timur,6402,kode,,0,,,,0,0,False
3683,6306 107 2023 08 020 1,2023-08-20,2023,8,2023-08,6306,Hulu Sungai Selatan,Kalimantan Selatan,6306,kode,"Sungai Raya Desa Pantai Ulin, Kecamatan Simpur Kab. Hulu Sungai Selatan desa bangkau Kecamatan Kandangan Kab. Hulu Sungai Selatan",1,,,,0,0,False
3684,6307 107 2023 08 020 1,2023-08-20,2023,8,2023-08,6307,Hulu Sungai Tengah,Kalimantan Selatan,6307,kode,Labuan Amas Selatan,1,,,,0,0,False
3685,6407 107 2023 08 020 1,2023-08-20,2023,8,2023-08,6407,Kutai Barat,Kalimantan Timur,6407,kode,,0,,,,0,0,False
3686,6208 107 2023 08 020 1,2023-08-20,2023,8,2023-08,6208,Sukamara,Kalimantan Tengah,6208,kode,Pantai Lunci,1,belum diketahui,,,0,0,False
3687,6304 107 2023 08 020 1,2023-08-20,2023,8,2023-08,6304,Barito Kuala,Kalimantan Selatan,6304,kode,,0,,,,0,0,False
3688,1106 107 2023 08 020 1,2023-08-20,2023,8,2023-08,1106,Aceh Besar,Aceh,1106,kode,Lembah Seulawah,1,"Petugas Piket pemadam BPBD Aceh Besar Pos Saree menerima informasi tentang adanya kejadian kebakaran Lahan yang disampaikan oleh personil Polsek setempat. Kejadian kebakaran Lahan tersebut persisnya terjadi di Km.59 kawasan Blang Hura Lahan warga yang berdekatan dengan Dayah Yanbu'ul Huffah. Lahan tersebut merupakan lahan kosong yang berisikan rumput ilalang dan pohon pinus,  Luas lahan diperkirakan mencapai seluas -+2Ha. Dan penyebap terjadinya kebakaran diduga akibat pembakaran yang di lakukan oleh pemilik lahan yang tanpa pengawasan.",,,0,0,False
3689,6204 107 2023 08 020 1,2023-08-20,2023,8,2023-08,6204,Barito Selatan,Kalimantan Tengah,6204,kode,,0,,,,0,0,False
3690,6301 107 2023 08 020 1,2023-08-20,2023,8,2023-08,6301,Tanah Laut,Kalimantan Selatan,6301,kode,"Pelaihari Desa Tanjung Dewa Rt 15,; Panyipatan Desa Ambungan,; Pelaihari.",3,,,,0,0,False
3691,6401 107 2023 08 020 1,2023-08-20,2023,8,2023-08,6401,Paser,Kalimantan Timur,6401,kode,,0,,,,0,0,False
3692,6111 107 2023 08 020 1,2023-08-20,2023,8,2023-08,6111,Kayong Utara,Kalimantan Barat,6111,kode,Simpang Hilir,1,belum diketahui,,,0,0,False
3693,6302 107 2023 08 020 1,2023-08-20,2023,8,2023-08,6302,Kotabaru,Kalimantan Selatan,6302,kode,Sungai Durian,1,belum diketahui,,,0,0,False
3694,6305 107 2023 08 020 1,2023-08-20,2023,8,2023-08,6305,Tapin,Kalimantan Selatan,6305,kode,Tapin Tengah,1,,,,0,0,False
3695,6471 107 2023 08 020 1,2023-08-20,2023,8,2023-08,6471,Kota Balikpapan,Kalimantan Timur,6471,kode,,0,,,,0,0,False
3696,6409 107 2023 08 020 1,2023-08-20,2023,8,2023-08,6409,Penajam Paser Utara,Kalimantan Timur,6409,kode,Penajem,1,Masih dalam penyelidikan pihak Kepolisian,,,0,0,False
3697,6403 107 2023 08 020 1,2023-08-20,2023,8,2023-08,6403,Berau,Kalimantan Timur,6403,kode,,0,,,,0,0,False
3698,3319 107 2023 08 020 1,2023-08-20,2023,8,2023-08,3319,Kudus,Jawa Tengah,3319,kode,,0,Pembakaran sampah yang tidak terjada dan menjalar ke lahan tebu milik warga.,,,0,0,False
3699,3210 107 2023 08 019 1,2023-08-19,2023,8,2023-08,3210,Majalengka,Jawa Barat,3210,kode,Cigasong,1,Dalam proses penyelidikan,,,0,0,False
3700,6372 107 2023 08 019 1,2023-08-19,2023,8,2023-08,6372,Kota Banjarbaru,Kalimantan Selatan,6372,kode,,0,,,,0,0,False
3701,3401 107 2023 08 019 1,2023-08-19,2023,8,2023-08,3401,Kulon Progo,Daerah Istimewa Yogyakarta,3401,kode,,0,,,,0,0,False
3702,8108 107 2023 08 019 1,2023-08-19,2023,8,2023-08,8108,Maluku Barat Daya,Maluku,8108,kode,Moa,1,Musim Kemarau,,,0,0,False
3703,1106 107 2023 08 019 1,2023-08-19,2023,8,2023-08,1106,Aceh Besar,Aceh,1106,kode,Kota Jantho; Baitussalam,2,Dalam proses penyelidikan,,,0,0,False
3704,3402 107 2023 08 019 1,2023-08-19,2023,8,2023-08,3402,Bantul,Daerah Istimewa Yogyakarta,3402,kode,,0,,,,0,0,False
3705,7202 107 2023 08 019 1,2023-08-19,2023,8,2023-08,7202,Poso,Sulawesi Tengah,7202,kode,Pamona Timur,1,Dalam proses penyelidikan,,,0,0,False
3706,6208 107 2023 08 019 1,2023-08-19,2023,8,2023-08,6208,Sukamara,Kalimantan Tengah,6208,kode,Sukamara,1,Dalam proses penyelidikan,,,0,0,False
3707,6311 107 2023 08 019 1,2023-08-19,2023,8,2023-08,6311,Balangan,Kalimantan Selatan,6311,kode,Halong; Lampihong,2,Dalam proses penyelidikan,,,0,0,False
3708,6402 107 2023 08 019 1,2023-08-19,2023,8,2023-08,6402,Kutai Kartanegara,Kalimantan Timur,6402,kode,,0,,,,0,0,False
3709,3209 107 2023 08 019 1,2023-08-19,2023,8,2023-08,3209,Cirebon,Jawa Barat,3209,kode,Sumber,1,Dalam proses penyelidikan,,,0,0,False
3710,6303 107 2023 08 019 1,2023-08-19,2023,8,2023-08,6303,Banjar,Kalimantan Selatan,6303,kode,Sungai Tabuk Kab. Banjar Desa Kiram (Pamaton); Karang Intan Kab. Banjar Desa Jingah Habang Ilir; Karang Intan Kab. Banjar,3,,,,0,0,False
3711,1808 107 2023 08 019 1,2023-08-19,2023,8,2023-08,1808,Way Kanan,Lampung,1808,kode,,0,,,,0,0,False
3712,6409 107 2023 08 019 1,2023-08-19,2023,8,2023-08,6409,Penajam Paser Utara,Kalimantan Timur,6409,kode,Penajam,1,Dalam proses penyelidikan,,,0,0,False
3713,6305 107 2023 08 019 1,2023-08-19,2023,8,2023-08,6305,Tapin,Kalimantan Selatan,6305,kode,Candi Laras Selatan,1,Masih Dalam Penyelidikan,,,0,0,False
3714,6301 107 2023 08 019 1,2023-08-19,2023,8,2023-08,6301,Tanah Laut,Kalimantan Selatan,6301,kode,"Tambang Ulang Kab. Tanah Laut Jl. Swadaya Rt 01; Kurau Kab. Tanah Laut Jl. Teluk Paku, Desa Bati-Bati,; Bati-Bati Kab. Tanah Laut Desa Sungai Cuka Rt 4,; Kintap Kab. Tanah Laut Jl. Lok Serapang,; Pelaihari Kab. Tanah Laut Jl. Raya Takisung, Desa Tabanio,; Takisung Kab. Tanah Laut Jln kerokan H. Iril Benua raya; Bati-bati, kab. Tanah Laut Desa Sambangan; Bati bati Kab. Tanah Laut",8,,,,0,0,False
3715,6401 107 2023 08 019 1,2023-08-19,2023,8,2023-08,6401,Paser,Kalimantan Timur,6401,kode,,0,,,,0,0,False
3716,6207 107 2023 08 019 1,2023-08-19,2023,8,2023-08,6207,Seruyan,Kalimantan Tengah,6207,kode,,0,,,,0,0,False
3717,6303 107 2023 08 018 1,2023-08-18,2023,8,2023-08,6303,Banjar,Kalimantan Selatan,6303,kode,,0,,,,0,0,False
3718,6372 107 2023 08 018 1,2023-08-18,2023,8,2023-08,6372,Kota Banjarbaru,Kalimantan Selatan,6372,kode,,0,,,,0,0,False
3719,3402 107 2023 08 018 1,2023-08-18,2023,8,2023-08,3402,Bantul,Daerah Istimewa Yogyakarta,3402,kode,,0,,,,0,0,False
3720,1906 107 2023 08 018 1,2023-08-18,2023,8,2023-08,1906,Belitung Timur,Kepulauan Bangka Belitung,1906,kode,Damar; Manggar,2,Dalam proses penyelidikan,,,0,0,False
3721,5108 107 2023 08 018 1,2023-08-18,2023,8,2023-08,5108,Buleleng,Bali,5108,kode,Sawan,1,,,,0,0,False
3722,6203 107 2023 08 018 1,2023-08-18,2023,8,2023-08,6203,Kapuas,Kalimantan Tengah,6203,kode,,0,,,,0,0,False
3723,3202 107 2023 08 018 1,2023-08-18,2023,8,2023-08,3202,Sukabumi,Jawa Barat,3202,kode,,0,Belum Diketahui,,,0,0,False
3724,7606 107 2023 08 018 1,2023-08-18,2023,8,2023-08,7606,Mamuju Tengah,Sulawesi Barat,7606,kode,Karossa,1,Dipicu oleh udara panas akibat kemarau panjang,,,0,0,False
3725,6403 107 2023 08 018 1,2023-08-18,2023,8,2023-08,6403,Berau,Kalimantan Timur,6403,kode,,0,,,,0,0,False
3726,6106 107 2023 08 018 1,2023-08-18,2023,8,2023-08,6106,Kapuas Hulu,Kalimantan Barat,6106,kode,Badau,1,"Dipicu oleh pembakaran lahan, dan angin cukup kencang menyebabkan api tidak terkendali dan korban terjebak di tengah lahan yang terbakar",1.0,,0,0,False
3727,6402 107 2023 08 018 1,2023-08-18,2023,8,2023-08,6402,Kutai Kartanegara,Kalimantan Timur,6402,kode,,0,,,,0,0,False
3728,1904 107 2023 08 018 1,2023-08-18,2023,8,2023-08,1904,Bangka Tengah,Kepulauan Bangka Belitung,1904,kode,Koba,1,Dalam proses penyelidikan,,,0,0,False
3729,6301 107 2023 08 018 1,2023-08-18,2023,8,2023-08,6301,Tanah Laut,Kalimantan Selatan,6301,kode,"Bati Bati Kab. Tanah Laut Jl. Tanggul (Jembatan 1 & 2); Bati-Bati, Kab. Tanah Laut",2,,,,0,0,False
3730,6407 107 2023 08 018 1,2023-08-18,2023,8,2023-08,6407,Kutai Barat,Kalimantan Timur,6407,kode,,0,,,,0,0,False
3731,3402 107 2023 08 018 1,2023-08-18,2023,8,2023-08,3402,Bantul,Daerah Istimewa Yogyakarta,3402,kode,,0,,,,0,0,False
3732,6305 107 2023 08 018 1,2023-08-18,2023,8,2023-08,6305,Tapin,Kalimantan Selatan,6305,kode,Tapin Tengah Kab. Tapin,1,,,,0,0,False
3733,6301 107 2023 08 017 1,2023-08-17,2023,8,2023-08,6301,Tanah Laut,Kalimantan Selatan,6301,kode,"Bati-Bati, Kab. Tanah Laut",1,,,,0,0,False
3734,6307 107 2023 08 017 1,2023-08-17,2023,8,2023-08,6307,Hulu Sungai Tengah,Kalimantan Selatan,6307,kode,Labuan Amas Utara,1,Dalam proses penyelidikan,,,0,0,False
3735,3374 107 2023 08 017 1,2023-08-17,2023,8,2023-08,3374,Kota Semarang,Jawa Tengah,3374,kode,Semarang barat,1,dalam proses penyelidikan,,,0,0,False
3736,3209 107 2023 08 017 1,2023-08-17,2023,8,2023-08,3209,Cirebon,Jawa Barat,3209,kode,,0,Belum Diketahui,,,0,0,False
3737,6372 107 2023 08 017 1,2023-08-17,2023,8,2023-08,6372,Kota Banjarbaru,Kalimantan Selatan,6372,kode,"Landasan Ulin, Kota Banjar Baru,",1,,,,0,0,False
3738,3314 107 2023 08 017 1,2023-08-17,2023,8,2023-08,3314,Sragen,Jawa Tengah,3314,kode,Sidoharjo,1,Dalam proses penyelidikan,,,0,0,False
3739,6409 107 2023 08 017 1,2023-08-17,2023,8,2023-08,6409,Penajam Paser Utara,Kalimantan Timur,6409,kode,Penajam,1,Dalam proses penyelidikan,,,0,0,False
3740,3672 107 2023 08 017 1,2023-08-17,2023,8,2023-08,3672,Kota Cilegon,Banten,3672,kode,Purwakarta,1,Dalam Proses penyelidikan,,,0,0,False
3741,6111 107 2023 08 017 1,2023-08-17,2023,8,2023-08,6111,Kayong Utara,Kalimantan Barat,6111,kode,Pulau Maya,1,Dalam Proses penyelidikan,,,0,0,False
3742,6305 107 2023 08 017 1,2023-08-17,2023,8,2023-08,6305,Tapin,Kalimantan Selatan,6305,kode,Lokpaikat,1,Dalam proses penyelidikan,,,0,0,False
3743,1906 107 2023 08 017 1,2023-08-17,2023,8,2023-08,1906,Belitung Timur,Kepulauan Bangka Belitung,1906,kode,Gantung,1,Dalam proses penyelidikan,,,0,0,False
3744,6306 107 2023 08 017 1,2023-08-17,2023,8,2023-08,6306,Hulu Sungai Selatan,Kalimantan Selatan,6306,kode,,0,,,,0,0,False
3745,3211 107 2023 08 017 1,2023-08-17,2023,8,2023-08,3211,Sumedang,Jawa Barat,3211,kode,,0,Belum Diketahui,,,0,0,False
3746,6107 107 2023 08 017 1,2023-08-17,2023,8,2023-08,6107,Bengkayang,Kalimantan Barat,6107,kode,,0,,,,0,0,False
3747,6401 107 2023 08 017 1,2023-08-17,2023,8,2023-08,6401,Paser,Kalimantan Timur,6401,kode,,0,,,,0,0,False
3748,6311 107 2023 08 017 1,2023-08-17,2023,8,2023-08,6311,Balangan,Kalimantan Selatan,6311,kode,Paringin Kab. Balangan Desa Halubau; Paringin Selatan Kab. Balangan Desa Simpang Nadong; Tebing Tinggi Kab. Balangan,3,,,,0,0,False
3749,6304 107 2023 08 017 1,2023-08-17,2023,8,2023-08,6304,Barito Kuala,Kalimantan Selatan,6304,kode,,0,,,,0,0,False
3750,6403 107 2023 08 017 1,2023-08-17,2023,8,2023-08,6403,Berau,Kalimantan Timur,6403,kode,,0,,,,0,0,False
3751,6308 107 2023 08 017 1,2023-08-17,2023,8,2023-08,6308,Hulu Sungai Utara,Kalimantan Selatan,6308,kode,,0,,,,0,0,False
3752,6207 107 2023 08 017 1,2023-08-17,2023,8,2023-08,6207,Seruyan,Kalimantan Tengah,6207,kode,,0,,,,0,0,False
3753,6271 107 2023 08 016 1,2023-08-16,2023,8,2023-08,6271,Kota Palangkaraya,Kalimantan Tengah,6271,kode,,0,,,,0,0,False
3754,6303 107 2023 08 016 1,2023-08-16,2023,8,2023-08,6303,Banjar,Kalimantan Selatan,6303,kode,,0,,,,0,0,False
3755,3315 107 2023 08 016 1,2023-08-16,2023,8,2023-08,3315,Grobogan,Jawa Tengah,3315,kode,,0,Pembakaran sampah yang tidak dapat dikendalikan,,,0,0,False
3756,3302 107 2023 08 016 1,2023-08-16,2023,8,2023-08,3302,Banyumas,Jawa Tengah,3302,kode,Kebasen,1,"Informasi awal diterima melalui grup whatsapp, bahwa terjadi kebakaran lahan di area bukit Desa Gambarsari Kecamatan Kebasen. Awal 3 titik, titik tengah bukit padam. Titik atas dan bawah sempat padam namun nyala kembali karena tertiup angin dan semakin merembet",,,0,0,False
3757,3403 107 2023 08 016 1,2023-08-16,2023,8,2023-08,3403,Gunungkidul,Daerah Istimewa Yogyakarta,3403,kode,,0,,,,0,0,False
3758,6305 107 2023 08 016 1,2023-08-16,2023,8,2023-08,6305,Tapin,Kalimantan Selatan,6305,kode,Bungur (dekat jalan Houling),1,,,,0,0,False
3759,6407 107 2023 08 016 1,2023-08-16,2023,8,2023-08,6407,Kutai Barat,Kalimantan Timur,6407,kode,,0,,,,0,0,False
3760,6372 107 2023 08 016 1,2023-08-16,2023,8,2023-08,6372,Kota Banjarbaru,Kalimantan Selatan,6372,kode,"Landasan Ulin, Kota Banjar Baru, Kalimantan Selatan ( Di Ring 1 area bandara Syamsudin Noor)",1,,,,0,0,False
3761,3401 107 2023 08 016 1,2023-08-16,2023,8,2023-08,3401,Kulon Progo,Daerah Istimewa Yogyakarta,3401,kode,,0,,,,0,0,False
3762,6472 107 2023 08 016 1,2023-08-16,2023,8,2023-08,6472,Kota Samarinda,Kalimantan Timur,6472,kode,,0,,,,0,0,False
3763,3403 107 2023 08 016 1,2023-08-16,2023,8,2023-08,3403,Gunungkidul,Daerah Istimewa Yogyakarta,3403,kode,,0,,,,0,0,False
3764,1906 107 2023 08 016 1,2023-08-16,2023,8,2023-08,1906,Belitung Timur,Kepulauan Bangka Belitung,1906,kode,Manggar; Gantung,2,Dalam proses penyelidikan,,,0,0,False
3765,6307 107 2023 08 016 1,2023-08-16,2023,8,2023-08,6307,Hulu Sungai Tengah,Kalimantan Selatan,6307,kode,Labuan Amas Selatan,1,Dalam proses penyelidikan,,,0,0,False
3766,6304 107 2023 08 016 1,2023-08-16,2023,8,2023-08,6304,Barito Kuala,Kalimantan Selatan,6304,kode,,0,,,,0,0,False
3767,3327 107 2023 08 016 1,2023-08-16,2023,8,2023-08,3327,Pemalang,Jawa Tengah,3327,kode,,0,Sumber api berasal dari tanah milik yang menjalar ke kawasan hutan.,,,0,0,False
3768,3516 107 2023 08 016 1,2023-08-16,2023,8,2023-08,3516,Mojokerto,Jawa Timur,3516,kode,Gondang,1,Masih dalam penyelidikan,,,0,0,False
3769,3312 107 2023 08 016 1,2023-08-16,2023,8,2023-08,3312,Wonogiri,Jawa Tengah,3312,kode,,0,Masih dalam penyelidikan,,,0,0,False
3770,3604 107 2023 08 016 1,2023-08-16,2023,8,2023-08,3604,Serang,Banten,3604,kode,Kragilan,1,"salah seorang Karyawan melakukan Pembakaran Untuk membersihkan Alang-alang tanpa adanya pengawasan, sehingga api merambat ke lahan/alang-alang yang mudah terbakar",,,0,0,False
3771,6403 107 2023 08 016 1,2023-08-16,2023,8,2023-08,6403,Berau,Kalimantan Timur,6403,kode,,0,,,,0,0,False
3772,6401 107 2023 08 016 1,2023-08-16,2023,8,2023-08,6401,Paser,Kalimantan Timur,6401,kode,,0,,,,0,0,False
3773,3310 107 2023 08 016 1,2023-08-16,2023,8,2023-08,3310,Klaten,Jawa Tengah,3310,kode,,0,Pembakaran sampah yang tidak terkontrol,,,0,0,False
3774,6311 107 2023 08 016 1,2023-08-16,2023,8,2023-08,6311,Balangan,Kalimantan Selatan,6311,kode,Batumandi Desa Teluk Karya Kecamatan Lampihong Kabupaten Balangan. Desa Langkap Kecamatan Tebing Tinggi Kabupaten Balangan,1,,,,0,0,False
3775,6301 107 2023 08 016 1,2023-08-16,2023,8,2023-08,6301,Tanah Laut,Kalimantan Selatan,6301,kode,"Bati-Bati Jl. Raya Batakan,; Pelaihari.",2,,,,0,0,False
3776,3374 107 2023 08 015 1,2023-08-15,2023,8,2023-08,3374,Kota Semarang,Jawa Tengah,3374,kode,,0,"Diduga ada puntung Rokok jatuh, mengenai rumput kering",,,0,0,False
3777,6372 107 2023 08 015 1,2023-08-15,2023,8,2023-08,6372,Kota Banjarbaru,Kalimantan Selatan,6372,kode,,0,,,,0,0,False
3778,6402 107 2023 08 015 1,2023-08-15,2023,8,2023-08,6402,Kutai Kartanegara,Kalimantan Timur,6402,kode,,0,,,,0,0,False
3779,6211 107 2023 08 015 1,2023-08-15,2023,8,2023-08,6211,Pulang Pisau,Kalimantan Tengah,6211,kode,,0,,,,0,0,False
3780,6306 107 2023 08 015 1,2023-08-15,2023,8,2023-08,6306,Hulu Sungai Selatan,Kalimantan Selatan,6306,kode,Kalumpang Kab. Hulu Sungai Selatan Desa Habirau Tengah; Daha Selatan Kab. Hulu Sungai Selatan.,2,,,,0,0,False
3781,6408 107 2023 08 015 1,2023-08-15,2023,8,2023-08,6408,Kutai Timur,Kalimantan Timur,6408,kode,,0,,,,0,0,False
3782,6407 107 2023 08 015 1,2023-08-15,2023,8,2023-08,6407,Kutai Barat,Kalimantan Timur,6407,kode,,0,,,,0,0,False
3783,6107 107 2023 08 015 1,2023-08-15,2023,8,2023-08,6107,Bengkayang,Kalimantan Barat,6107,kode,,0,,,,0,0,False
3784,3210 107 2023 08 015 1,2023-08-15,2023,8,2023-08,3210,Majalengka,Jawa Barat,3210,kode,,0,"Telah Terjadi BencanaKebakaran Lahan di TPADesa Heuleut , Api didugadiakibatkan OlehPembakaran sampah danAngin Yang Kencangsehingga Api Merambat kelahan Milik Warga.",,,0,0,False
3785,1612 107 2023 08 015 1,2023-08-15,2023,8,2023-08,1612,Penukal Abab Lematang Ilir,Sumatera Selatan,1612,kode,Abab,1,masih dalam penyelidikan,,,0,0,False
3786,6301 107 2023 08 015 1,2023-08-15,2023,8,2023-08,6301,Tanah Laut,Kalimantan Selatan,6301,kode,"Tambang Ulang Kab. Tanah Laut Desa Benua Raya,; Bati-Bati Kab. Tanah Laut",2,,,,0,0,False
3787,1901 107 2023 08 015 1,2023-08-15,2023,8,2023-08,1901,Bangka,Kepulauan Bangka Belitung,1901,kode,Sungai Liat,1,Dalam proses penyelidikan,,,0,0,False
3788,2103 107 2023 08 015 1,2023-08-15,2023,8,2023-08,2103,Natuna,Kepulauan Riau,2103,kode,,0,,,,0,0,False
3789,6305 107 2023 08 015 1,2023-08-15,2023,8,2023-08,6305,Tapin,Kalimantan Selatan,6305,kode,Binuang,1,,,,0,0,False
3790,1906 107 2023 08 014 1,2023-08-14,2023,8,2023-08,1906,Belitung Timur,Kepulauan Bangka Belitung,1906,kode,Damar; Manggar,2,Dalam proses penyelidikan,,,0,0,False
3791,2101 107 2023 08 014 1,2023-08-14,2023,8,2023-08,2101,Bintan,Kepulauan Riau,2101,kode,,0,,,,0,0,False
3792,6306 107 2023 08 014 1,2023-08-14,2023,8,2023-08,6306,Hulu Sungai Selatan,Kalimantan Selatan,6306,kode,"Angkinang Kab. HSS Desa Muning Baru, Kecmatan Daha Selatan Kab. HSS Desa Siang Gantung, Kecamatan Daha Barat Kab. HSS Desa Tambingkar, Kecamatan Kalumpang Kab. HSS",1,,,,0,0,False
3793,6372 107 2023 08 014 1,2023-08-14,2023,8,2023-08,6372,Kota Banjarbaru,Kalimantan Selatan,6372,kode,,0,,,,0,0,False
3794,6303 107 2023 08 014 1,2023-08-14,2023,8,2023-08,6303,Banjar,Kalimantan Selatan,6303,kode,,0,,,,0,0,False
3795,6301 107 2023 08 014 1,2023-08-14,2023,8,2023-08,6301,Tanah Laut,Kalimantan Selatan,6301,kode,Tambang Ulang,1,,,,0,0,False
3796,6407 107 2023 08 014 1,2023-08-14,2023,8,2023-08,6407,Kutai Barat,Kalimantan Timur,6407,kode,,0,,,,0,0,False
3797,3404 107 2023 08 014 1,2023-08-14,2023,8,2023-08,3404,Sleman,Daerah Istimewa Yogyakarta,3404,kode,,0,,,,0,0,False
3798,3208 107 2023 08 014 1,2023-08-14,2023,8,2023-08,3208,Kuningan,Jawa Barat,3208,kode,,0,Belum Diketahui,,,0,0,False
3799,3311 107 2023 08 014 1,2023-08-14,2023,8,2023-08,3311,Sukoharjo,Jawa Tengah,3311,kode,,0,Masih dalam penyelidikan,,,0,0,False
3800,3402 107 2023 08 014 1,2023-08-14,2023,8,2023-08,3402,Bantul,Daerah Istimewa Yogyakarta,3402,kode,,0,,,,0,0,False
3801,3402 107 2023 08 014 1,2023-08-14,2023,8,2023-08,3402,Bantul,Daerah Istimewa Yogyakarta,3402,kode,,0,,,,0,0,False
3802,6311 107 2023 08 014 1,2023-08-14,2023,8,2023-08,6311,Balangan,Kalimantan Selatan,6311,kode,,0,,,,0,0,False
3803,3373 107 2023 08 014 1,2023-08-14,2023,8,2023-08,3373,Kota Salatiga,Jawa Tengah,3373,kode,,0,Pembakaran Sampah,,,0,0,False
3804,3402 107 2023 08 014 1,2023-08-14,2023,8,2023-08,3402,Bantul,Daerah Istimewa Yogyakarta,3402,kode,,0,,,,0,0,False
3805,6203 107 2023 08 014 1,2023-08-14,2023,8,2023-08,6203,Kapuas,Kalimantan Tengah,6203,kode,,0,,,,0,0,False
3806,6401 107 2023 08 014 1,2023-08-14,2023,8,2023-08,6401,Paser,Kalimantan Timur,6401,kode,,0,,,,0,0,False
3807,6108 107 2023 08 014 1,2023-08-14,2023,8,2023-08,6108,Landak,Kalimantan Barat,6108,kode,,0,,,,0,0,False
3808,1403 107 2023 08 014 1,2023-08-14,2023,8,2023-08,1403,Bengkalis,Riau,1403,kode,"Talang Muandau, Desa. Tasik Serai",1,,,,0,0,False
3809,8106 107 2023 08 014 1,2023-08-14,2023,8,2023-08,8106,Seram Bagian Barat,Maluku,8106,kode,Huamual Belakang,1,Musim Kemarau,,,0,0,False
3810,3311 107 2023 08 013 1,2023-08-13,2023,8,2023-08,3311,Sukoharjo,Jawa Tengah,3311,kode,,0,Masih dalam penyelidikan.,,,0,0,False
3811,6304 107 2023 08 013 1,2023-08-13,2023,8,2023-08,6304,Barito Kuala,Kalimantan Selatan,6304,kode,,0,,,,0,0,False
3812,3310 107 2023 08 013 1,2023-08-13,2023,8,2023-08,3310,Klaten,Jawa Tengah,3310,kode,,0,Diduga sengaja dibakar.,,,0,0,False
3813,3402 107 2023 08 013 1,2023-08-13,2023,8,2023-08,3402,Bantul,Daerah Istimewa Yogyakarta,3402,kode,,0,,,,0,0,False
3814,6306 107 2023 08 013 1,2023-08-13,2023,8,2023-08,6306,Hulu Sungai Selatan,Kalimantan Selatan,6306,kode,,0,,,,0,0,False
3815,3312 107 2023 08 013 1,2023-08-13,2023,8,2023-08,3312,Wonogiri,Jawa Tengah,3312,kode,,0,Masih dalam penyelidikan.,,,0,0,False
3816,6401 107 2023 08 013 1,2023-08-13,2023,8,2023-08,6401,Paser,Kalimantan Timur,6401,kode,,0,,,,0,0,False
3817,6403 107 2023 08 013 1,2023-08-13,2023,8,2023-08,6403,Berau,Kalimantan Timur,6403,kode,,0,,,,0,0,False
3818,3471 107 2023 08 013 1,2023-08-13,2023,8,2023-08,3471,Kota Yogyakarta,Daerah Istimewa Yogyakarta,3471,kode,,0,,,,0,0,False
3819,8101 107 2023 08 013 1,2023-08-13,2023,8,2023-08,8101,Maluku Tengah,Maluku,8101,kode,Seram Utara,1,Musim Kemarau,,,0,0,False
3820,6301 107 2023 08 013 1,2023-08-13,2023,8,2023-08,6301,Tanah Laut,Kalimantan Selatan,6301,kode,"Bati-bati, kab. Tanah Laut Jl. Transal Rt 07, Desa Tambang Ulang,; Tambang Ulang, Kab. Tanah Laut. Desa Tambang ulang; Tambang ulang Kab. Tanah Laut",3,,,,0,0,False
3821,1402 107 2023 08 013 1,2023-08-13,2023,8,2023-08,1402,Indragiri Hulu,Riau,1402,kode,"Batang Cenaku, Desa. Alim",1,,,,0,0,False
3822,3314 107 2023 08 013 1,2023-08-13,2023,8,2023-08,3314,Sragen,Jawa Tengah,3314,kode,Karang Malang,1,belum di ketahui,,,0,0,False
3823,2102 107 2023 08 013 1,2023-08-13,2023,8,2023-08,2102,Karimun,Kepulauan Riau,2102,kode,Meral Barat,1,belum diketahhui,,,0,0,False
3824,3308 107 2023 08 013 1,2023-08-13,2023,8,2023-08,3308,Magelang,Jawa Tengah,3308,kode,Salaman,1,belum diketahui,,,0,0,False
3825,6307 107 2023 08 013 1,2023-08-13,2023,8,2023-08,6307,Hulu Sungai Tengah,Kalimantan Selatan,6307,kode,,0,,,,0,0,False
3826,6372 107 2023 08 013 1,2023-08-13,2023,8,2023-08,6372,Kota Banjarbaru,Kalimantan Selatan,6372,kode,Landasan Ulin.,1,,,,0,0,False
3827,6202 107 2023 08 013 1,2023-08-13,2023,8,2023-08,6202,Kotawaringin Timur,Kalimantan Tengah,6202,kode,,0,,,,0,0,False
3828,6407 107 2023 08 013 1,2023-08-13,2023,8,2023-08,6407,Kutai Barat,Kalimantan Timur,6407,kode,,0,,,,0,0,False
3829,2101 107 2023 08 013 1,2023-08-13,2023,8,2023-08,2101,Bintan,Kepulauan Riau,2101,kode,,0,,,,0,0,False
3830,6401 107 2023 08 012 1,2023-08-12,2023,8,2023-08,6401,Paser,Kalimantan Timur,6401,kode,,0,,,,0,0,False
3831,9211 107 2023 08 012 1,2023-08-12,2023,8,2023-08,9211,Manokwari Selatan,Papua Barat,9211,kode,,0,Masih dalam proses Penyelidikan,,,0,0,False
3832,3310 107 2023 08 012 1,2023-08-12,2023,8,2023-08,3310,Klaten,Jawa Tengah,3310,kode,,0,Masih dalam penyelidikan,,,0,0,False
3833,6301 107 2023 08 012 1,2023-08-12,2023,8,2023-08,6301,Tanah Laut,Kalimantan Selatan,6301,kode,"Bati-Bati, Kab. Tanah Laut. Jl. Pedayung Rt 16, Desa Takisung,; Takisung, Kab. Tanah Laut. Desa Padang Luas Rt 02,; Kurau, Kab. Tanah Laut. Desa Benua raya jln kerokan H. Iril,; Bati-bati, kab. Tanah Laut",4,,,,0,0,False
3834,1405 107 2023 08 012 1,2023-08-12,2023,8,2023-08,1405,Pelalawan,Riau,1405,kode,"Ukui, Desa. Lubuk Kembang Bunga",1,,,,0,0,False
3835,6407 107 2023 08 012 1,2023-08-12,2023,8,2023-08,6407,Kutai Barat,Kalimantan Timur,6407,kode,,0,,,,0,0,False
3836,1502 107 2023 08 012 1,2023-08-12,2023,8,2023-08,1502,Merangin,Jambi,1502,kode,Bangko Barat Desa Pulau Rengas,1,,,,0,0,False
3837,3402 107 2023 08 012 1,2023-08-12,2023,8,2023-08,3402,Bantul,Daerah Istimewa Yogyakarta,3402,kode,,0,,,,0,0,False
3838,1223 107 2023 08 012 1,2023-08-12,2023,8,2023-08,1223,Labuhanbatu Utara,Sumatera Utara,1223,kode,,0,,,,0,0,False
3839,6307 107 2023 08 012 1,2023-08-12,2023,8,2023-08,6307,Hulu Sungai Tengah,Kalimantan Selatan,6307,kode,,0,,,,0,0,False
3840,6211 107 2023 08 012 1,2023-08-12,2023,8,2023-08,6211,Pulang Pisau,Kalimantan Tengah,6211,kode,,0,,,,0,0,False
3841,2101 107 2023 08 012 1,2023-08-12,2023,8,2023-08,2101,Bintan,Kepulauan Riau,2101,kode,,0,,,,0,0,False
3842,6311 107 2023 08 012 1,2023-08-12,2023,8,2023-08,6311,Balangan,Kalimantan Selatan,6311,kode,Lampihong,1,,,,0,0,False
3843,6472 107 2023 08 012 1,2023-08-12,2023,8,2023-08,6472,Kota Samarinda,Kalimantan Timur,6472,kode,,0,,,,0,0,False
3844,6372 107 2023 08 012 1,2023-08-12,2023,8,2023-08,6372,Kota Banjarbaru,Kalimantan Selatan,6372,kode,,0,,,,0,0,False
3845,6403 107 2023 08 012 1,2023-08-12,2023,8,2023-08,6403,Berau,Kalimantan Timur,6403,kode,,0,,,,0,0,False
3846,6474 107 2023 08 011 1,2023-08-11,2023,8,2023-08,6474,Kota Bontang,Kalimantan Timur,6474,kode,,0,,,,0,0,False
3847,6104 107 2023 08 011 1,2023-08-11,2023,8,2023-08,6104,Ketapang,Kalimantan Barat,6104,kode,,0,,,,0,0,False
3848,1902 107 2023 08 011 1,2023-08-11,2023,8,2023-08,1902,Belitung,Kepulauan Bangka Belitung,1902,kode,,0,dalam penyelidikan,,,0,0,False
3849,1401 107 2023 08 011 1,2023-08-11,2023,8,2023-08,1401,Kampar,Riau,1401,kode,"XIII Koto Kampar, Desa. Batu Bersurat; Kampar, Desa. Batu Belah",2,,,,0,0,False
3850,1410 107 2023 08 011 1,2023-08-11,2023,8,2023-08,1410,Kepulauan Meranti,Riau,1410,kode,"Rangsang, Desa. Tanjung Gemuk",1,,,,0,0,False
3851,6403 107 2023 08 011 1,2023-08-11,2023,8,2023-08,6403,Berau,Kalimantan Timur,6403,kode,,0,,,,0,0,False
3852,6306 107 2023 08 011 1,2023-08-11,2023,8,2023-08,6306,Hulu Sungai Selatan,Kalimantan Selatan,6306,kode,Kalumpang Kab. Hulu Sungai Selatan Jl. Angkakai Desa Pantai Ulin; Simpur Kab. Hulu Sungai Selatan,2,,,,0,0,False
3853,6103 107 2023 08 011 1,2023-08-11,2023,8,2023-08,6103,Sanggau,Kalimantan Barat,6103,kode,,0,,,,0,0,False
3854,3402 107 2023 08 011 1,2023-08-11,2023,8,2023-08,3402,Bantul,Daerah Istimewa Yogyakarta,3402,kode,,0,,,,0,0,False
3855,3311 107 2023 08 011 1,2023-08-11,2023,8,2023-08,3311,Sukoharjo,Jawa Tengah,3311,kode,,0,Masih dalam penyelidikan,,,0,0,False
3856,3401 107 2023 08 011 1,2023-08-11,2023,8,2023-08,3401,Kulon Progo,Daerah Istimewa Yogyakarta,3401,kode,,0,,,,0,0,False
3857,3404 107 2023 08 011 1,2023-08-11,2023,8,2023-08,3404,Sleman,Daerah Istimewa Yogyakarta,3404,kode,,0,,,,0,0,False
3858,3314 107 2023 08 011 1,2023-08-11,2023,8,2023-08,3314,Sragen,Jawa Tengah,3314,kode,Karang Malang,1,Puntung rokok,,,0,0,False
3859,6203 107 2023 08 011 1,2023-08-11,2023,8,2023-08,6203,Kapuas,Kalimantan Tengah,6203,kode,,0,,,,0,0,False
3860,6372 107 2023 08 011 1,2023-08-11,2023,8,2023-08,6372,Kota Banjarbaru,Kalimantan Selatan,6372,kode,"Landasan Ulin, Kota Banjar Baru, Kalimantan Selatan",1,,,,0,0,False
3861,6301 107 2023 08 011 1,2023-08-11,2023,8,2023-08,6301,Tanah Laut,Kalimantan Selatan,6301,kode,,0,,,,0,0,False
3862,3402 107 2023 08 011 1,2023-08-11,2023,8,2023-08,3402,Bantul,Daerah Istimewa Yogyakarta,3402,kode,,0,,,,0,0,False
3863,6201 107 2023 08 011 1,2023-08-11,2023,8,2023-08,6201,Kotawaringin Barat,Kalimantan Tengah,6201,kode,,0,,,,0,0,False
3864,6402 107 2023 08 011 1,2023-08-11,2023,8,2023-08,6402,Kutai Kartanegara,Kalimantan Timur,6402,kode,,0,,,,0,0,False
3865,3402 107 2023 08 011 1,2023-08-11,2023,8,2023-08,3402,Bantul,Daerah Istimewa Yogyakarta,3402,kode,,0,,,,0,0,False
3866,1402 107 2023 08 011 1,2023-08-11,2023,8,2023-08,1402,Indragiri Hulu,Riau,1402,kode,"Batang Cenaku, Desa. Alim; Batang Cenaku, Desa. Sanglap; Batang Gangsal, Desa. Penyaguan",3,,,,0,0,False
3867,6203 107 2023 08 010 1,2023-08-10,2023,8,2023-08,6203,Kapuas,Kalimantan Tengah,6203,kode,,0,,,,0,0,False
3868,6303 107 2023 08 010 1,2023-08-10,2023,8,2023-08,6303,Banjar,Kalimantan Selatan,6303,kode,,0,,,,0,0,False
3869,6372 107 2023 08 010 1,2023-08-10,2023,8,2023-08,6372,Kota Banjarbaru,Kalimantan Selatan,6372,kode,landasan ulin; Banjarbaru selatan,2,Belum diketahui pasti penyebab kebakaran tersebut dan masih dalam penyelidikan pihak Perhutani setempat,,,0,0,False
3870,6571 107 2023 08 010 1,2023-08-10,2023,8,2023-08,6571,Kota Tarakan,Kalimantan Utara,6571,kode,,0,Cuaca ekstrem yang sangat panasdan adanya aktivitas warga yang membersihkan lahan dengan cara membakar menyebabkan lahan sekitarnya ikut terbakar.,,,0,0,False
3871,1902 107 2023 08 010 1,2023-08-10,2023,8,2023-08,1902,Belitung,Kepulauan Bangka Belitung,1902,kode,tanjung pandan,1,Pemilik lahan pembakaran sampah,,,0,0,False
3872,6403 107 2023 08 010 1,2023-08-10,2023,8,2023-08,6403,Berau,Kalimantan Timur,6403,kode,,0,,,,0,0,False
3873,1504 107 2023 08 010 1,2023-08-10,2023,8,2023-08,1504,Batanghari,Jambi,1504,kode,Pemayung; Muara Bulian Desa Bajubang Laut,2,,,,0,0,False
3874,3402 107 2023 08 010 1,2023-08-10,2023,8,2023-08,3402,Bantul,Daerah Istimewa Yogyakarta,3402,kode,,0,,,,0,0,False
3875,1401 107 2023 08 010 1,2023-08-10,2023,8,2023-08,1401,Kampar,Riau,1401,kode,"Salo, Desa. Salo; Tambang, Desa. Rimbo Panjang",2,,,,0,0,False
3876,6301 107 2023 08 010 1,2023-08-10,2023,8,2023-08,6301,Tanah Laut,Kalimantan Selatan,6301,kode,,0,,,,0,0,False
3877,6305 107 2023 08 010 1,2023-08-10,2023,8,2023-08,6305,Tapin,Kalimantan Selatan,6305,kode,Binuang,1,Masih Dalam Penyelidikan,,,0,0,False
3878,1602 107 2023 08 010 1,2023-08-10,2023,8,2023-08,1602,Ogan Komering Ilir,Sumatera Selatan,1602,kode,Jejawi,1,Belum diketahui pasti penyebab kebakaran tersebut dan masih dalam penyelidikan pihak Perhutani setempat,,,0,0,False
3879,6306 107 2023 08 010 1,2023-08-10,2023,8,2023-08,6306,Hulu Sungai Selatan,Kalimantan Selatan,6306,kode,Daha Selatan Kab. HSS Bajayau; Daha Barat Kab. HSS Desa Sungai Raya; Sungai Raya Kab. HSS,3,,,,0,0,False
3880,2103 107 2023 08 010 1,2023-08-10,2023,8,2023-08,2103,Natuna,Kepulauan Riau,2103,kode,,0,,,,0,0,False
3881,2101 107 2023 08 010 1,2023-08-10,2023,8,2023-08,2101,Bintan,Kepulauan Riau,2101,kode,,0,,,,0,0,False
3882,1506 107 2023 08 010 1,2023-08-10,2023,8,2023-08,1506,Tanjung Jabung Barat,Jambi,1506,kode,Betara Desa Lubuk Terentang,1,Masih dalam proses Penyelidikan,,,0,0,False
3883,3319 107 2023 08 09 1,2023-08-09,2023,8,2023-08,3319,Kudus,Jawa Tengah,3319,kode,,0,Sedang dalam penyelidikan (dugaan sementara diakibatkan puntung rokok),,,0,0,False
3884,6306 107 2023 08 09 1,2023-08-09,2023,8,2023-08,6306,Hulu Sungai Selatan,Kalimantan Selatan,6306,kode,,0,,,,0,0,False
3885,1472 107 2023 08 09 1,2023-08-09,2023,8,2023-08,1472,Kota Dumai,Riau,1472,kode,,0,,,,0,0,False
3886,3325 107 2023 08 09 1,2023-08-09,2023,8,2023-08,3325,Batang,Jawa Tengah,3325,kode,,0,Sedang dalam penyelidikan (dugaan sementara diakibatkan puntung rokok),,,0,0,False
3887,1607 107 2023 08 09 1,2023-08-09,2023,8,2023-08,1607,Banyuasin,Sumatera Selatan,1607,kode,Rambutan,1,penyebab Kebakaran Belum diketahui,,,0,0,False
3888,1410 107 2023 08 09 1,2023-08-09,2023,8,2023-08,1410,Kepulauan Meranti,Riau,1410,kode,"Tebing Tinggi Timur, Desa. Tanjung Sari",1,,,,0,0,False
3889,1401 107 2023 08 09 1,2023-08-09,2023,8,2023-08,1401,Kampar,Riau,1401,kode,"Kuok, Desa. Bukit Melintang; Kuok, Desa. Pulau Jambu",2,,,,0,0,False
3890,6403 107 2023 08 09 1,2023-08-09,2023,8,2023-08,6403,Berau,Kalimantan Timur,6403,kode,,0,,,,0,0,False
3891,6372 107 2023 08 09 1,2023-08-09,2023,8,2023-08,6372,Kota Banjarbaru,Kalimantan Selatan,6372,kode,"Landasan Ulin, Kota Banjar Baru, Kalimantan Selatan",1,,,,0,0,False
3892,1405 107 2023 08 09 1,2023-08-09,2023,8,2023-08,1405,Pelalawan,Riau,1405,kode,"Pelalawan, Desa. Sering",1,,,,0,0,False
3893,6303 107 2023 08 09 1,2023-08-09,2023,8,2023-08,6303,Banjar,Kalimantan Selatan,6303,kode,Martapura Barat,1,,,,0,0,False
3894,3208 107 2023 08 09 1,2023-08-09,2023,8,2023-08,3208,Kuningan,Jawa Barat,3208,kode,Pasawahan,1,Belum diketahui pasti penyebab kebakaran tersebut dan masih dalam penyelidikan pihak Perhutani setempat,,,0,0,False
3895,5108 107 2023 08 09 1,2023-08-09,2023,8,2023-08,5108,Buleleng,Bali,5108,kode,Kubutambahan,1,,,,0,0,False
3896,6204 107 2023 08 09 1,2023-08-09,2023,8,2023-08,6204,Barito Selatan,Kalimantan Tengah,6204,kode,,0,,,,0,0,False
3897,1906 107 2023 08 09 1,2023-08-09,2023,8,2023-08,1906,Belitung Timur,Kepulauan Bangka Belitung,1906,kode,Damar,1,dalam penyelidikan,,,0,0,False
3898,6403 107 2023 08 08 1,2023-08-08,2023,8,2023-08,6403,Berau,Kalimantan Timur,6403,kode,,0,,,,0,0,False
3899,6301 107 2023 08 08 1,2023-08-08,2023,8,2023-08,6301,Tanah Laut,Kalimantan Selatan,6301,kode,"Bati-Bati; Takisung  Ds Takisung  Tambak Sarinah, tanah Laut Tambak Sarinah, Tanah Laut Desa Pandahan Rt. 1; Bati-Bati Kab. Tanah Laut. Desa Takisung Rt 3; Takisung Kab. Tanah Laut.",4,Masih Dalam Penyelidikan,,,0,0,False
3900,1410 107 2023 08 08 1,2023-08-08,2023,8,2023-08,1410,Kepulauan Meranti,Riau,1410,kode,"Rangsang Pesisir, Desa. Kedabu Rapat",1,,,,0,0,False
3901,3402 107 2023 08 08 1,2023-08-08,2023,8,2023-08,3402,Bantul,Daerah Istimewa Yogyakarta,3402,kode,,0,,,,0,0,False
3902,1403 107 2023 08 08 1,2023-08-08,2023,8,2023-08,1403,Bengkalis,Riau,1403,kode,"Pinggir, Desa. Pangkalan Libut",1,,,,0,0,False
3903,3314 107 2023 08 08 1,2023-08-08,2023,8,2023-08,3314,Sragen,Jawa Tengah,3314,kode,Miri,1,Belum diketahui,,,0,0,False
3904,3328 107 2023 08 08 1,2023-08-08,2023,8,2023-08,3328,Tegal,Jawa Tengah,3328,kode,,0,Sedang dalam penyelidikan (dugaan sementara sengaja dibakar untuk mengurangi volume sampah),,,0,0,False
3905,2101 107 2023 08 08 1,2023-08-08,2023,8,2023-08,2101,Bintan,Kepulauan Riau,2101,kode,,0,,,,0,0,False
3906,6305 107 2023 08 08 1,2023-08-08,2023,8,2023-08,6305,Tapin,Kalimantan Selatan,6305,kode,Binuang,1,Masih dalam proses Penyelidikan,,,0,0,False
3907,6407 107 2023 08 08 1,2023-08-08,2023,8,2023-08,6407,Kutai Barat,Kalimantan Timur,6407,kode,,0,,,,0,0,False
3908,1401 107 2023 08 08 1,2023-08-08,2023,8,2023-08,1401,Kampar,Riau,1401,kode,"Tapung, Desa. Karya Indah; Siak Hulu, Desa. Kubang Raya; Kampar, Desa. Padang Mutung; Salo, Desa. Salo; Tambang, Desa. Kualu",5,,,,0,0,False
3909,6372 107 2023 08 08 1,2023-08-08,2023,8,2023-08,6372,Kota Banjarbaru,Kalimantan Selatan,6372,kode,,0,,,,0,0,False
3910,6304 107 2023 08 08 1,2023-08-08,2023,8,2023-08,6304,Barito Kuala,Kalimantan Selatan,6304,kode,,0,,,,0,0,False
3911,6207 107 2023 08 08 1,2023-08-08,2023,8,2023-08,6207,Seruyan,Kalimantan Tengah,6207,kode,,0,,,,0,0,False
3912,6306 107 2023 08 08 1,2023-08-08,2023,8,2023-08,6306,Hulu Sungai Selatan,Kalimantan Selatan,6306,kode,"Daha Utara; Daha Barat; Kalumpang; Simpur; Padang Batung Desa Teluk Labak; Daha Utara Kab. HSS Bajayau; Daha Barat Kab. HSS desa Kalumpang; Kalumpang Kab. HSS dusun Bayur desa Pantai Ulin; Simpur Kab. HSS Bilui, Karang Jawa Muka; Padang Kab. HSS Desa Bajayau,Kecamatan Daha Selatan Kab. Hulu Sungai Selatan",10,Masih Dalam Penyelidikan,,,0,0,False
3913,1402 107 2023 08 08 1,2023-08-08,2023,8,2023-08,1402,Indragiri Hulu,Riau,1402,kode,"Rakit Kulim, Desa. Talang Suka Maju; Rakit Kulim, Desa. Kuantan Tengah; Rengat, Desa. Kuantan Babu; Pasir Penyu, Desa. Sumber Sari; Rengat Barat, Desa. Sungai Dawu",5,,,,0,0,False
3914,1408 107 2023 08 08 1,2023-08-08,2023,8,2023-08,1408,Siak,Riau,1408,kode,"Koto Gasib, Desa. Kp. Rantau Panjang; Pusako, Desa. Kp. Sungai Linau; Tualang, Desa. Kp. Tualang; Minas, Desa. Kp. Minas Barat",4,,,,0,0,False
3915,6301 107 2023 08 07 1,2023-08-07,2023,8,2023-08,6301,Tanah Laut,Kalimantan Selatan,6301,kode,Bati-Bati Kab. Tanah Laut. Desa Muara Kintap Rt 13; Kintap Kab. Tanah Laut. Jl. Trans Plasma Desa Sungai Pinang; Tambang Ulang Kab. Tanah Laut. Jl. Simpang Keramat Datu Bakung Rt 08 Dusun 4 Desa Takisung; Takisung Kab. Tanah Laut.,4,,,,0,0,False
3916,1406 107 2023 08 07 1,2023-08-07,2023,8,2023-08,1406,Rokan Hulu,Riau,1406,kode,"Bonai Darussalam, Desa. Pauh",1,,,,0,0,False
3917,6306 107 2023 08 07 1,2023-08-07,2023,8,2023-08,6306,Hulu Sungai Selatan,Kalimantan Selatan,6306,kode,,0,,,,0,0,False
3918,6403 107 2023 08 07 1,2023-08-07,2023,8,2023-08,6403,Berau,Kalimantan Timur,6403,kode,,0,,,,0,0,False
3919,1471 107 2023 08 07 1,2023-08-07,2023,8,2023-08,1471,Kota Pekanbaru,Riau,1471,kode,Rumbai Timur; Marpoyan Damai; Tuah Madani; Payung Sekaki; Payung Sekaki; Rumbai Timur,6,,,,0,0,False
3920,1404 107 2023 08 07 1,2023-08-07,2023,8,2023-08,1404,Indragiri Hilir,Riau,1404,kode,"Keritang, Desa. Kayu Raja; Gaung Anak Serka, Desa. Rambaian; Reteh, Desa. Pulau Kecil",3,,,,0,0,False
3921,6407 107 2023 08 07 1,2023-08-07,2023,8,2023-08,6407,Kutai Barat,Kalimantan Timur,6407,kode,,0,,,,0,0,False
3922,1401 107 2023 08 07 1,2023-08-07,2023,8,2023-08,1401,Kampar,Riau,1401,kode,"Kampar, Desa. Tanjung Rambutan; XIII Koto Kampar, Desa. Muara Takus; Kampar, Desa. Tanjung Rambutan; Salo, Desa. Salo; Kampa, Desa. Delima Makmur; Tambang, Desa. Kualu",6,,,,0,0,False
3923,6303 107 2023 08 07 1,2023-08-07,2023,8,2023-08,6303,Banjar,Kalimantan Selatan,6303,kode,"Beruntung Baru, Kab. Banjar",1,,,,0,0,False
3924,3208 107 2023 08 07 1,2023-08-07,2023,8,2023-08,3208,Kuningan,Jawa Barat,3208,kode,,0,Hari Senin tanggal 07Agustus 2023 pukul 11.00WIB kepulan asap cukuptebal mulai terlihat diperbatasan antara hutanmasyarakat dan hutan PerumPerhutani di Blok PinangDusun Bojong RT 02 RW 02desa Kadatuan kecamatanGarawangi.,,,0,0,False
3925,3314 107 2023 08 07 1,2023-08-07,2023,8,2023-08,3314,Sragen,Jawa Tengah,3314,kode,Kalijambe,1,Masih dalam penyelidikan,,,0,0,False
3926,1407 107 2023 08 07 1,2023-08-07,2023,8,2023-08,1407,Rokan Hilir,Riau,1407,kode,,0,,,,0,0,False
3927,6372 107 2023 08 07 1,2023-08-07,2023,8,2023-08,6372,Kota Banjarbaru,Kalimantan Selatan,6372,kode,,0,,,,0,0,False
3928,6203 107 2023 08 07 1,2023-08-07,2023,8,2023-08,6203,Kapuas,Kalimantan Tengah,6203,kode,,0,,,,0,0,False
3929,1210 107 2023 08 07 1,2023-08-07,2023,8,2023-08,1210,Labuhanbatu,Sumatera Utara,1210,kode,,0,,,,0,0,False
3930,5304 107 2023 08 06 1,2023-08-06,2023,8,2023-08,5304,Belu,Nusa Tenggara Timur,5304,kode,Tasifeto Barat,1,"Kepala Pelaksana BPBD Kab. Belu kembali melaporkan peristiwa kebakaran hutan dan lahan (karhutla) yang terjadi dilokasi yang sama yakni Desa Naekasa, wilayah Tasifeto Barat pada Minggu, (6/8/2023) sekitar pukul 12.15 Wita. Dugaan sementara yang dilaporkan bahwa api berasal dari percikan api rokok warga yang melintasi hutan lindung tersebut.",,,0,0,False
3931,6403 107 2023 08 06 1,2023-08-06,2023,8,2023-08,6403,Berau,Kalimantan Timur,6403,kode,,0,,,,0,0,False
3932,6407 107 2023 08 06 1,2023-08-06,2023,8,2023-08,6407,Kutai Barat,Kalimantan Timur,6407,kode,,0,,,,0,0,False
3933,6471 107 2023 08 06 1,2023-08-06,2023,8,2023-08,6471,Kota Balikpapan,Kalimantan Timur,6471,kode,,0,,,,0,0,False
3934,6501 107 2023 08 06 1,2023-08-06,2023,8,2023-08,6501,Bulungan,Kalimantan Utara,6501,kode,,0,"Lahan sengaja di bakar untuk Membuka lahan perkebunan 2°39'36""N 117°46'23.0""E",,,0,0,False
3935,6402 107 2023 08 06 1,2023-08-06,2023,8,2023-08,6402,Kutai Kartanegara,Kalimantan Timur,6402,kode,,0,,,,0,0,False
3936,3310 107 2023 08 06 1,2023-08-06,2023,8,2023-08,3310,Klaten,Jawa Tengah,3310,kode,Klaten Tengah; Pedan; Karangdowo; Ceper; Delanggu,5,Masih dalam penyelidikan,,,0,0,False
3937,6571 107 2023 08 06 1,2023-08-06,2023,8,2023-08,6571,Kota Tarakan,Kalimantan Utara,6571,kode,,0,Cuaca ekstrem yang sangat panas menyebabkan batu bara terbakar dan membakar lahan sekitarnya.,,,0,0,False
3938,1472 107 2023 08 06 1,2023-08-06,2023,8,2023-08,1472,Kota Dumai,Riau,1472,kode,,0,,,,0,0,False
3939,1106 107 2023 08 06 1,2023-08-06,2023,8,2023-08,1106,Aceh Besar,Aceh,1106,kode,Darul Imarah; Seulimun Gampong Rabo,2,Masih dalam penyelidikan,,,0,0,False
3940,6203 107 2023 08 06 1,2023-08-06,2023,8,2023-08,6203,Kapuas,Kalimantan Tengah,6203,kode,,0,,,,0,0,False
3941,1210 107 2023 08 05 1,2023-08-05,2023,8,2023-08,1210,Labuhanbatu,Sumatera Utara,1210,kode,Bilah Hilir,1,Masih dalam penyelidikan,,,0,0,False
3942,1506 107 2023 08 05 1,2023-08-05,2023,8,2023-08,1506,Tanjung Jabung Barat,Jambi,1506,kode,Pinang Merah,1,Masih dalam penyelidikan,,,0,0,False
3943,1221 107 2023 08 05 1,2023-08-05,2023,8,2023-08,1221,Padang Lawas,Sumatera Utara,1221,kode,Huristak,1,Masih dalam penyelidikan,,,0,0,False
3944,3402 107 2023 08 05 1,2023-08-05,2023,8,2023-08,3402,Bantul,Daerah Istimewa Yogyakarta,3402,kode,,0,,,,0,0,False
3945,1407 107 2023 08 05 1,2023-08-05,2023,8,2023-08,1407,Rokan Hilir,Riau,1407,kode,,0,,,,0,0,False
3946,3301 107 2023 08 05 1,2023-08-05,2023,8,2023-08,3301,Cilacap,Jawa Tengah,3301,kode,Karangpucung,1,"Pada hari Sabtu, 5 Agustus 2023 sekitar jam 11.30 WIB seorang warga membakar lahan milik sendiri yang berbatasan dengan lahan Perhutani, dimana api tidak dapat dikendalikan sehingga merembet ke lahan Perhutani yang sudah ditebang. Sehingga terjadi kebakaran lahan Perhutani petak 67 J di Desa Tayem Timur, Kecamatan Karangpucung.",,,0,0,False
3947,6501 107 2023 08 05 1,2023-08-05,2023,8,2023-08,6501,Bulungan,Kalimantan Utara,6501,kode,,0,Lahan sengaja di bakar untuk Membuka lahan perkebunan,,,0,0,False
3948,3402 107 2023 08 05 1,2023-08-05,2023,8,2023-08,3402,Bantul,Daerah Istimewa Yogyakarta,3402,kode,,0,,,,0,0,False
3949,1101 107 2023 08 05 1,2023-08-05,2023,8,2023-08,1101,Aceh Selatan,Aceh,1101,kode,Bakongan  Gampong Ujong Padang,1,Masih dalam penyelidikan,,,0,0,False
3950,6207 107 2023 08 05 1,2023-08-05,2023,8,2023-08,6207,Seruyan,Kalimantan Tengah,6207,kode,,0,,,,0,0,False
3951,6472 107 2023 08 05 1,2023-08-05,2023,8,2023-08,6472,Kota Samarinda,Kalimantan Timur,6472,kode,,0,,,,0,0,False
3952,1401 107 2023 08 05 1,2023-08-05,2023,8,2023-08,1401,Kampar,Riau,1401,kode,"Salo, Desa. Salo; Tapung, Desa. Bencah Kelubi; Tapung, Desa. Bencah Kelubi; Kampar, Desa. Tanjung Berulak",4,,,,0,0,False
3953,6303 107 2023 08 05 1,2023-08-05,2023,8,2023-08,6303,Banjar,Kalimantan Selatan,6303,kode,,0,,,,0,0,False
3954,3402 107 2023 08 05 1,2023-08-05,2023,8,2023-08,3402,Bantul,Daerah Istimewa Yogyakarta,3402,kode,,0,,,,0,0,False
3955,3402 107 2023 08 05 1,2023-08-05,2023,8,2023-08,3402,Bantul,Daerah Istimewa Yogyakarta,3402,kode,,0,,,,0,0,False
3956,6402 107 2023 08 05 1,2023-08-05,2023,8,2023-08,6402,Kutai Kartanegara,Kalimantan Timur,6402,kode,,0,,,,0,0,False
3957,1471 107 2023 08 05 1,2023-08-05,2023,8,2023-08,1471,Kota Pekanbaru,Riau,1471,kode,Payung Sekaki; Marpoyan Damai; Tenayan Raya; Bukit Raya,4,,,,0,0,False
3958,6301 107 2023 08 05 1,2023-08-05,2023,8,2023-08,6301,Tanah Laut,Kalimantan Selatan,6301,kode,Tambang Ulang,1,,,,0,0,False
3959,6372 107 2023 08 05 1,2023-08-05,2023,8,2023-08,6372,Kota Banjarbaru,Kalimantan Selatan,6372,kode,Landasan Ulin,1,,,,0,0,False
3960,1504 107 2023 08 05 1,2023-08-05,2023,8,2023-08,1504,Batanghari,Jambi,1504,kode,Bathin XXIV Desa Hajaran,1,,,,0,0,False
3961,6403 107 2023 08 05 1,2023-08-05,2023,8,2023-08,6403,Berau,Kalimantan Timur,6403,kode,,0,,,,0,0,False
3962,6474 107 2023 08 05 1,2023-08-05,2023,8,2023-08,6474,Kota Bontang,Kalimantan Timur,6474,kode,,0,,,,0,0,False
3963,1217 107 2023 08 05 1,2023-08-05,2023,8,2023-08,1217,Samosir,Sumatera Utara,1217,kode,,0,,,,0,0,False
3964,1106 107 2023 08 05 1,2023-08-05,2023,8,2023-08,1106,Aceh Besar,Aceh,1106,kode,Baitussalam; Seulimum; Kuto Baro  Gampong Cucum,3,Masih dalam penyelidikan,,,0,0,False
3965,6472 107 2023 08 04 1,2023-08-04,2023,8,2023-08,6472,Kota Samarinda,Kalimantan Timur,6472,kode,,0,,,,0,0,False
3966,6311 107 2023 08 04 1,2023-08-04,2023,8,2023-08,6311,Balangan,Kalimantan Selatan,6311,kode,Batumandi,1,Masih dalam penyelidikan,,,0,0,False
3967,1407 107 2023 08 04 1,2023-08-04,2023,8,2023-08,1407,Rokan Hilir,Riau,1407,kode,,0,,,,0,0,False
3968,6403 107 2023 08 04 1,2023-08-04,2023,8,2023-08,6403,Berau,Kalimantan Timur,6403,kode,,0,,,,0,0,False
3969,1209 107 2023 08 04 1,2023-08-04,2023,8,2023-08,1209,Asahan,Sumatera Utara,1209,kode,,0,,,,0,0,False
3970,1106 107 2023 08 04 1,2023-08-04,2023,8,2023-08,1106,Aceh Besar,Aceh,1106,kode,Seulimum; Kuta Cot Gile; Ingin Jaya Gampong Bada Gampong Teubang Phui; Kuta Baro,4,Masih dalam penyelidikan,,,0,0,False
3971,6401 107 2023 08 04 1,2023-08-04,2023,8,2023-08,6401,Paser,Kalimantan Timur,6401,kode,,0,,,,0,0,False
3972,1223 107 2023 08 04 1,2023-08-04,2023,8,2023-08,1223,Labuhanbatu Utara,Sumatera Utara,1223,kode,,0,,,,0,0,False
3973,6303 107 2023 08 04 1,2023-08-04,2023,8,2023-08,6303,Banjar,Kalimantan Selatan,6303,kode,Martapura Barat,1,,,,0,0,False
3974,1904 107 2023 08 04 1,2023-08-04,2023,8,2023-08,1904,Bangka Tengah,Kepulauan Bangka Belitung,1904,kode,Koba,1,Masih dalam penyelidikan,,,0,0,False
3975,6301 107 2023 08 04 1,2023-08-04,2023,8,2023-08,6301,Tanah Laut,Kalimantan Selatan,6301,kode,"Pelaihari Kab. Tanah Laut di Desa Nusa Indah,; Bati-Bati, Kab. Tanah Laut. Desa Ujung,; Bati-Bati, Kab. Tanah Laut. Desa Pasir Putih Rt 03,; Kintap, Kab. Tanah Laut.",4,,,,0,0,False
3976,1904 107 2023 08 04 1,2023-08-04,2023,8,2023-08,1904,Bangka Tengah,Kepulauan Bangka Belitung,1904,kode,Koba,1,Masih dalam penyelidikan,,0.0,0,0,False
3977,6501 107 2023 08 04 1,2023-08-04,2023,8,2023-08,6501,Bulungan,Kalimantan Utara,6501,kode,,0,Lahan sengaja di bakar untuk Membuka lahan perkebunan,,,0,0,False
3978,1906 107 2023 08 04 1,2023-08-04,2023,8,2023-08,1906,Belitung Timur,Kepulauan Bangka Belitung,1906,kode,Manggar; Damar,2,Masih dalam penyelidikan,,,0,0,False
3979,6409 107 2023 08 04 1,2023-08-04,2023,8,2023-08,6409,Penajam Paser Utara,Kalimantan Timur,6409,kode,Penajam,1,Dalam proses penyelidikan,,,0,0,False
3980,6372 107 2023 08 04 1,2023-08-04,2023,8,2023-08,6372,Kota Banjarbaru,Kalimantan Selatan,6372,kode,,0,,,,0,0,False
3981,6203 107 2023 08 04 1,2023-08-04,2023,8,2023-08,6203,Kapuas,Kalimantan Tengah,6203,kode,,0,,,,0,0,False
3982,6306 107 2023 08 04 1,2023-08-04,2023,8,2023-08,6306,Hulu Sungai Selatan,Kalimantan Selatan,6306,kode,Simpur Desa Baru; Daha selatan,2,,,,0,0,False
3983,1210 107 2023 08 04 1,2023-08-04,2023,8,2023-08,1210,Labuhanbatu,Sumatera Utara,1210,kode,,0,,,,0,0,False
3984,6407 107 2023 08 03 1,2023-08-03,2023,8,2023-08,6407,Kutai Barat,Kalimantan Timur,6407,kode,,0,,,,0,0,False
3985,6501 107 2023 08 03 1,2023-08-03,2023,8,2023-08,6501,Bulungan,Kalimantan Utara,6501,kode,Tg. selor,1,Dalam penyelidikan pihak berwajib,,,0,0,False
3986,1223 107 2023 08 03 1,2023-08-03,2023,8,2023-08,1223,Labuhanbatu Utara,Sumatera Utara,1223,kode,,0,,,,0,0,False
3987,1404 107 2023 08 03 1,2023-08-03,2023,8,2023-08,1404,Indragiri Hilir,Riau,1404,kode,"Batang Tuaku, Desa. Kuala Sebatu",1,,,,0,0,False
3988,6372 107 2023 08 03 1,2023-08-03,2023,8,2023-08,6372,Kota Banjarbaru,Kalimantan Selatan,6372,kode,,0,,,,0,0,False
3989,6311 107 2023 08 03 1,2023-08-03,2023,8,2023-08,6311,Balangan,Kalimantan Selatan,6311,kode,,0,,,,0,0,False
3990,3471 107 2023 08 03 1,2023-08-03,2023,8,2023-08,3471,Kota Yogyakarta,Daerah Istimewa Yogyakarta,3471,kode,,0,,,,0,0,False
3991,6471 107 2023 08 03 1,2023-08-03,2023,8,2023-08,6471,Kota Balikpapan,Kalimantan Timur,6471,kode,Balikpapan Utara,1,Masih dalam penyelidikan,,,0,0,False
3992,6403 107 2023 08 03 1,2023-08-03,2023,8,2023-08,6403,Berau,Kalimantan Timur,6403,kode,Teluk Bayur,1,Masih dalam penyelidikan,,,0,0,False
3993,6204 107 2023 08 03 1,2023-08-03,2023,8,2023-08,6204,Barito Selatan,Kalimantan Tengah,6204,kode,Dusun Selatan,1,Masih dalam penyelidikan,,,0,0,False
3994,1106 107 2023 08 03 1,2023-08-03,2023,8,2023-08,1106,Aceh Besar,Aceh,1106,kode,,0,Pembakaran tanpa pengawasan,,,0,0,False
3995,6310 107 2023 08 03 1,2023-08-03,2023,8,2023-08,6310,Tanah Bumbu,Kalimantan Selatan,6310,kode,Kusan Tengah,1,Masih dalam penyelidikan,,,0,0,False
3996,6301 107 2023 08 03 1,2023-08-03,2023,8,2023-08,6301,Tanah Laut,Kalimantan Selatan,6301,kode,"Takisung Kab. Tanah Laut. Desa Gunung Raja Rt 5; Tambang Ulang, Kab. Tanah Laut. Jl. Murung Kenanga, Desa Benua Raya,; Bati-Bati, Kab. Tanah Laut. Desa Kintap Rt 01 Dusun 1,; Kintap, Kab. Tanah Laut. Desa Kayu Abang,; Tambang Ulang, Kab. Tanah Laut.",5,,,,0,0,False
3997,5107 107 2023 08 03 1,2023-08-03,2023,8,2023-08,5107,Karangasem,Bali,5107,kode,Abang,1,,,,0,0,False
3998,1208 107 2023 08 03 1,2023-08-03,2023,8,2023-08,1208,Simalungun,Sumatera Utara,1208,kode,,0,,,,0,0,False
3999,3314 107 2023 08 03 1,2023-08-03,2023,8,2023-08,3314,Sragen,Jawa Tengah,3314,kode,,0,Penyebab kejadian di perkirakan dari pembakaran sampah.,,,0,0,False
4000,6303 107 2023 08 03 1,2023-08-03,2023,8,2023-08,6303,Banjar,Kalimantan Selatan,6303,kode,Cintapuri Darusalam; Karang Intan,2,Masih dalam penyelidikan,,,0,0,False
4001,6305 107 2023 08 02 1,2023-08-02,2023,8,2023-08,6305,Tapin,Kalimantan Selatan,6305,kode,Tapin Selatan Kab. Tapin Mangga Agni,1,,,,0,0,False
4002,6303 107 2023 08 02 1,2023-08-02,2023,8,2023-08,6303,Banjar,Kalimantan Selatan,6303,kode,,0,,,,0,0,False
4003,5304 107 2023 08 02 1,2023-08-02,2023,8,2023-08,5304,Belu,Nusa Tenggara Timur,5304,kode,Tasifeto Barat,1,"Kepala Pelaksana BPBD Kab. Belu melaporkan peristiwa kebakaran hutan dan lahan (karhutla) yang terjadi di Desa Naekasa, wilayah Tasifeto Barat pada Rabu, (2/8/2023) sekitar pukul 17.15 Wita. Berdasarkan laporan kebakaran itu diduga akibat dari percikan api rokok warga yang melintasi hutan lindung tersebut dan menyambar dedaunan jati kering.",,,0,0,False
4004,3210 107 2023 08 02 1,2023-08-02,2023,8,2023-08,3210,Majalengka,Jawa Barat,3210,kode,Cigasong,1,Dalam proses penyelidikan,,,0,0,False
4005,3404 107 2023 08 02 1,2023-08-02,2023,8,2023-08,3404,Sleman,Daerah Istimewa Yogyakarta,3404,kode,,0,,,,0,0,False
4006,1401 107 2023 08 02 1,2023-08-02,2023,8,2023-08,1401,Kampar,Riau,1401,kode,"Kampar, Desa. Tanjung Berulak; Bangkinang, Desa. Kumantan; Kampar Kiri Tengah, Desa. Penghidupan",3,,,,0,0,False
4007,6307 107 2023 08 02 1,2023-08-02,2023,8,2023-08,6307,Hulu Sungai Tengah,Kalimantan Selatan,6307,kode,,0,,,,0,0,False
4008,6311 107 2023 08 02 1,2023-08-02,2023,8,2023-08,6311,Balangan,Kalimantan Selatan,6311,kode,,0,,,,0,0,False
4009,5108 107 2023 08 02 1,2023-08-02,2023,8,2023-08,5108,Buleleng,Bali,5108,kode,Kubutambahan,1,,,,0,0,False
4010,6403 107 2023 08 02 1,2023-08-02,2023,8,2023-08,6403,Berau,Kalimantan Timur,6403,kode,,0,,,,0,0,False
4011,6301 107 2023 08 02 1,2023-08-02,2023,8,2023-08,6301,Tanah Laut,Kalimantan Selatan,6301,kode,Tambang Uleng; Bati-Bati; Kurau; Takisung,4,Masih dalam penyelidikan,,,0,0,False
4012,1403 107 2023 08 02 1,2023-08-02,2023,8,2023-08,1403,Bengkalis,Riau,1403,kode,"Talang Muandau, Desa. Tasik Serai",1,,,,0,0,False
4013,1408 107 2023 08 02 1,2023-08-02,2023,8,2023-08,1408,Siak,Riau,1408,kode,"Mempura, Desa. Kep. Paluh; Mempura, Desa.",2,,,,0,0,False
4014,1106 107 2023 08 02 1,2023-08-02,2023,8,2023-08,1106,Aceh Besar,Aceh,1106,kode,Seulimun Gampong Jawie,1,Masih dalam penyelidikan,,,0,0,False
4015,6207 107 2023 08 02 1,2023-08-02,2023,8,2023-08,6207,Seruyan,Kalimantan Tengah,6207,kode,,0,,,,0,0,False
4016,6102 107 2023 08 02 1,2023-08-02,2023,8,2023-08,6102,Mempawah,Kalimantan Barat,6102,kode,,0,,,,0,0,False
4017,6112 107 2023 08 02 1,2023-08-02,2023,8,2023-08,6112,Kubu Raya,Kalimantan Barat,6112,kode,,0,,,,0,0,False
4018,6308 107 2023 08 02 1,2023-08-02,2023,8,2023-08,6308,Hulu Sungai Utara,Kalimantan Selatan,6308,kode,Banjang Kab. Hulu sungai Utara Desa Pulau Damar; Banjang Kab. Hulu sungai Utara,2,,,,0,0,False
4019,5301 107 2023 08 02 1,2023-08-02,2023,8,2023-08,5301,Kupang,Nusa Tenggara Timur,5301,kode,Nekamese,1,"Pusdalops BPBD Kab. Kupang melaporkan peristiwa kebakaran hutan dan lahan (karhutla) yang terjadi di kawasan hutan lindung Ikan Foti, Desa Oben, Kec. Nekamese  pada Rabu, (2/8/2023) sekitar pukul 13.00 Wita. Seluas 3 (tiga) Hektar lahan di kawasan itu terdampak kebakaran.",,,0,0,False
4020,1407 107 2023 08 02 1,2023-08-02,2023,8,2023-08,1407,Rokan Hilir,Riau,1407,kode,,0,,,,0,0,False
4021,6305 107 2023 08 01 1,2023-08-01,2023,8,2023-08,6305,Tapin,Kalimantan Selatan,6305,kode,Tapin Selatan,1,Dalam proses penyelidikan,,,0,0,False
4022,3310 107 2023 08 01 1,2023-08-01,2023,8,2023-08,3310,Klaten,Jawa Tengah,3310,kode,Klaten Utara,1,Dipicu oleh pembakaran sampah,,,0,0,False
4023,6408 107 2023 08 01 1,2023-08-01,2023,8,2023-08,6408,Kutai Timur,Kalimantan Timur,6408,kode,,0,,,,0,0,False
4024,1504 107 2023 08 01 1,2023-08-01,2023,8,2023-08,1504,Batanghari,Jambi,1504,kode,Muara Bulian Desa Tenam,1,,,,0,0,False
4025,1410 107 2023 08 01 1,2023-08-01,2023,8,2023-08,1410,Kepulauan Meranti,Riau,1410,kode,"Rangsang, Desa. Sungai Gayung Kiri; Merbau, Desa. Ketapang Permai; Rangsang Pesisir, Desa. Tanah Merah",3,,,,0,0,False
4026,6112 107 2023 08 01 1,2023-08-01,2023,8,2023-08,6112,Kubu Raya,Kalimantan Barat,6112,kode,,0,,,,0,0,False
4027,3401 107 2023 08 01 1,2023-08-01,2023,8,2023-08,3401,Kulon Progo,Daerah Istimewa Yogyakarta,3401,kode,,0,,,,0,0,False
4028,2102 107 2023 08 01 1,2023-08-01,2023,8,2023-08,2102,Karimun,Kepulauan Riau,2102,kode,Meral,1,Dalam proses penyelidikan,,,0,0,False
4029,1906 107 2023 08 01 1,2023-08-01,2023,8,2023-08,1906,Belitung Timur,Kepulauan Bangka Belitung,1906,kode,Manggar,1,Dalam proses penyelidikan,,,0,0,False
4030,1507 107 2023 08 01 1,2023-08-01,2023,8,2023-08,1507,Tanjung Jabung Timur,Jambi,1507,kode,"Dendang,Muara Sabak Desa Catur Rahayu,; Sadu; Sadu Desa Sungai Jamba",3,,,,0,0,False
4031,1401 107 2023 08 01 1,2023-08-01,2023,8,2023-08,1401,Kampar,Riau,1401,kode,"Tapung, Desa. Karya Indah",1,,,,0,0,False
4032,2101 107 2023 08 01 1,2023-08-01,2023,8,2023-08,2101,Bintan,Kepulauan Riau,2101,kode,,0,,,,0,0,False
4033,1471 107 2023 08 01 1,2023-08-01,2023,8,2023-08,1471,Kota Pekanbaru,Riau,1471,kode,Marpoyan Damai; Rumbai; Kulim; Bina Widya; Rumbai Timur,5,,,,0,0,False
4034,6306 107 2023 08 01 1,2023-08-01,2023,8,2023-08,6306,Hulu Sungai Selatan,Kalimantan Selatan,6306,kode,Daha Barat,1,Dalam proses penyelidikan,,,0,0,False
4035,1408 107 2023 08 01 1,2023-08-01,2023,8,2023-08,1408,Siak,Riau,1408,kode,"Tualang, Desa. Kp. Perawang Barat; Kandis, Desa. Kp. Simp. Belutu; Mempura, Desa. Kp. Benteng Hilir",3,,,,0,0,False
4036,6501 107 2023 08 01 1,2023-08-01,2023,8,2023-08,6501,Bulungan,Kalimantan Utara,6501,kode,Tg. Palas,1,Dipicu api bermula dr Lahan masyarakat yang membuka lahan dgn cara di bakar,,,0,0,False
4037,6472 107 2023 08 01 1,2023-08-01,2023,8,2023-08,6472,Kota Samarinda,Kalimantan Timur,6472,kode,,0,,,,0,0,False
4038,1407 107 2023 08 01 1,2023-08-01,2023,8,2023-08,1407,Rokan Hilir,Riau,1407,kode,,0,,,,0,0,False
4039,3402 107 2023 08 01 1,2023-08-01,2023,8,2023-08,3402,Bantul,Daerah Istimewa Yogyakarta,3402,kode,,0,,,,0,0,False
4040,6403 107 2023 08 01 1,2023-08-01,2023,8,2023-08,6403,Berau,Kalimantan Timur,6403,kode,,0,,,,0,0,False
4041,6309 107 2023 08 01 1,2023-08-01,2023,8,2023-08,6309,Tabalong,Kalimantan Selatan,6309,kode,Murung Pudak; Kelua; Tanjung,3,Masih dalam proses Penyelidikan,,,0,0,False
4042,6402 107 2023 08 01 1,2023-08-01,2023,8,2023-08,6402,Kutai Kartanegara,Kalimantan Timur,6402,kode,,0,,,,0,0,False
4043,6301 107 2023 08 01 1,2023-08-01,2023,8,2023-08,6301,Tanah Laut,Kalimantan Selatan,6301,kode,"Tambang Ulang. Jl. Pelabuhan Rt 3 Desa Benua Raya,; Bati-Bati. Desa Pagatan Besar Rt 01; Takisung Desa Liang Anggang",3,,,,0,0,False
4044,1602 107 2023 08 01 1,2023-08-01,2023,8,2023-08,1602,Ogan Komering Ilir,Sumatera Selatan,1602,kode,Pampangan; Tulung Selapan,2,Dalam proses penyelidikan,,,0,0,False
4045,6401 107 2023 08 01 1,2023-08-01,2023,8,2023-08,6401,Paser,Kalimantan Timur,6401,kode,,0,,,,0,0,False
4046,1403 107 2023 08 01 1,2023-08-01,2023,8,2023-08,1403,Bengkalis,Riau,1403,kode,"Pinggir, Desa. Pangkalan Libut; Siak Kecil, Desa. Bandar Jaya",2,,,,0,0,False
4047,6311 107 2023 08 01 1,2023-08-01,2023,8,2023-08,6311,Balangan,Kalimantan Selatan,6311,kode,Lampihong Kab. Balangan.,1,,,,0,0,False
4048,6307 107 2023 08 01 1,2023-08-01,2023,8,2023-08,6307,Hulu Sungai Tengah,Kalimantan Selatan,6307,kode,Las,1,Masih dalam proses Penyelidikan,,,0,0,False
4049,6208 107 2023 08 01 1,2023-08-01,2023,8,2023-08,6208,Sukamara,Kalimantan Tengah,6208,kode,Pantai Lunci,1,Dalam proses penyelidikan,,,0,0,False
4050,1209 107 2023 08 01 1,2023-08-01,2023,8,2023-08,1209,Asahan,Sumatera Utara,1209,kode,Simpang Empat,1,Masih dalam penyelidikan,,,0,0,False
4051,3402 107 2023 07 031 1,2023-07-31,2023,7,2023-07,3402,Bantul,Daerah Istimewa Yogyakarta,3402,kode,,0,,,,0,0,False
4052,2102 107 2023 07 031 1,2023-07-31,2023,7,2023-07,2102,Karimun,Kepulauan Riau,2102,kode,,0,,,,0,0,False
4053,1405 107 2023 07 031 1,2023-07-31,2023,7,2023-07,1405,Pelalawan,Riau,1405,kode,"Bunut, Desa. Merbau",1,,,,0,0,False
4054,3402 107 2023 07 031 1,2023-07-31,2023,7,2023-07,3402,Bantul,Daerah Istimewa Yogyakarta,3402,kode,,0,,,,0,0,False
4055,1223 107 2023 07 031 1,2023-07-31,2023,7,2023-07,1223,Labuhanbatu Utara,Sumatera Utara,1223,kode,,0,,,,0,0,False
4056,1906 107 2023 07 031 1,2023-07-31,2023,7,2023-07,1906,Belitung Timur,Kepulauan Bangka Belitung,1906,kode,Gantung,1,Dalam proses penyelidikan,,,0,0,False
4057,6372 107 2023 07 031 1,2023-07-31,2023,7,2023-07,6372,Kota Banjarbaru,Kalimantan Selatan,6372,kode,,0,,,,0,0,False
4058,6208 107 2023 07 031 1,2023-07-31,2023,7,2023-07,6208,Sukamara,Kalimantan Tengah,6208,kode,Pantai Lunci,1,Dalam proses penyelidikan,,,0,0,False
4059,3404 107 2023 07 031 1,2023-07-31,2023,7,2023-07,3404,Sleman,Daerah Istimewa Yogyakarta,3404,kode,,0,,,,0,0,False
4060,1402 107 2023 07 031 1,2023-07-31,2023,7,2023-07,1402,Indragiri Hulu,Riau,1402,kode,"Seberida, Desa. Paya Rumbai",1,,,,0,0,False
4061,3202 107 2023 07 031 1,2023-07-31,2023,7,2023-07,3202,Sukabumi,Jawa Barat,3202,kode,Cicantayan,1,Dalam proses penyelidikan,,,0,0,False
4062,6303 107 2023 07 031 1,2023-07-31,2023,7,2023-07,6303,Banjar,Kalimantan Selatan,6303,kode,Martapura,1,Dalam proses penyelidikan,,,0,0,False
4063,1401 107 2023 07 031 1,2023-07-31,2023,7,2023-07,1401,Kampar,Riau,1401,kode,"Tapung, Desa. Karya Indah; Bangkinang Kota, Desa. Ridan Permai",2,,,,0,0,False
4064,6311 107 2023 07 031 1,2023-07-31,2023,7,2023-07,6311,Balangan,Kalimantan Selatan,6311,kode,Lampihong,1,Dalam proses penyelidikan,,,0,0,False
4065,1404 107 2023 07 031 1,2023-07-31,2023,7,2023-07,1404,Indragiri Hilir,Riau,1404,kode,"Gaung, Desa. Simpang Gaung; Concong, Desa. Panglima Raja",2,,,,0,0,False
4066,1209 107 2023 07 031 1,2023-07-31,2023,7,2023-07,1209,Asahan,Sumatera Utara,1209,kode,,0,,,,0,0,False
4067,1408 107 2023 07 031 1,2023-07-31,2023,7,2023-07,1408,Siak,Riau,1408,kode,"Sungai Apit, Desa. Kp. Sungai Kayu Ara; Dayun, Desa. Kp. Dayun; Kandis, Desa. Kp. Telaga Sam Sam; Kandis, Desa. Kp. Telaga Sam Sam; Kandis, Desa.; Mempura, Desa. Kp. Koto Ringin",6,,,,0,0,False
4068,1471 107 2023 07 031 1,2023-07-31,2023,7,2023-07,1471,Kota Pekanbaru,Riau,1471,kode,Payung Sekaki,1,,,,0,0,False
4069,6501 107 2023 07 031 1,2023-07-31,2023,7,2023-07,6501,Bulungan,Kalimantan Utara,6501,kode,Tg. Selor; Tanjung Palas Timur,2,Dalam proses penyelidikan,,,0,0,False
4070,1504 107 2023 07 031 1,2023-07-31,2023,7,2023-07,1504,Batanghari,Jambi,1504,kode,"Muara Tembesi Desa Pelayangan,; Muara Bulian; Muara Bulian Desa Tenam",3,,,,0,0,False
4071,6301 107 2023 07 031 1,2023-07-31,2023,7,2023-07,6301,Tanah Laut,Kalimantan Selatan,6301,kode,Bati-Bati Desa Kali Besar; Kurau,2,,,,0,0,False
4072,2101 107 2023 07 031 1,2023-07-31,2023,7,2023-07,2101,Bintan,Kepulauan Riau,2101,kode,,0,,,,0,0,False
4073,6104 107 2023 07 031 1,2023-07-31,2023,7,2023-07,6104,Ketapang,Kalimantan Barat,6104,kode,,0,,,,0,0,False
4074,6309 107 2023 07 031 1,2023-07-31,2023,7,2023-07,6309,Tabalong,Kalimantan Selatan,6309,kode,,0,,,,0,0,False
4075,1410 107 2023 07 031 1,2023-07-31,2023,7,2023-07,1410,Kepulauan Meranti,Riau,1410,kode,"Pulau Merbau, Desa. Teluk Ketapang; Rangsang, Desa. Sungai Gayung Kiri",2,,,,0,0,False
4076,6304 107 2023 07 031 1,2023-07-31,2023,7,2023-07,6304,Barito Kuala,Kalimantan Selatan,6304,kode,,0,,,,0,0,False
4077,6305 107 2023 07 031 1,2023-07-31,2023,7,2023-07,6305,Tapin,Kalimantan Selatan,6305,kode,Binuang,1,Dalam proses penyelidikan,,,0,0,False
4078,1904 107 2023 07 031 1,2023-07-31,2023,7,2023-07,1904,Bangka Tengah,Kepulauan Bangka Belitung,1904,kode,Koba,1,Dalam proses penyelidikan,,,0,0,False
4079,6203 107 2023 07 031 1,2023-07-31,2023,7,2023-07,6203,Kapuas,Kalimantan Tengah,6203,kode,,0,,,,0,0,False
4080,1504 107 2023 07 030 1,2023-07-30,2023,7,2023-07,1504,Batanghari,Jambi,1504,kode,Muara Bulian,1,Dalam proses penyelidikan,,,0,0,False
4081,1471 107 2023 07 030 1,2023-07-30,2023,7,2023-07,1471,Kota Pekanbaru,Riau,1471,kode,Rumbai; Tenayan Raya; Tenayan Raya,3,,,,0,0,False
4082,6571 107 2023 07 030 1,2023-07-30,2023,7,2023-07,6571,Kota Tarakan,Kalimantan Utara,6571,kode,Tarakan timur,1,karena aktivitas membuka lahan,,,0,0,False
4083,6401 107 2023 07 030 1,2023-07-30,2023,7,2023-07,6401,Paser,Kalimantan Timur,6401,kode,Tanah Grogot,1,Dalam proses penyelidikan,,,0,0,False
4084,1610 107 2023 07 030 1,2023-07-30,2023,7,2023-07,1610,Ogan Ilir,Sumatera Selatan,1610,kode,Rantau Alai,1,Dalam proses penyelidikan,,,0,0,False
4085,3404 107 2023 07 030 1,2023-07-30,2023,7,2023-07,3404,Sleman,Daerah Istimewa Yogyakarta,3404,kode,,0,,,,0,0,False
4086,6305 107 2023 07 030 1,2023-07-30,2023,7,2023-07,6305,Tapin,Kalimantan Selatan,6305,kode,Tapin Tengah Kab. Tapin Desa Hiyung; Tapin Tengah Kab. Tapin Desa Masta; Bakarangan Kab. Tapin Desa Pabaungan Hilir; Candi Laras Kab. Tapin Desa Pabaungan Hilir; Candi Laras Kab. Tapin Desa Pabaungan; Candi Laras Kab. Tapin,6,,,,0,0,False
4087,3404 107 2023 07 030 1,2023-07-30,2023,7,2023-07,3404,Sleman,Daerah Istimewa Yogyakarta,3404,kode,,0,,,,0,0,False
4088,6213 107 2023 07 030 1,2023-07-30,2023,7,2023-07,6213,Barito Timur,Kalimantan Tengah,6213,kode,,0,,,,0,0,False
4089,3314 107 2023 07 030 1,2023-07-30,2023,7,2023-07,3314,Sragen,Jawa Tengah,3314,kode,Karangmalang,1,Dalam proses penyelidikan,,,0,0,False
4090,2172 107 2023 07 030 1,2023-07-30,2023,7,2023-07,2172,Kota Tanjung Pinang,Kepulauan Riau,2172,kode,,0,,,,0,0,False
4091,6311 107 2023 07 030 1,2023-07-30,2023,7,2023-07,6311,Balangan,Kalimantan Selatan,6311,kode,Halong,1,Dalam proses penyelidikan,,,0,0,False
4092,2101 107 2023 07 030 1,2023-07-30,2023,7,2023-07,2101,Bintan,Kepulauan Riau,2101,kode,,0,,,,0,0,False
4093,3404 107 2023 07 030 1,2023-07-30,2023,7,2023-07,3404,Sleman,Daerah Istimewa Yogyakarta,3404,kode,,0,,,,0,0,False
4094,1206 107 2023 07 030 1,2023-07-30,2023,7,2023-07,1206,Karo,Sumatera Utara,1206,kode,Merek,1,Dalam proses penyelidikan,,,0,0,False
4095,3209 107 2023 07 030 1,2023-07-30,2023,7,2023-07,3209,Cirebon,Jawa Barat,3209,kode,Beber,1,Dalam proses penyelidikan,,,0,0,False
4096,6304 107 2023 07 030 1,2023-07-30,2023,7,2023-07,6304,Barito Kuala,Kalimantan Selatan,6304,kode,,0,,,,0,0,False
4097,3314 107 2023 07 030 1,2023-07-30,2023,7,2023-07,3314,Sragen,Jawa Tengah,3314,kode,Kalijambe,1,Dalam proses penyelidikan,,,0,0,False
4098,1117 107 2023 07 030 1,2023-07-30,2023,7,2023-07,1117,Bener Meriah,Aceh,1117,kode,,0,Masih Penyelidikan,,,0,0,False
4099,3316 107 2023 07 030 1,2023-07-30,2023,7,2023-07,3316,Blora,Jawa Tengah,3316,kode,Sambong,1,Dalam proses penyelidikan,,,0,0,False
4100,6372 107 2023 07 030 1,2023-07-30,2023,7,2023-07,6372,Kota Banjarbaru,Kalimantan Selatan,6372,kode,Liang anggang Jl. Ujung Murung Rt. 33 Rw. 11; Liang anggang,2,,,,0,0,False
4101,3404 107 2023 07 030 1,2023-07-30,2023,7,2023-07,3404,Sleman,Daerah Istimewa Yogyakarta,3404,kode,,0,,,,0,0,False
4102,6301 107 2023 07 030 1,2023-07-30,2023,7,2023-07,6301,Tanah Laut,Kalimantan Selatan,6301,kode,Bati-Bati,1,Dalam proses penyelidikan,,,0,0,False
4103,1506 107 2023 07 029 1,2023-07-29,2023,7,2023-07,1506,Tanjung Jabung Barat,Jambi,1506,kode,Tungkal Ulu Desa Pematang Tembesu,1,,,,0,0,False
4104,1106 107 2023 07 029 1,2023-07-29,2023,7,2023-07,1106,Aceh Besar,Aceh,1106,kode,Indrapuri,1,Masih dalam Penyelidikan,,,0,0,False
4105,6112 107 2023 07 029 1,2023-07-29,2023,7,2023-07,6112,Kubu Raya,Kalimantan Barat,6112,kode,,0,,,,0,0,False
4106,1205 107 2023 07 029 1,2023-07-29,2023,7,2023-07,1205,Langkat,Sumatera Utara,1205,kode,,0,,,,0,0,False
4107,6501 107 2023 07 029 1,2023-07-29,2023,7,2023-07,6501,Bulungan,Kalimantan Utara,6501,kode,Tanjung Palas Timur,1,Dalam proses penyelidikan,,,0,0,False
4108,6201 107 2023 07 029 1,2023-07-29,2023,7,2023-07,6201,Kotawaringin Barat,Kalimantan Tengah,6201,kode,,0,,,,0,0,False
4109,6301 107 2023 07 029 1,2023-07-29,2023,7,2023-07,6301,Tanah Laut,Kalimantan Selatan,6301,kode,"Takisung. Jl. Datu Bakung Rt 11 Rw 5,; Takisung Gang Mantri Rt 05; Bati-Bati Desa Kayu Abang; Tambang Ulang Desa Kayu Abang; Tambang Ulang, Kabupaten Tala",5,,,,0,0,False
4110,1106 107 2023 07 029 1,2023-07-29,2023,7,2023-07,1106,Aceh Besar,Aceh,1106,kode,Seulimum  Gp. Seuneubok,1,Masih dalam Penyelidikan,,,0,0,False
4111,3402 107 2023 07 029 1,2023-07-29,2023,7,2023-07,3402,Bantul,Daerah Istimewa Yogyakarta,3402,kode,,0,,,,0,0,False
4112,6304 107 2023 07 029 1,2023-07-29,2023,7,2023-07,6304,Barito Kuala,Kalimantan Selatan,6304,kode,,0,,,,0,0,False
4113,3209 107 2023 07 029 1,2023-07-29,2023,7,2023-07,3209,Cirebon,Jawa Barat,3209,kode,Beber,1,Masih dalam Penyelidikan,,,0,0,False
4114,6408 107 2023 07 029 1,2023-07-29,2023,7,2023-07,6408,Kutai Timur,Kalimantan Timur,6408,kode,,0,,,,0,0,False
4115,6311 107 2023 07 029 1,2023-07-29,2023,7,2023-07,6311,Balangan,Kalimantan Selatan,6311,kode,"Halong, Kabupaten Balangan",1,,,,0,0,False
4116,6306 107 2023 07 029 1,2023-07-29,2023,7,2023-07,6306,Hulu Sungai Selatan,Kalimantan Selatan,6306,kode,,0,,,,0,0,False
4117,6372 107 2023 07 029 1,2023-07-29,2023,7,2023-07,6372,Kota Banjarbaru,Kalimantan Selatan,6372,kode,,0,,,,0,0,False
4118,1117 107 2023 07 029 1,2023-07-29,2023,7,2023-07,1117,Bener Meriah,Aceh,1117,kode,Pintu Rime Gayo,1,Masih dalam Penyelidikan,,,0,0,False
4119,2101 107 2023 07 029 1,2023-07-29,2023,7,2023-07,2101,Bintan,Kepulauan Riau,2101,kode,,0,,,,0,0,False
4120,2172 107 2023 07 029 1,2023-07-29,2023,7,2023-07,2172,Kota Tanjung Pinang,Kepulauan Riau,2172,kode,,0,,,,0,0,False
4121,6303 107 2023 07 029 1,2023-07-29,2023,7,2023-07,6303,Banjar,Kalimantan Selatan,6303,kode,,0,,,,0,0,False
4122,6307 107 2023 07 029 1,2023-07-29,2023,7,2023-07,6307,Hulu Sungai Tengah,Kalimantan Selatan,6307,kode,,0,,,,0,0,False
4123,1106 107 2023 07 028 1,2023-07-28,2023,7,2023-07,1106,Aceh Besar,Aceh,1106,kode,Lembah Seulawah Gp. Lembah Seulawah; Mesjid Raya,2,Dalam Penyelidikan,,,0,0,False
4124,1403 107 2023 07 028 1,2023-07-28,2023,7,2023-07,1403,Bengkalis,Riau,1403,kode,"Mandau, Desa.",1,,,,0,0,False
4125,6372 107 2023 07 028 1,2023-07-28,2023,7,2023-07,6372,Kota Banjarbaru,Kalimantan Selatan,6372,kode,Landasan Ulin Selatan,1,,,,0,0,False
4126,6201 107 2023 07 028 1,2023-07-28,2023,7,2023-07,6201,Kotawaringin Barat,Kalimantan Tengah,6201,kode,Kumai,1,Dalam proses penyelidikan,,,0,0,False
4127,6409 107 2023 07 028 1,2023-07-28,2023,7,2023-07,6409,Penajam Paser Utara,Kalimantan Timur,6409,kode,,0,,,,0,0,False
4128,1115 107 2023 07 028 1,2023-07-28,2023,7,2023-07,1115,Nagan Raya,Aceh,1115,kode,Kuala Pesisir,1,Dalam proses penyelidikan,,,0,0,False
4129,1401 107 2023 07 028 1,2023-07-28,2023,7,2023-07,1401,Kampar,Riau,1401,kode,"Bangkinang Kota, Desa. Ridan Permai; Kampar, Desa. Pulau Sarak",2,,,,0,0,False
4130,3312 107 2023 07 028 1,2023-07-28,2023,7,2023-07,3312,Wonogiri,Jawa Tengah,3312,kode,Wonogiri,1,MAsih dalam penyelidikan,,,0,0,False
4131,6408 107 2023 07 028 1,2023-07-28,2023,7,2023-07,6408,Kutai Timur,Kalimantan Timur,6408,kode,,0,,,,0,0,False
4132,6202 107 2023 07 028 1,2023-07-28,2023,7,2023-07,6202,Kotawaringin Timur,Kalimantan Tengah,6202,kode,,0,,,,0,0,False
4133,1906 107 2023 07 028 1,2023-07-28,2023,7,2023-07,1906,Belitung Timur,Kepulauan Bangka Belitung,1906,kode,Manggar,1,Masih dalam penyelidikan,,,0,0,False
4134,6107 107 2023 07 028 1,2023-07-28,2023,7,2023-07,6107,Bengkayang,Kalimantan Barat,6107,kode,,0,,,,0,0,False
4135,3404 107 2023 07 028 1,2023-07-28,2023,7,2023-07,3404,Sleman,Daerah Istimewa Yogyakarta,3404,kode,,0,,,,0,0,False
4136,2101 107 2023 07 028 1,2023-07-28,2023,7,2023-07,2101,Bintan,Kepulauan Riau,2101,kode,,0,,,,0,0,False
4137,1904 107 2023 07 028 1,2023-07-28,2023,7,2023-07,1904,Bangka Tengah,Kepulauan Bangka Belitung,1904,kode,Koba Bangka Tengah Belakang SPBU Penyak,1,Masih dalam penyelidikan,,,0,0,False
4138,1406 107 2023 07 028 1,2023-07-28,2023,7,2023-07,1406,Rokan Hulu,Riau,1406,kode,"Rokan IV Koto, Desa. Pemandang",1,,,,0,0,False
4139,6303 107 2023 07 027 1,2023-07-27,2023,7,2023-07,6303,Banjar,Kalimantan Selatan,6303,kode,,0,,,,0,0,False
4140,1217 107 2023 07 027 1,2023-07-27,2023,7,2023-07,1217,Samosir,Sumatera Utara,1217,kode,,0,,,,0,0,False
4141,6308 107 2023 07 027 1,2023-07-27,2023,7,2023-07,6308,Hulu Sungai Utara,Kalimantan Selatan,6308,kode,,0,,,,0,0,False
4142,3210 107 2023 07 027 1,2023-07-27,2023,7,2023-07,3210,Majalengka,Jawa Barat,3210,kode,jatiwangi,1,terjadi kebakaran di jalan jatiwangi - cigasong yang berasal dari pembakaran sampah,,,0,0,False
4143,1405 107 2023 07 027 1,2023-07-27,2023,7,2023-07,1405,Pelalawan,Riau,1405,kode,"Teluk Meranti, Desa. Pulau Muda",1,,,,0,0,False
4144,6307 107 2023 07 027 1,2023-07-27,2023,7,2023-07,6307,Hulu Sungai Tengah,Kalimantan Selatan,6307,kode,Labuan Amas selatan,1,,,,0,0,False
4145,6372 107 2023 07 027 1,2023-07-27,2023,7,2023-07,6372,Kota Banjarbaru,Kalimantan Selatan,6372,kode,,0,,,,0,0,False
4146,3204 107 2023 07 027 1,2023-07-27,2023,7,2023-07,3204,Bandung,Jawa Barat,3204,kode,,0,Dalam Penyelidikan,,,0,0,False
4147,1106 107 2023 07 027 1,2023-07-27,2023,7,2023-07,1106,Aceh Besar,Aceh,1106,kode,Kuta cot glie; Ingin Jaya,2,kebakaran Lahan tersebut diduga akibat pembakaran yang dilakukan tanpa pengawasan.,,,0,0,False
4148,1504 107 2023 07 027 1,2023-07-27,2023,7,2023-07,1504,Batanghari,Jambi,1504,kode,"Bajubang,",1,,,,0,0,False
4149,3374 107 2023 07 027 1,2023-07-27,2023,7,2023-07,3374,Kota Semarang,Jawa Tengah,3374,kode,,0,Sampah yang dibakar,,,0,0,False
4150,6203 107 2023 07 027 1,2023-07-27,2023,7,2023-07,6203,Kapuas,Kalimantan Tengah,6203,kode,,0,,,,0,0,False
4151,6302 107 2023 07 027 1,2023-07-27,2023,7,2023-07,6302,Kotabaru,Kalimantan Selatan,6302,kode,,0,,,,0,0,False
4152,1471 107 2023 07 027 1,2023-07-27,2023,7,2023-07,1471,Kota Pekanbaru,Riau,1471,kode,Rumbai Timur; Kulim; Tuah Madani; Rumbai; Rumbai,5,,,,0,0,False
4153,6301 107 2023 07 027 1,2023-07-27,2023,7,2023-07,6301,Tanah Laut,Kalimantan Selatan,6301,kode,Tambang Ulang; Kintap.,2,,,,0,0,False
4154,1472 107 2023 07 027 1,2023-07-27,2023,7,2023-07,1472,Kota Dumai,Riau,1472,kode,,0,,,,0,0,False
4155,6305 107 2023 07 027 1,2023-07-27,2023,7,2023-07,6305,Tapin,Kalimantan Selatan,6305,kode,,0,,,,0,0,False
4156,2101 107 2023 07 027 1,2023-07-27,2023,7,2023-07,2101,Bintan,Kepulauan Riau,2101,kode,,0,,,,0,0,False
4157,1223 107 2023 07 026 1,2023-07-26,2023,7,2023-07,1223,Labuhanbatu Utara,Sumatera Utara,1223,kode,,0,,,,0,0,False
4158,6306 107 2023 07 026 1,2023-07-26,2023,7,2023-07,6306,Hulu Sungai Selatan,Kalimantan Selatan,6306,kode,,0,,,,0,0,False
4159,6372 107 2023 07 026 1,2023-07-26,2023,7,2023-07,6372,Kota Banjarbaru,Kalimantan Selatan,6372,kode,,0,,,,0,0,False
4160,6311 107 2023 07 026 1,2023-07-26,2023,7,2023-07,6311,Balangan,Kalimantan Selatan,6311,kode,,0,,,,0,0,False
4161,1408 107 2023 07 026 1,2023-07-26,2023,7,2023-07,1408,Siak,Riau,1408,kode,"Siak, Desa. Kp. Tumang",1,,,,0,0,False
4162,1472 107 2023 07 026 1,2023-07-26,2023,7,2023-07,1472,Kota Dumai,Riau,1472,kode,,0,,,,0,0,False
4163,1407 107 2023 07 026 1,2023-07-26,2023,7,2023-07,1407,Rokan Hilir,Riau,1407,kode,,0,,,,0,0,False
4164,6304 107 2023 07 026 1,2023-07-26,2023,7,2023-07,6304,Barito Kuala,Kalimantan Selatan,6304,kode,Jejangkit Kab. Barito Kuala.,1,,,,0,0,False
4165,2101 107 2023 07 026 1,2023-07-26,2023,7,2023-07,2101,Bintan,Kepulauan Riau,2101,kode,,0,,,,0,0,False
4166,3322 107 2023 07 026 1,2023-07-26,2023,7,2023-07,3322,Semarang,Jawa Tengah,3322,kode,,0,diduga karena pembakaran sampah,,,0,0,False
4167,1406 107 2023 07 026 1,2023-07-26,2023,7,2023-07,1406,Rokan Hulu,Riau,1406,kode,"Kepenuhan, Desa. Kepenuhan Tengah; Bangun Purba, Desa. Menaming",2,,,,0,0,False
4168,6301 107 2023 07 026 1,2023-07-26,2023,7,2023-07,6301,Tanah Laut,Kalimantan Selatan,6301,kode,Tambang Ulang Kab. Tanah Laut Desa Muara Kintap Rt 13; Kintap.,2,,,,0,0,False
4169,6206 107 2023 07 026 1,2023-07-26,2023,7,2023-07,6206,Katingan,Kalimantan Tengah,6206,kode,,0,,,,0,0,False
4170,2101 107 2023 07 025 1,2023-07-25,2023,7,2023-07,2101,Bintan,Kepulauan Riau,2101,kode,,0,,,,0,0,False
4171,6203 107 2023 07 025 1,2023-07-25,2023,7,2023-07,6203,Kapuas,Kalimantan Tengah,6203,kode,,0,,,,0,0,False
4172,1171 107 2023 07 025 1,2023-07-25,2023,7,2023-07,1171,Kota Banda Aceh,Aceh,1171,kode,Meuraxa  Gp. Ulee Lheue,1,Dalam penanganan pihak berwajib,,,0,0,False
4173,1472 107 2023 07 025 1,2023-07-25,2023,7,2023-07,1472,Kota Dumai,Riau,1472,kode,,0,,,,0,0,False
4174,1217 107 2023 07 025 1,2023-07-25,2023,7,2023-07,1217,Samosir,Sumatera Utara,1217,kode,,0,,,,0,0,False
4175,6104 107 2023 07 025 1,2023-07-25,2023,7,2023-07,6104,Ketapang,Kalimantan Barat,6104,kode,Matan Hilir Selatan,1,Dalam Penyelidikan,,,0,0,False
4176,1471 107 2023 07 025 1,2023-07-25,2023,7,2023-07,1471,Kota Pekanbaru,Riau,1471,kode,"Rumbai Timur, Desa.; Kulim, Desa.; Tuah Madani, Desa.; Rumbai, Desa.",4,,,,0,0,False
4177,2172 107 2023 07 025 1,2023-07-25,2023,7,2023-07,2172,Kota Tanjung Pinang,Kepulauan Riau,2172,kode,,0,,,,0,0,False
4178,1115 107 2023 07 025 1,2023-07-25,2023,7,2023-07,1115,Nagan Raya,Aceh,1115,kode,Tandu Raya Gp. Batu Raja,1,Masih dalam penyelidikan,,,0,0,False
4179,6307 107 2023 07 025 1,2023-07-25,2023,7,2023-07,6307,Hulu Sungai Tengah,Kalimantan Selatan,6307,kode,"Labuan Amas utara, Kab. HST",1,,,,0,0,False
4180,6304 107 2023 07 025 1,2023-07-25,2023,7,2023-07,6304,Barito Kuala,Kalimantan Selatan,6304,kode,"Jejangkit, Kab. Barito Kuala",1,,,,0,0,False
4181,1407 107 2023 07 025 1,2023-07-25,2023,7,2023-07,1407,Rokan Hilir,Riau,1407,kode,,0,,,,0,0,False
4182,6372 107 2023 07 025 1,2023-07-25,2023,7,2023-07,6372,Kota Banjarbaru,Kalimantan Selatan,6372,kode,Liang Anggang Kota Banjarbaru Jl. Tekukur ujung kelurahan landasan Ulin timur kecamatan Landasan Ulin Jl. A.yani jurusan Pelaihari kelurahan landasan Ulin selatan kecamatan Liang anggang,1,,,,0,0,False
4183,3404 107 2023 07 025 1,2023-07-25,2023,7,2023-07,3404,Sleman,Daerah Istimewa Yogyakarta,3404,kode,,0,,,,0,0,False
4184,1221 107 2023 07 025 1,2023-07-25,2023,7,2023-07,1221,Padang Lawas,Sumatera Utara,1221,kode,,0,,,,0,0,False
4185,1408 107 2023 07 024 1,2023-07-24,2023,7,2023-07,1408,Siak,Riau,1408,kode,"Mempura, Desa. Kp. Benteng Hilir",1,,,,0,0,False
4186,6304 107 2023 07 024 1,2023-07-24,2023,7,2023-07,6304,Barito Kuala,Kalimantan Selatan,6304,kode,,0,,,,0,0,False
4187,1220 107 2023 07 024 1,2023-07-24,2023,7,2023-07,1220,Padang Lawas Utara,Sumatera Utara,1220,kode,Padang Bolak,1,belum diketahui,,,0,0,False
4188,1401 107 2023 07 024 1,2023-07-24,2023,7,2023-07,1401,Kampar,Riau,1401,kode,"Tapung, Desa. Karya Indah",1,,,,0,0,False
4189,1105 107 2023 07 024 1,2023-07-24,2023,7,2023-07,1105,Aceh Barat,Aceh,1105,kode,Johan Pahlawan Gp. Lapang Gp. Suak Raya,1,Masih dalam penyelidikan,,,0,0,False
4190,6204 107 2023 07 024 1,2023-07-24,2023,7,2023-07,6204,Barito Selatan,Kalimantan Tengah,6204,kode,,0,,,,0,0,False
4191,6303 107 2023 07 024 1,2023-07-24,2023,7,2023-07,6303,Banjar,Kalimantan Selatan,6303,kode,,0,,,,0,0,False
4192,3404 107 2023 07 024 1,2023-07-24,2023,7,2023-07,3404,Sleman,Daerah Istimewa Yogyakarta,3404,kode,,0,,,,0,0,False
4193,6301 107 2023 07 024 1,2023-07-24,2023,7,2023-07,6301,Tanah Laut,Kalimantan Selatan,6301,kode,Takisung.; Bati-bati Kab. Tanah Laut,2,,,,0,0,False
4194,6372 107 2023 07 024 1,2023-07-24,2023,7,2023-07,6372,Kota Banjarbaru,Kalimantan Selatan,6372,kode,,0,,,,0,0,False
4195,1106 107 2023 07 023 1,2023-07-23,2023,7,2023-07,1106,Aceh Besar,Aceh,1106,kode,Kota Jantho; Baitussalam,2,Dalam proses penyelidikan,,,0,0,False
4196,6372 107 2023 07 023 1,2023-07-23,2023,7,2023-07,6372,Kota Banjarbaru,Kalimantan Selatan,6372,kode,Cempaka kel. Cempaka Jl. Guntung manggis kel. Guntung manggis kec. Landasan ulin,1,,,,0,0,False
4197,6311 107 2023 07 023 1,2023-07-23,2023,7,2023-07,6311,Balangan,Kalimantan Selatan,6311,kode,Paringin Selatan,1,Dalam proses penyelidikan,,,0,0,False
4198,6301 107 2023 07 023 1,2023-07-23,2023,7,2023-07,6301,Tanah Laut,Kalimantan Selatan,6301,kode,Bati-Bati,1,,,,0,0,False
4199,6204 107 2023 07 023 1,2023-07-23,2023,7,2023-07,6204,Barito Selatan,Kalimantan Tengah,6204,kode,,0,,,,0,0,False
4200,1906 107 2023 07 023 1,2023-07-23,2023,7,2023-07,1906,Belitung Timur,Kepulauan Bangka Belitung,1906,kode,Gantung,1,Dalam proses penyelidikan,,,0,0,False
4201,6303 107 2023 07 023 1,2023-07-23,2023,7,2023-07,6303,Banjar,Kalimantan Selatan,6303,kode,Cintapuri; Martapura,2,Dalam proses penyelidikan,,,0,0,False
4202,1106 107 2023 07 022 1,2023-07-22,2023,7,2023-07,1106,Aceh Besar,Aceh,1106,kode,,0,Pembakaran sampah,,,0,0,False
4203,3404 107 2023 07 022 1,2023-07-22,2023,7,2023-07,3404,Sleman,Daerah Istimewa Yogyakarta,3404,kode,,0,,,,0,0,False
4204,2101 107 2023 07 022 1,2023-07-22,2023,7,2023-07,2101,Bintan,Kepulauan Riau,2101,kode,,0,,,,0,0,False
4205,3311 107 2023 07 022 1,2023-07-22,2023,7,2023-07,3311,Sukoharjo,Jawa Tengah,3311,kode,,0,Sekitar Pukul 11.00 WIB muncul api yang membakar semak belukar di sela-sela pohon jati milik warga.,,,0,0,False
4206,6303 107 2023 07 022 1,2023-07-22,2023,7,2023-07,6303,Banjar,Kalimantan Selatan,6303,kode,Martapura Barat Kab. Banjar,1,,,,0,0,False
4207,6372 107 2023 07 022 1,2023-07-22,2023,7,2023-07,6372,Kota Banjarbaru,Kalimantan Selatan,6372,kode,Landasan Ulin Peramuan ujung kelurahan landasan Ulin Selatan kecamatan Liang anggang Jl. Awang Peramuan kelurahan landasan Ulin Tengah kecamatan Liang anggang,1,,,,0,0,False
4208,1612 107 2023 07 022 1,2023-07-22,2023,7,2023-07,1612,Penukal Abab Lematang Ilir,Sumatera Selatan,1612,kode,Talang Ubi,1,Dalam proses penyelidikan,,,0,0,False
4209,6204 107 2023 07 021 1,2023-07-21,2023,7,2023-07,6204,Barito Selatan,Kalimantan Tengah,6204,kode,,0,,,,0,0,False
4210,6301 107 2023 07 021 1,2023-07-21,2023,7,2023-07,6301,Tanah Laut,Kalimantan Selatan,6301,kode,"Tambang Ulang Bumi Makmur Handil Negara, kec kurau",1,,,,0,0,False
4211,6303 107 2023 07 021 1,2023-07-21,2023,7,2023-07,6303,Banjar,Kalimantan Selatan,6303,kode,,0,,,,0,0,False
4212,1217 107 2023 07 021 1,2023-07-21,2023,7,2023-07,1217,Samosir,Sumatera Utara,1217,kode,,0,,,,0,0,False
4213,3211 107 2023 07 021 1,2023-07-21,2023,7,2023-07,3211,Sumedang,Jawa Barat,3211,kode,,0,Penyebab kejadian Tersebutberasal dari pembakaranilalang dan mengakibatkan lahan terbakar,,,0,0,False
4214,1212 107 2023 07 021 1,2023-07-21,2023,7,2023-07,1212,Toba,Sumatera Utara,1212,kode,Silaen,1,Dalam proses penyelidikan,,,0,0,False
4215,3310 107 2023 07 020 1,2023-07-20,2023,7,2023-07,3310,Klaten,Jawa Tengah,3310,kode,Bayat; Ceper,2,Dalam proses penyelidikan,,,0,0,False
4216,8101 107 2023 07 020 1,2023-07-20,2023,7,2023-07,8101,Maluku Tengah,Maluku,8101,kode,Seram Utara,1,Musim Kemarau,,,0,0,False
4217,6303 107 2023 07 020 1,2023-07-20,2023,7,2023-07,6303,Banjar,Kalimantan Selatan,6303,kode,,0,,,,0,0,False
4218,6307 107 2023 07 020 1,2023-07-20,2023,7,2023-07,6307,Hulu Sungai Tengah,Kalimantan Selatan,6307,kode,,0,,,,0,0,False
4219,6304 107 2023 07 020 1,2023-07-20,2023,7,2023-07,6304,Barito Kuala,Kalimantan Selatan,6304,kode,"Jejangkit, Kab. Barito Kuala.",1,,,,0,0,False
4220,3204 107 2023 07 020 1,2023-07-20,2023,7,2023-07,3204,Bandung,Jawa Barat,3204,kode,Soreang,1,Masih dalam penyelidikan,,,0,0,False
4221,6301 107 2023 07 020 1,2023-07-20,2023,7,2023-07,6301,Tanah Laut,Kalimantan Selatan,6301,kode,,0,,,,0,0,False
4222,3211 107 2023 07 020 1,2023-07-20,2023,7,2023-07,3211,Sumedang,Jawa Barat,3211,kode,Sumedang Selatan,1,Masih dalam penyelidikan,,,0,0,False
4223,6103 107 2023 07 020 1,2023-07-20,2023,7,2023-07,6103,Sanggau,Kalimantan Barat,6103,kode,,0,,,,0,0,False
4224,3314 107 2023 07 020 1,2023-07-20,2023,7,2023-07,3314,Sragen,Jawa Tengah,3314,kode,Karangmalang,1,Dalam proses penyelidikan,,,0,0,False
4225,6372 107 2023 07 020 1,2023-07-20,2023,7,2023-07,6372,Kota Banjarbaru,Kalimantan Selatan,6372,kode,Landasan Ulin,1,,,,0,0,False
4226,6204 107 2023 07 020 1,2023-07-20,2023,7,2023-07,6204,Barito Selatan,Kalimantan Tengah,6204,kode,,0,,,,0,0,False
4227,6204 107 2023 07 019 1,2023-07-19,2023,7,2023-07,6204,Barito Selatan,Kalimantan Tengah,6204,kode,,0,,,,0,0,False
4228,6301 107 2023 07 019 1,2023-07-19,2023,7,2023-07,6301,Tanah Laut,Kalimantan Selatan,6301,kode,Pelaihari.; Tambang Ulang; Bati-Bati Kurau,3,,,,0,0,False
4229,6372 107 2023 07 019 1,2023-07-19,2023,7,2023-07,6372,Kota Banjarbaru,Kalimantan Selatan,6372,kode,Landasan Ulin,1,,,,0,0,False
4230,3310 107 2023 07 019 1,2023-07-19,2023,7,2023-07,3310,Klaten,Jawa Tengah,3310,kode,Ceper; Jogonalan,2,Pembakaran sampah yang tidak terkontrol,,,0,0,False
4231,1217 107 2023 07 019 1,2023-07-19,2023,7,2023-07,1217,Samosir,Sumatera Utara,1217,kode,,0,,,,0,0,False
4232,3213 107 2023 07 019 1,2023-07-19,2023,7,2023-07,3213,Subang,Jawa Barat,3213,kode,,0,"Di duga Api Berasal darisalah satu warga yangmembakar lahannya sendiri,dan merambat ke lahanlainnya",,,0,0,False
4233,6271 107 2023 07 018 1,2023-07-18,2023,7,2023-07,6271,Kota Palangkaraya,Kalimantan Tengah,6271,kode,,0,,,,0,0,False
4234,3522 107 2023 07 018 1,2023-07-18,2023,7,2023-07,3522,Bojonegoro,Jawa Timur,3522,kode,Margomulyo),1,,,,0,0,False
4235,3314 107 2023 07 018 1,2023-07-18,2023,7,2023-07,3314,Sragen,Jawa Tengah,3314,kode,,0,Dalam penyelidikan pihak kepolisian.,,,0,0,False
4236,2103 107 2023 07 018 1,2023-07-18,2023,7,2023-07,2103,Natuna,Kepulauan Riau,2103,kode,Bunguran Utara,1,Masih dalam penyelidikan,,,0,0,False
4237,3506 107 2023 07 018 1,2023-07-18,2023,7,2023-07,3506,Kediri,Jawa Timur,3506,kode,Banyakan),1,,,,0,0,False
4238,1401 107 2023 07 018 1,2023-07-18,2023,7,2023-07,1401,Kampar,Riau,1401,kode,"Kampar Kiri, Desa. Lipat Kain Selatan",1,,,,0,0,False
4239,6107 107 2023 07 018 1,2023-07-18,2023,7,2023-07,6107,Bengkayang,Kalimantan Barat,6107,kode,,0,,,,0,0,False
4240,3310 107 2023 07 018 1,2023-07-18,2023,7,2023-07,3310,Klaten,Jawa Tengah,3310,kode,Pedan; Delanggu; Prambanan,3,Masih dalam penyelidikan,,,0,0,False
4241,6372 107 2023 07 018 1,2023-07-18,2023,7,2023-07,6372,Kota Banjarbaru,Kalimantan Selatan,6372,kode,,0,,,,0,0,False
4242,6303 107 2023 07 018 1,2023-07-18,2023,7,2023-07,6303,Banjar,Kalimantan Selatan,6303,kode,,0,,,,0,0,False
4243,6301 107 2023 07 018 1,2023-07-18,2023,7,2023-07,6301,Tanah Laut,Kalimantan Selatan,6301,kode,,0,,,,0,0,False
4244,6108 107 2023 07 017 1,2023-07-17,2023,7,2023-07,6108,Landak,Kalimantan Barat,6108,kode,,0,,,,0,0,False
4245,2172 107 2023 07 017 1,2023-07-17,2023,7,2023-07,2172,Kota Tanjung Pinang,Kepulauan Riau,2172,kode,Bunguran Utara,1,Masih dalam Penyelidikan,,,0,0,False
4246,6372 107 2023 07 017 1,2023-07-17,2023,7,2023-07,6372,Kota Banjarbaru,Kalimantan Selatan,6372,kode,,0,,,,0,0,False
4247,3314 107 2023 07 017 1,2023-07-17,2023,7,2023-07,3314,Sragen,Jawa Tengah,3314,kode,,0,Dalam penyelidikan pihak kepolisian.,,,0,0,False
4248,1401 107 2023 07 017 1,2023-07-17,2023,7,2023-07,1401,Kampar,Riau,1401,kode,Salo,1,Belum diketahui,,,0,0,False
4249,1106 107 2023 07 017 1,2023-07-17,2023,7,2023-07,1106,Aceh Besar,Aceh,1106,kode,Lhoong; Lembah Seulawah,2,belum diketahui,,,0,0,False
4250,6305 107 2023 07 017 1,2023-07-17,2023,7,2023-07,6305,Tapin,Kalimantan Selatan,6305,kode,Bakarangan,1,Masih dalam proses penyelidikan pihak berwenang.,,,0,0,False
4251,6303 107 2023 07 017 1,2023-07-17,2023,7,2023-07,6303,Banjar,Kalimantan Selatan,6303,kode,,0,,,,0,0,False
4252,2103 107 2023 07 017 1,2023-07-17,2023,7,2023-07,2103,Natuna,Kepulauan Riau,2103,kode,Bunguran Utara,1,Sekitar jam 16:00 WIB  mulai terjadi kebakaran di semala (kelarik) dan tim BPBD segara turun ke lokasi untuk melakukan pengumpulan informasi dan pemadaman secara manual,,,0,0,False
4253,3310 107 2023 07 017 1,2023-07-17,2023,7,2023-07,3310,Klaten,Jawa Tengah,3310,kode,,0,Dalam penyelidikan pihak kepolisian.,,,0,0,False
4254,6304 107 2023 07 017 1,2023-07-17,2023,7,2023-07,6304,Barito Kuala,Kalimantan Selatan,6304,kode,,0,,,,0,0,False
4255,6301 107 2023 07 017 1,2023-07-17,2023,7,2023-07,6301,Tanah Laut,Kalimantan Selatan,6301,kode,,0,,,,0,0,False
4256,1105 107 2023 07 017 1,2023-07-17,2023,7,2023-07,1105,Aceh Barat,Aceh,1105,kode,Johan Pahlawan Gp. Leuhan,1,Masih dalam penyelidikan,,,0,0,False
4257,6306 107 2023 07 017 1,2023-07-17,2023,7,2023-07,6306,Hulu Sungai Selatan,Kalimantan Selatan,6306,kode,Daha Barat,1,belum diketahui,,,0,0,False
4258,3371 107 2023 07 017 1,2023-07-17,2023,7,2023-07,3371,Kota Magelang,Jawa Tengah,3371,kode,,0,"Warga membakar sampah di lahan kosong dekat permukiman warga, dikarenakan musim kemarau api cepat membesar",,,0,0,False
4259,6271 107 2023 07 017 1,2023-07-17,2023,7,2023-07,6271,Kota Palangkaraya,Kalimantan Tengah,6271,kode,,0,,,,0,0,False
4260,6372 107 2023 07 016 1,2023-07-16,2023,7,2023-07,6372,Kota Banjarbaru,Kalimantan Selatan,6372,kode,,0,,,,0,0,False
4261,6204 107 2023 07 016 1,2023-07-16,2023,7,2023-07,6204,Barito Selatan,Kalimantan Tengah,6204,kode,,0,,,,0,0,False
4262,6107 107 2023 07 016 1,2023-07-16,2023,7,2023-07,6107,Bengkayang,Kalimantan Barat,6107,kode,,0,,,,0,0,False
4263,6112 107 2023 07 016 1,2023-07-16,2023,7,2023-07,6112,Kubu Raya,Kalimantan Barat,6112,kode,,0,,,,0,0,False
4264,6304 107 2023 07 016 1,2023-07-16,2023,7,2023-07,6304,Barito Kuala,Kalimantan Selatan,6304,kode,"Jejangkit, Kab. Barito Kuala desa Tatah Alayung",1,,,,0,0,False
4265,1504 107 2023 07 016 1,2023-07-16,2023,7,2023-07,1504,Batanghari,Jambi,1504,kode,,0,,,,0,0,False
4266,6301 107 2023 07 016 1,2023-07-16,2023,7,2023-07,6301,Tanah Laut,Kalimantan Selatan,6301,kode,,0,,,,0,0,False
4267,1106 107 2023 07 016 1,2023-07-16,2023,7,2023-07,1106,Aceh Besar,Aceh,1106,kode,Seulimum,1,masih dalam penyelidikan,,,0,0,False
4268,3314 107 2023 07 015 1,2023-07-15,2023,7,2023-07,3314,Sragen,Jawa Tengah,3314,kode,,0,Masih dalam proses penyelidikan,,,0,0,False
4269,1106 107 2023 07 015 1,2023-07-15,2023,7,2023-07,1106,Aceh Besar,Aceh,1106,kode,Lembah Seulawah  Gp. Lamtamot,1,Masih dalam penyelidikan pihak berwajib,,,0,0,False
4270,6372 107 2023 07 015 1,2023-07-15,2023,7,2023-07,6372,Kota Banjarbaru,Kalimantan Selatan,6372,kode,Landasan Ulin,1,,,,0,0,False
4271,6372 107 2023 07 014 1,2023-07-14,2023,7,2023-07,6372,Kota Banjarbaru,Kalimantan Selatan,6372,kode,,0,,,,0,0,False
4272,3314 107 2023 07 014 1,2023-07-14,2023,7,2023-07,3314,Sragen,Jawa Tengah,3314,kode,,0,Diduga ada salah satu warga membakar sampah dan merambat ke lahan.,,,0,0,False
4273,6303 107 2023 07 014 1,2023-07-14,2023,7,2023-07,6303,Banjar,Kalimantan Selatan,6303,kode,,0,,,,0,0,False
4274,3316 107 2023 07 014 1,2023-07-14,2023,7,2023-07,3316,Blora,Jawa Tengah,3316,kode,Cepu,1,Dipicu oleh puntung rokok yang dibuang sembarangan,,,0,0,False
4275,6101 107 2023 07 014 1,2023-07-14,2023,7,2023-07,6101,Sambas,Kalimantan Barat,6101,kode,,0,,,,0,0,False
4276,3319 107 2023 07 014 1,2023-07-14,2023,7,2023-07,3319,Kudus,Jawa Tengah,3319,kode,,0,Di duga dari pembersihan   slamper (daun tebu kering) yg dibakar dan tidak dikontrol  kemudian merambat ke lahan tebu siap panen.,,,0,0,False
4277,3209 107 2023 07 013 1,2023-07-13,2023,7,2023-07,3209,Cirebon,Jawa Barat,3209,kode,Depok,1,Dalam proses penyelidikan,,,0,0,False
4278,6303 107 2023 07 013 1,2023-07-13,2023,7,2023-07,6303,Banjar,Kalimantan Selatan,6303,kode,,0,,,,0,0,False
4279,5320 107 2023 07 013 1,2023-07-13,2023,7,2023-07,5320,Sabu Raijua,Nusa Tenggara Timur,5320,kode,"Sabu Barat,; Sabu Liae",2,"Pada Kamis, 13 Juli 2023 pukul 15.03 Wita, telah terjadi kebakaran hutan dan lahan (karhutla) di Kab. Sabu Raijua. Sebanyak 4 Desa di 2 Kecamatan, yaitu Sabu Barat (Desa Raenalulu) dan Sabu Liae (Desa Mehona, Desa Eikare, dan Desa Loborui) berdampak peristiwa karhutla tersebut. BPBD setempat melaporkan kerugian materil yang ditimbulkan akibat peristiwa tersebut mencapai 2 hektar lahan. Belum diketahui pasti penyebabnya, namun dugaan sementara adalah api sengaja dibakar oleh warga atau berasal dari puntung rokok. Angin kencang, membuat api dengan cepat merambat dan meluas ke wilayah lain.",,,0,0,False
4280,6101 107 2023 07 013 1,2023-07-13,2023,7,2023-07,6101,Sambas,Kalimantan Barat,6101,kode,,0,,,,0,0,False
4281,6211 107 2023 07 013 1,2023-07-13,2023,7,2023-07,6211,Pulang Pisau,Kalimantan Tengah,6211,kode,,0,,,,0,0,False
4282,6372 107 2023 07 013 1,2023-07-13,2023,7,2023-07,6372,Kota Banjarbaru,Kalimantan Selatan,6372,kode,,0,,,,0,0,False
4283,6372 107 2023 07 012 1,2023-07-12,2023,7,2023-07,6372,Kota Banjarbaru,Kalimantan Selatan,6372,kode,Lianganggang Jl A. Yani Jurusan Plaihari (baruh); Lianganggang Jl. Guntung Manggis (Danau Cermin); Cempaka Jl. Guntung manggis Gg Berang berang kec. Landasan ulin kel. Guntung manggis,3,,,,0,0,False
4284,6203 107 2023 07 012 1,2023-07-12,2023,7,2023-07,6203,Kapuas,Kalimantan Tengah,6203,kode,,0,,,,0,0,False
4285,6301 107 2023 07 012 1,2023-07-12,2023,7,2023-07,6301,Tanah Laut,Kalimantan Selatan,6301,kode,Bati-Bati. Pandahan,1,,,,0,0,False
4286,1106 107 2023 07 012 1,2023-07-12,2023,7,2023-07,1106,Aceh Besar,Aceh,1106,kode,Mesjid Raya,1,Dipicu oleh pembakaran sampah,,,0,1,False
4287,3310 107 2023 07 012 1,2023-07-12,2023,7,2023-07,3310,Klaten,Jawa Tengah,3310,kode,Ceper; Delanggu ds. Banaran; Pedan; Klaten Utara,4,Dalam proses penyelidikan,,,0,0,False
4288,6201 107 2023 07 011 1,2023-07-11,2023,7,2023-07,6201,Kotawaringin Barat,Kalimantan Tengah,6201,kode,,0,,,,0,0,False
4289,3318 107 2023 07 011 1,2023-07-11,2023,7,2023-07,3318,Pati,Jawa Tengah,3318,kode,Margorejo,1,Masih dalam proses penyelidikan,,,0,0,False
4290,6303 107 2023 07 011 1,2023-07-11,2023,7,2023-07,6303,Banjar,Kalimantan Selatan,6303,kode,,0,,,,0,0,False
4291,6301 107 2023 07 011 1,2023-07-11,2023,7,2023-07,6301,Tanah Laut,Kalimantan Selatan,6301,kode,Tambang Ulang Pandahan,1,,,,0,0,False
4292,6301 107 2023 07 010 1,2023-07-10,2023,7,2023-07,6301,Tanah Laut,Kalimantan Selatan,6301,kode,Bati-Bati.,1,,,,0,0,False
4293,6305 107 2023 07 010 1,2023-07-10,2023,7,2023-07,6305,Tapin,Kalimantan Selatan,6305,kode,,0,,,,0,0,False
4294,3310 107 2023 07 010 1,2023-07-10,2023,7,2023-07,3310,Klaten,Jawa Tengah,3310,kode,Ceper,1,Pembakaran oleh warga,,,0,0,False
4295,6204 107 2023 07 09 1,2023-07-09,2023,7,2023-07,6204,Barito Selatan,Kalimantan Tengah,6204,kode,,0,,,,0,0,False
4296,1106 107 2023 07 07 1,2023-07-07,2023,7,2023-07,1106,Aceh Besar,Aceh,1106,kode,,0,Masih Penyelidikan,,,0,0,False
4297,1116 107 2023 07 07 1,2023-07-07,2023,7,2023-07,1116,Aceh Tamiang,Aceh,1116,kode,Tamiang Hulu,1,,,,0,0,False
4298,6303 107 2023 07 06 1,2023-07-06,2023,7,2023-07,6303,Banjar,Kalimantan Selatan,6303,kode,,0,,,,0,0,False
4299,6206 107 2023 07 06 1,2023-07-06,2023,7,2023-07,6206,Katingan,Kalimantan Tengah,6206,kode,,0,,,,0,0,False
4300,6301 107 2023 07 06 1,2023-07-06,2023,7,2023-07,6301,Tanah Laut,Kalimantan Selatan,6301,kode,Bati-bati Kab. Tanah Laut,1,,,,0,0,False
4301,1115 107 2023 07 05 1,2023-07-05,2023,7,2023-07,1115,Nagan Raya,Aceh,1115,kode,Kuala Pesisir  Gp. Suak Puntong,1,Masih dalam penyelidikan.,,,0,0,False
4302,6201 107 2023 07 05 1,2023-07-05,2023,7,2023-07,6201,Kotawaringin Barat,Kalimantan Tengah,6201,kode,,0,,,,0,0,False
4303,6107 107 2023 07 05 1,2023-07-05,2023,7,2023-07,6107,Bengkayang,Kalimantan Barat,6107,kode,,0,,,,0,0,False
4304,1403 107 2023 07 05 1,2023-07-05,2023,7,2023-07,1403,Bengkalis,Riau,1403,kode,"Mandau, Desa. Pematang Pudu",1,,,,0,0,False
4305,6308 107 2023 07 05 1,2023-07-05,2023,7,2023-07,6308,Hulu Sungai Utara,Kalimantan Selatan,6308,kode,,0,,,,0,0,False
4306,1403 107 2023 07 04 1,2023-07-04,2023,7,2023-07,1403,Bengkalis,Riau,1403,kode,"Pinggir, Desa. Buluh Apo",1,,,,0,0,False
4307,1402 107 2023 07 04 1,2023-07-04,2023,7,2023-07,1402,Indragiri Hulu,Riau,1402,kode,"Rengat Barat, Desa.; Rengat Barat, Desa.; Rengat Barat, Desa.; Peranap, Desa. Pauh Peranap",4,,,,0,0,False
4308,6202 107 2023 07 03 1,2023-07-03,2023,7,2023-07,6202,Kotawaringin Timur,Kalimantan Tengah,6202,kode,,0,,,,0,0,False
4309,1401 107 2023 07 03 1,2023-07-03,2023,7,2023-07,1401,Kampar,Riau,1401,kode,"XIII Koto Kampar, Desa. Pongkai Istiqomah",1,,,,0,0,False
4310,1217 107 2023 07 03 1,2023-07-03,2023,7,2023-07,1217,Samosir,Sumatera Utara,1217,kode,,0,,,,0,0,False
4311,3314 107 2023 07 03 1,2023-07-03,2023,7,2023-07,3314,Sragen,Jawa Tengah,3314,kode,,0,Masih dalam penyelidikan pihak berwajib.,,,0,0,False
4312,1217 107 2023 07 02 1,2023-07-02,2023,7,2023-07,1217,Samosir,Sumatera Utara,1217,kode,,0,,,,0,0,False
4313,3205 107 2023 07 02 1,2023-07-02,2023,7,2023-07,3205,Garut,Jawa Barat,3205,kode,,0,Lainnya Berdasarkan informasi dariKepala UPT Pasirbajingbahwa kejadian tersebutdiduga terjadi adanyaletupan api sehinggamengakibatkanmembumbungnya asap tebaldan merambat ke zona -zona pembuangan sampahlainnya seluas -+ 10 Haktare,,,0,0,False
4314,3672 107 2023 07 02 1,2023-07-02,2023,7,2023-07,3672,Kota Cilegon,Banten,3672,kode,Cibeber,1,diduga Pembakaran sampah yang di tinggalkan,,,0,0,False
4315,3213 107 2023 07 02 1,2023-07-02,2023,7,2023-07,3213,Subang,Jawa Barat,3213,kode,,0,kelalaian manusiamembuang puntung rokoksembarangan dan lahantersebut kekeringan,,,0,0,False
4316,6172 107 2023 07 02 1,2023-07-02,2023,7,2023-07,6172,Kota Singkawang,Kalimantan Barat,6172,kode,,0,,,,0,0,False
4317,6104 107 2023 07 01 1,2023-07-01,2023,7,2023-07,6104,Ketapang,Kalimantan Barat,6104,kode,Matan Hilir,1,Kebakaran tersebut akibat sengaja dibakar untuk membuka lahan sehingga api menjalar dan tidak terkendali.,,,0,0,False
4318,1906 107 2023 07 01 1,2023-07-01,2023,7,2023-07,1906,Belitung Timur,Kepulauan Bangka Belitung,1906,kode,Manggar; Damar,2,Dalam proses penyelidikan,,,0,0,False
4319,3310 107 2023 07 01 1,2023-07-01,2023,7,2023-07,3310,Klaten,Jawa Tengah,3310,kode,Wonosari,1,Akibat pembakaran sampah oleh warga,,,0,0,False
4320,6104 107 2023 06 030 1,2023-06-30,2023,6,2023-06,6104,Ketapang,Kalimantan Barat,6104,kode,Sungai Sirih; Matan Hilir Selatan,2,Hasil evaluasi di lapangan dugaan sementara kebakaran tersebut akibat sengaja dibakar untuk membuka lahan sehingga api menjalar dan tidak terkendali,,,0,0,False
4321,6501 107 2023 06 030 1,2023-06-30,2023,6,2023-06,6501,Bulungan,Kalimantan Utara,6501,kode,Tg. Palas Timur,1,"Api berasal dari ada masyarakat yg piknik di lokasi tersebut bakar ikan dan apinya tidak dipadamkan sehingga mengenai rumput di area tersebut, yg memang cuaca pada saat tersebut memang terik (Panas)  sehingga api membesar dan membakar areal tersebut",,,0,0,False
4322,6208 107 2023 06 030 1,2023-06-30,2023,6,2023-06,6208,Sukamara,Kalimantan Tengah,6208,kode,,0,,,,0,0,False
4323,1504 107 2023 06 030 1,2023-06-30,2023,6,2023-06,1504,Batanghari,Jambi,1504,kode,Muaro Bulian & Melapari,1,,,,0,0,False
4324,3512 107 2023 06 029 1,2023-06-29,2023,6,2023-06,3512,Situbondo,Jawa Timur,3512,kode,Panarukan,1,Di duga ada yg membakar sampah lalu di tinggal pergi,,,0,0,False
4325,6271 107 2023 06 029 1,2023-06-29,2023,6,2023-06,6271,Kota Palangkaraya,Kalimantan Tengah,6271,kode,Jekan Raya,1,belum diketahui,,,0,0,False
4326,6201 107 2023 06 028 1,2023-06-28,2023,6,2023-06,6201,Kotawaringin Barat,Kalimantan Tengah,6201,kode,Arut Selatan,1,belum diketahui,,,0,0,False
4327,1906 107 2023 06 028 1,2023-06-28,2023,6,2023-06,1906,Belitung Timur,Kepulauan Bangka Belitung,1906,kode,,0,PENYEBAB KEBAKARAN KARENA BPK AHMAD MEMBAKAR LAHAN UNTUK PEMBUATAN RUMAH DIKARENAKAN ANGIN KENCANG TIBA-TIBA API,,,0,0,False
4328,6301 107 2023 06 028 1,2023-06-28,2023,6,2023-06,6301,Tanah Laut,Kalimantan Selatan,6301,kode,Tambang Ulang,1,belum diketahui,,,0,0,False
4329,6211 107 2023 06 028 1,2023-06-28,2023,6,2023-06,6211,Pulang Pisau,Kalimantan Tengah,6211,kode,,0,,,,0,0,False
4330,6104 107 2023 06 027 1,2023-06-27,2023,6,2023-06,6104,Ketapang,Kalimantan Barat,6104,kode,,0,,,,0,0,False
4331,6201 107 2023 06 027 1,2023-06-27,2023,6,2023-06,6201,Kotawaringin Barat,Kalimantan Tengah,6201,kode,,0,,,,0,0,False
4332,6112 107 2023 06 027 1,2023-06-27,2023,6,2023-06,6112,Kubu Raya,Kalimantan Barat,6112,kode,,0,,,,0,0,False
4333,6402 107 2023 06 027 1,2023-06-27,2023,6,2023-06,6402,Kutai Kartanegara,Kalimantan Timur,6402,kode,,0,,,,0,0,False
4334,6101 107 2023 06 026 1,2023-06-26,2023,6,2023-06,6101,Sambas,Kalimantan Barat,6101,kode,,0,,,,0,0,False
4335,6208 107 2023 06 026 1,2023-06-26,2023,6,2023-06,6208,Sukamara,Kalimantan Tengah,6208,kode,,0,,,,0,0,False
4336,6201 107 2023 06 026 1,2023-06-26,2023,6,2023-06,6201,Kotawaringin Barat,Kalimantan Tengah,6201,kode,Arut Selatan,1,asal api belum diketahui,,,0,0,False
4337,1106 107 2023 06 026 1,2023-06-26,2023,6,2023-06,1106,Aceh Besar,Aceh,1106,kode,Lembah Selawah  Gp. Suka Damai,1,Masih dalam penyelidikan pihak berwajib,,,0,0,False
4338,6402 107 2023 06 026 1,2023-06-26,2023,6,2023-06,6402,Kutai Kartanegara,Kalimantan Timur,6402,kode,Muara Muntai,1,belum diketahui masih dalam penyelidikan,,,0,0,False
4339,1106 107 2023 06 026 1,2023-06-26,2023,6,2023-06,1106,Aceh Besar,Aceh,1106,kode,Kuta Malaka,1,belum diketahui,,,0,0,False
4340,3511 107 2023 06 026 1,2023-06-26,2023,6,2023-06,3511,Bondowoso,Jawa Timur,3511,kode,Ijen Bondowoso,1,masih dalam penyelidikan,,,1,0,False
4341,3310 107 2023 06 026 1,2023-06-26,2023,6,2023-06,3310,Klaten,Jawa Tengah,3310,kode,Ceper,1,pembakaran sampah yang tidak terkontrol,,,0,0,False
4342,6104 107 2023 06 025 1,2023-06-25,2023,6,2023-06,6104,Ketapang,Kalimantan Barat,6104,kode,,0,,,,0,0,False
4343,1901 107 2023 06 025 1,2023-06-25,2023,6,2023-06,1901,Bangka,Kepulauan Bangka Belitung,1901,kode,,0,PENYEBAB KEBAKARAN BELUM DIKETAHUI,,,0,0,False
4344,6203 107 2023 06 025 1,2023-06-25,2023,6,2023-06,6203,Kapuas,Kalimantan Tengah,6203,kode,Kapuas Timur Ds .Anjir Serapat Baru,1,,,,0,0,False
4345,1504 107 2023 06 025 1,2023-06-25,2023,6,2023-06,1504,Batanghari,Jambi,1504,kode,Muaro Bulian & Rengas Condong,1,,,,0,0,False
4346,2102 107 2023 06 024 1,2023-06-24,2023,6,2023-06,2102,Karimun,Kepulauan Riau,2102,kode,Tebing; Meral Barat,2,belum diketahui,,,0,0,False
4347,3324 107 2023 06 024 1,2023-06-24,2023,6,2023-06,3324,Kendal,Jawa Tengah,3324,kode,Pagendon Desa Pekuncen,1,"WAKTU KEJADIAN Sabtu, 24 Juni 2023, pukul 17.40 WIB  LOKASI KEJADIAN  Desa Pekuncen Kecamatan Pagendon.  SEBAB Masih dalam penyelidikan pihak berwenang.  DAMPAK Lahan pertanian seluas 3 x 9 m terbakar (sisa tanaman jagung yang sudah dipanen)  UPAYA PENANGANAN TRC BPBD Kab. Kendal meluncur ke lokasi kejadian untuk mendukung ketersediaan air; Api berhasil dipadamkan dan pembasahan di sekitar lokasi kebakaran oleh Damkar Satpol PP dan BPBD Kab. Kendal.",,,0,0,False
4348,6204 107 2023 06 024 1,2023-06-24,2023,6,2023-06,6204,Barito Selatan,Kalimantan Tengah,6204,kode,,0,,,,0,0,False
4349,3328 107 2023 06 024 1,2023-06-24,2023,6,2023-06,3328,Tegal,Jawa Tengah,3328,kode,Kedungbatang,1,"Pkl. 12.00 Wib Para petugas TPAS mendapatkan Laporan dari Para Pemulung bahwa ada Letupan Dari Pojok barat kurang lebih 500 Meter dari kantor UPTD TPAS Penujah kab. Tegal, Petugas TPAS Langsung Mengecek Ke Sumber Letupan Ternyata Api Sudah mulai Membesar.",,,0,0,False
4350,6172 107 2023 06 024 1,2023-06-24,2023,6,2023-06,6172,Kota Singkawang,Kalimantan Barat,6172,kode,,0,,,,0,0,False
4351,1504 107 2023 06 024 1,2023-06-24,2023,6,2023-06,1504,Batanghari,Jambi,1504,kode,"Muaro Tembesi & Rantau Kepas Mudo,; Muaro Tembesi & Sungai Pulai",2,,,,0,0,False
4352,1106 107 2023 06 024 1,2023-06-24,2023,6,2023-06,1106,Aceh Besar,Aceh,1106,kode,Kuta Cot Glie,1,Dalam proses penyelidikan,,,0,0,False
4353,6202 107 2023 06 023 1,2023-06-23,2023,6,2023-06,6202,Kotawaringin Timur,Kalimantan Tengah,6202,kode,,0,,,,0,0,False
4354,3310 107 2023 06 023 1,2023-06-23,2023,6,2023-06,3310,Klaten,Jawa Tengah,3310,kode,Wonosari; Ceper,2,Dalam proses penyelidikan,,,0,0,False
4355,1104 107 2023 06 022 1,2023-06-22,2023,6,2023-06,1104,Aceh Tengah,Aceh,1104,kode,,0,Masih dalam Penyelidikan,,,0,0,False
4356,3210 107 2023 06 022 1,2023-06-22,2023,6,2023-06,3210,Majalengka,Jawa Barat,3210,kode,Cigasong,1,,,,0,0,False
4357,6204 107 2023 06 022 1,2023-06-22,2023,6,2023-06,6204,Barito Selatan,Kalimantan Tengah,6204,kode,,0,,,,0,0,False
4358,3310 107 2023 06 021 1,2023-06-21,2023,6,2023-06,3310,Klaten,Jawa Tengah,3310,kode,Wonosari Desa Pandanan,1,"WAKTU KEJADIAN Kamis, 21 Juni 2023, pukul 18.00  LOKASI KEJADIAN  Ds Pandanan Kecamatan Wonosari   SEBAB Pembakaran Sampah Yang Tidak Terkontrol   DAMPAK Api Telah Mebakar Kurang Lebih 2 Petak Lahan Dengan Luas Kurang Lebih 4.300 M2  UPAYA PENANGANAN  DAMKAR Kab. Klaten dibantu beberapa komponen dari komunitas Relawan Kebencanaan melakukan upaya pemadaman api dengan menggunakan 2 (dua) unit mobil pemadam dengan penggunaan air diperkirakan 8000 liter. Pemadaman dapat dilakukan sekitar 2 (dua) jam.",,,0,0,False
4359,1117 107 2023 06 021 1,2023-06-21,2023,6,2023-06,1117,Bener Meriah,Aceh,1117,kode,Bukit; Bandar,2,Akibat kemarau panjang,,,0,0,False
4360,1221 107 2023 06 021 1,2023-06-21,2023,6,2023-06,1221,Padang Lawas,Sumatera Utara,1221,kode,,0,,,,0,0,False
4361,1901 107 2023 06 021 1,2023-06-21,2023,6,2023-06,1901,Bangka,Kepulauan Bangka Belitung,1901,kode,,0,PENYEBAB KEBAKARAN BELUM DIKETAHUI,,,0,0,False
4362,3514 107 2023 06 021 1,2023-06-21,2023,6,2023-06,3514,Pasuruan,Jawa Timur,3514,kode,Prigen,1,Masih dalam Penyelidikan,,,0,0,False
4363,1104 107 2023 06 021 1,2023-06-21,2023,6,2023-06,1104,Aceh Tengah,Aceh,1104,kode,Celala Kp. Blang Kekumur,1,Akibat kemarau panjang,,,0,0,False
4364,6372 107 2023 06 021 1,2023-06-21,2023,6,2023-06,6372,Kota Banjarbaru,Kalimantan Selatan,6372,kode,Banjar Baru Utara,1,cuaca panas,,,0,0,False
4365,1401 107 2023 06 021 1,2023-06-21,2023,6,2023-06,1401,Kampar,Riau,1401,kode,Tapung; Salo,2,Masih dalam penyelidikan,,,0,0,False
4366,1506 107 2023 06 021 1,2023-06-21,2023,6,2023-06,1506,Tanjung Jabung Barat,Jambi,1506,kode,Betara,1,Masih dalam penyelidikan,,,0,0,False
4367,1201 107 2023 06 021 1,2023-06-21,2023,6,2023-06,1201,Tapanuli Tengah,Sumatera Utara,1201,kode,,0,,,,0,0,False
4368,1212 107 2023 06 021 1,2023-06-21,2023,6,2023-06,1212,Toba,Sumatera Utara,1212,kode,,0,,,,0,0,False
4369,1106 107 2023 06 021 1,2023-06-21,2023,6,2023-06,1106,Aceh Besar,Aceh,1106,kode,Blang Bintang,1,Akibat kemarau panjang,,,0,0,False
4370,6202 107 2023 06 021 1,2023-06-21,2023,6,2023-06,6202,Kotawaringin Timur,Kalimantan Tengah,6202,kode,,0,,,,0,0,False
4371,1116 107 2023 06 020 1,2023-06-20,2023,6,2023-06,1116,Aceh Tamiang,Aceh,1116,kode,Seruwai  Gp. Alur Ulim,1,,,,0,0,False
4372,1104 107 2023 06 020 1,2023-06-20,2023,6,2023-06,1104,Aceh Tengah,Aceh,1104,kode,Silih Nara  Kp. Arul Kumer Barat; Lut Tawar,2,"Akibat kemarau panjang di kab.Aceh Tengah beberapa bulan belakangan ini, mengakibatkan beberapa titik terpantau terjadi karhutla. Hari ini, karhutla terjadi di Kp. Arul Kumer Barat dan telah berhasil dipadamkan",,,0,0,False
4373,1117 107 2023 06 020 1,2023-06-20,2023,6,2023-06,1117,Bener Meriah,Aceh,1117,kode,Bukit Mulie Balohan; Bukit,2,,,,0,0,False
4374,1401 107 2023 06 019 1,2023-06-19,2023,6,2023-06,1401,Kampar,Riau,1401,kode,XIII Kota Kampar,1,belum diketahui,,,0,0,False
4375,2101 107 2023 06 019 1,2023-06-19,2023,6,2023-06,2101,Bintan,Kepulauan Riau,2101,kode,Bintan Timur,1,,,,0,0,False
4376,1216 107 2023 06 019 1,2023-06-19,2023,6,2023-06,1216,Humbang Hasundutan,Sumatera Utara,1216,kode,,0,,,,0,0,False
4377,6102 107 2023 06 019 1,2023-06-19,2023,6,2023-06,6102,Mempawah,Kalimantan Barat,6102,kode,,0,,,,0,0,False
4378,1117 107 2023 06 019 1,2023-06-19,2023,6,2023-06,1117,Bener Meriah,Aceh,1117,kode,Wih Pesam; Timang Gajah,2,belum diketahui,,,0,0,False
4379,1104 107 2023 06 019 1,2023-06-19,2023,6,2023-06,1104,Aceh Tengah,Aceh,1104,kode,Ketol Kp. Karang Ampar; Bebesan Kp. Bahgie; Pegasingan  Kp. Kayu Kul; Kebayakan  Kp. Paya Reje,4,akibat kemarau panjang,,,0,0,False
4380,1105 107 2023 06 019 1,2023-06-19,2023,6,2023-06,1105,Aceh Barat,Aceh,1105,kode,Woyla  Gp. Lung Teungku Yah,1,Belum di ketahui masih dalam penyelidikan,,,0,0,False
4381,1106 107 2023 06 019 1,2023-06-19,2023,6,2023-06,1106,Aceh Besar,Aceh,1106,kode,Seulimum Gp. Alue Glong; Sukamakmur  Gp. Gampong Tampok Jeurat Raya,2,masih dalam penyelidikan,,,0,0,False
4382,1220 107 2023 06 019 1,2023-06-19,2023,6,2023-06,1220,Padang Lawas Utara,Sumatera Utara,1220,kode,,0,,,,0,0,False
4383,6211 107 2023 06 019 1,2023-06-19,2023,6,2023-06,6211,Pulang Pisau,Kalimantan Tengah,6211,kode,,0,,,,0,0,False
4384,1506 107 2023 06 018 1,2023-06-18,2023,6,2023-06,1506,Tanjung Jabung Barat,Jambi,1506,kode,Batang Asam,1,Masih dalam penyelidikan,,,0,0,False
4385,1504 107 2023 06 018 1,2023-06-18,2023,6,2023-06,1504,Batanghari,Jambi,1504,kode,Maro Sebo & Teluk Leban,1,,,,0,0,False
4386,1106 107 2023 06 018 1,2023-06-18,2023,6,2023-06,1106,Aceh Besar,Aceh,1106,kode,Lembah Selawah,1,Masih dalam penyelidikan,,,0,0,False
4387,6211 107 2023 06 018 1,2023-06-18,2023,6,2023-06,6211,Pulang Pisau,Kalimantan Tengah,6211,kode,,0,,,,0,0,False
4388,3512 107 2023 06 018 1,2023-06-18,2023,6,2023-06,3512,Situbondo,Jawa Timur,3512,kode,Bungatan,1,Masih dalam penyelidikan,,,0,0,False
4389,6107 107 2023 06 018 1,2023-06-18,2023,6,2023-06,6107,Bengkayang,Kalimantan Barat,6107,kode,,0,,,,0,0,False
4390,1220 107 2023 06 017 1,2023-06-17,2023,6,2023-06,1220,Padang Lawas Utara,Sumatera Utara,1220,kode,,0,,,,0,0,False
4391,1217 107 2023 06 017 1,2023-06-17,2023,6,2023-06,1217,Samosir,Sumatera Utara,1217,kode,,0,,,,0,0,False
4392,6101 107 2023 06 017 1,2023-06-17,2023,6,2023-06,6101,Sambas,Kalimantan Barat,6101,kode,,0,,,,0,0,False
4393,6201 107 2023 06 017 1,2023-06-17,2023,6,2023-06,6201,Kotawaringin Barat,Kalimantan Tengah,6201,kode,,0,,,,0,0,False
4394,1401 107 2023 06 017 1,2023-06-17,2023,6,2023-06,1401,Kampar,Riau,1401,kode,Kampar Utara,1,Dalam proses penyelidikan,,,0,0,False
4395,1504 107 2023 06 017 1,2023-06-17,2023,6,2023-06,1504,Batanghari,Jambi,1504,kode,Mersam & Pematang Gedung,1,,,,0,0,False
4396,3512 107 2023 06 017 1,2023-06-17,2023,6,2023-06,3512,Situbondo,Jawa Timur,3512,kode,Banyuputih,1,Dalam proses penyelidikan,,,0,0,False
4397,1106 107 2023 06 016 1,2023-06-16,2023,6,2023-06,1106,Aceh Besar,Aceh,1106,kode,,0,,,,0,0,False
4398,6204 107 2023 06 016 1,2023-06-16,2023,6,2023-06,6204,Barito Selatan,Kalimantan Tengah,6204,kode,,0,,,,0,0,False
4399,2102 107 2023 06 016 1,2023-06-16,2023,6,2023-06,2102,Karimun,Kepulauan Riau,2102,kode,Karimun,1,,,,0,0,False
4400,3374 107 2023 06 016 1,2023-06-16,2023,6,2023-06,3374,Kota Semarang,Jawa Tengah,3374,kode,Pedurungan Desa Pedurungan Tengah,1,"WAKTU KEJADIAN Jumat, 16 Juni 2023 Pukul 12.30 WIB  LOKASI KEJADIAN Jl. Jaten Baru RT 002 RW 008 Kel. Pedurungan Tengah Kec. Pedurungan  SEBAB Penyebab dalam proses penyidikan  DAMPAK Lahan kosong dengan luas 30 x 200 m terbakar  UPAYA PENANGANAN BPBD melakukan asessment ke lokasi terdampak; Warga berkoordinasi dengan Ketua RT, RW, serta kelurahan/kecamatan menghubungi BPBD serta instansi terkait.",,,0,0,False
4401,1211 107 2023 06 016 1,2023-06-16,2023,6,2023-06,1211,Dairi,Sumatera Utara,1211,kode,Silahi Sabungan,1,Masih dalam penyelidikan.,,,0,0,False
4402,1117 107 2023 06 015 1,2023-06-15,2023,6,2023-06,1117,Bener Meriah,Aceh,1117,kode,Bukit,1,Dalam proses penyelidikan,,,0,0,False
4403,1112 107 2023 06 015 1,2023-06-15,2023,6,2023-06,1112,Aceh Barat Daya,Aceh,1112,kode,Babahrot,1,Masih dalam proses penyelidikan,,,0,0,False
4404,1206 107 2023 06 015 1,2023-06-15,2023,6,2023-06,1206,Karo,Sumatera Utara,1206,kode,,0,,,,0,0,False
4405,3310 107 2023 06 014 1,2023-06-14,2023,6,2023-06,3310,Klaten,Jawa Tengah,3310,kode,Ceper Desa Jombor,1,"WAKTU KEJADIAN Rabu, 14 Juni 2023 Pukul 14.10 WIB  LOKASI KEJADIAN Desa Jombor RT 01 RW 01 Kec. Ceper Kab. Klaten  SEBAB Pembakaran sampah yang tidak terkontrol dan cuaca panas   DAMPAK Lahan tebu seluas 3700 M 2  KERUGIAN ±185.000.000,00 (seratus delapan puluh lima juta)  UPAYA PENANGANAN BPBD melakukan asessment dan memberikan bantuan Damkar Kabupaten Klaten dibatu masyarakat sekitar lokasi kejadian melakukan pemadaman.",,,0,0,False
4406,3512 107 2023 06 014 1,2023-06-14,2023,6,2023-06,3512,Situbondo,Jawa Timur,3512,kode,Panarukan; Kendit,2,Masih dalam penyelidikan pihak berwajib,,,0,0,False
4407,1105 107 2023 06 013 1,2023-06-13,2023,6,2023-06,1105,Aceh Barat,Aceh,1105,kode,Mereubo; Johan Pahlawan,2,Masih dalam penyelidikan,,,0,0,False
4408,1217 107 2023 06 013 1,2023-06-13,2023,6,2023-06,1217,Samosir,Sumatera Utara,1217,kode,,0,,,,0,0,False
4409,1117 107 2023 06 013 1,2023-06-13,2023,6,2023-06,1117,Bener Meriah,Aceh,1117,kode,,0,,,,0,0,False
4410,1104 107 2023 06 013 1,2023-06-13,2023,6,2023-06,1104,Aceh Tengah,Aceh,1104,kode,Silih Nara  Kp. Semelit Mutiara  Kp. Arul Kumer Barat; Bintang  Kp. Linung Bulen; LingeKp. Kute Gelime; Ketol  Kp. Bah; Lut Tawar  Kp. Dedalu; Pegasing Kp. Pepalang; Bebesen  Kp. Bahgie (bur rintis); Kebayakan  Kp. Paya Tumpi,8,Masih dalam penyelidikan,,,0,0,False
4411,1115 107 2023 06 012 1,2023-06-12,2023,6,2023-06,1115,Nagan Raya,Aceh,1115,kode,Darul Makmur; Kuala,2,Masih dalam penyelidikan.,,,0,0,False
4412,6201 107 2023 06 012 1,2023-06-12,2023,6,2023-06,6201,Kotawaringin Barat,Kalimantan Tengah,6201,kode,,0,,,,0,0,False
4413,3210 107 2023 06 011 1,2023-06-11,2023,6,2023-06,3210,Majalengka,Jawa Barat,3210,kode,Jatiwangi,1,,,,0,0,False
4414,3512 107 2023 06 011 1,2023-06-11,2023,6,2023-06,3512,Situbondo,Jawa Timur,3512,kode,Banyuputih,1,,,,0,0,False
4415,1106 107 2023 06 011 1,2023-06-11,2023,6,2023-06,1106,Aceh Besar,Aceh,1106,kode,Blang Bintang,1,pembukaan lahan,,,0,0,False
4416,6201 107 2023 06 010 1,2023-06-10,2023,6,2023-06,6201,Kotawaringin Barat,Kalimantan Tengah,6201,kode,,0,,,,0,0,False
4417,2172 107 2023 06 09 1,2023-06-09,2023,6,2023-06,2172,Kota Tanjung Pinang,Kepulauan Riau,2172,kode,Tanjungpinang Kota,1,,,,0,0,False
4418,1217 107 2023 06 09 1,2023-06-09,2023,6,2023-06,1217,Samosir,Sumatera Utara,1217,kode,,0,,,,0,0,False
4419,6201 107 2023 06 09 1,2023-06-09,2023,6,2023-06,6201,Kotawaringin Barat,Kalimantan Tengah,6201,kode,Kumai,1,Pembukaan/pembersihan lahan oleh masyarakat,,,0,0,False
4420,3210 107 2023 06 09 1,2023-06-09,2023,6,2023-06,3210,Majalengka,Jawa Barat,3210,kode,Sukahaji,1,,,,0,0,False
4421,2101 107 2023 06 08 1,2023-06-08,2023,6,2023-06,2101,Bintan,Kepulauan Riau,2101,kode,Gunung kijang,1,,,,0,0,False
4422,6201 107 2023 06 08 1,2023-06-08,2023,6,2023-06,6201,Kotawaringin Barat,Kalimantan Tengah,6201,kode,,0,,,,0,0,False
4423,6201 107 2023 06 08 1,2023-06-08,2023,6,2023-06,6201,Kotawaringin Barat,Kalimantan Tengah,6201,kode,,0,,,,0,0,True
4424,3310 107 2023 06 08 1,2023-06-08,2023,6,2023-06,3310,Klaten,Jawa Tengah,3310,kode,Bayat Desa Nengahan,1,"WAKTU KEJADIAN Kamis, 8 Juni 2023 Pukul 16.00 WIB. LOKASI KEJADIAN Desa Paseban, Kelurahan Nengahan, Kecamatan Bayat SEBAB Terbakar (2 anak bermain api di kebun) DAMPAK Sebagian kebun tebu terbakar UPAYA PENANGANAN • BPBD Kab. Klaten, Damkar, Babinsa, Bhabinkamtibmas, Kelurahan/Kecamatan, polsek serta instansi terkait lainnya mendatangi lokasi melakukan Assesment; • Membantu Damkar untuk pemadaman dan pembasahan di lokasi kejadian.",,,0,0,False
4425,6208 107 2023 06 07 1,2023-06-07,2023,6,2023-06,6208,Sukamara,Kalimantan Tengah,6208,kode,Sukamara,1,Dalam proses penyelidikan,,,0,0,False
4426,1610 107 2023 06 07 1,2023-06-07,2023,6,2023-06,1610,Ogan Ilir,Sumatera Selatan,1610,kode,Pemulutan Barat; Lubuk Keliat; Muara Kuang,3,Dalam proses penyelidikan,,,0,0,False
4427,6301 107 2023 06 07 1,2023-06-07,2023,6,2023-06,6301,Tanah Laut,Kalimantan Selatan,6301,kode,Pelaihari,1,Dalam proses penyelidikan,,,0,0,False
4428,6202 107 2023 06 06 1,2023-06-06,2023,6,2023-06,6202,Kotawaringin Timur,Kalimantan Tengah,6202,kode,,0,,,,0,0,False
4429,1906 107 2023 06 06 1,2023-06-06,2023,6,2023-06,1906,Belitung Timur,Kepulauan Bangka Belitung,1906,kode,,0,,,,0,0,False
4430,6204 107 2023 06 06 1,2023-06-06,2023,6,2023-06,6204,Barito Selatan,Kalimantan Tengah,6204,kode,,0,,,,0,0,False
4431,1206 107 2023 06 05 1,2023-06-05,2023,6,2023-06,1206,Karo,Sumatera Utara,1206,kode,Berastagi,1,masih dalam proses penyelidikan,,,0,0,False
4432,3317 107 2023 06 05 1,2023-06-05,2023,6,2023-06,3317,Rembang,Jawa Tengah,3317,kode,Kaliori Desa Sidomulyo,1,"WAKTU KEJADIAN Senin, 5 Juni 2023 Pukul 16.45 WIB. LOKASI KEJADIAN Lahan Tebu di Desa Sidomulyo RT. 01 RW. 01 Kecamatan Kaliori. SEBAB Diduga kelalaian pada saat membakar sampah AKIBAT Api merambat ke lahan tebu dan pemukiman DAMPAK Lahan sekitar ½ Ha terbakar & membakar sebagian atap bangunan PAUD. KERUGIAN ± Rp. 3.000.000,- UPAYA PENANGANAN Relawan BPBD Kab. Rembang, dan Warga sekitar melakukan pemadaman lahan yang terbakar serta pembasahan disekitar lokasi kejadian ALPINE SKI HOUSE KEB",,,0,0,False
4433,6571 107 2023 06 04 1,2023-06-04,2023,6,2023-06,6571,Kota Tarakan,Kalimantan Utara,6571,kode,,0,Lahan terbakar akibat dari aktivitas membuka lahan disertai dengan angin dan cuaca yang panas mengakibatkan api cepat menyebar,,,0,0,False
4434,1117 107 2023 06 04 1,2023-06-04,2023,6,2023-06,1117,Bener Meriah,Aceh,1117,kode,,0,,,,0,0,False
4435,3324 107 2023 06 04 1,2023-06-04,2023,6,2023-06,3324,Kendal,Jawa Tengah,3324,kode,Kaliwungu,1,terjadi kebakaran di Petak 36e-2 RPH Mangkang BKPH Mangkang oleh pihak yang tidak bertanggung jawab.,,,0,0,False
4436,6271 107 2023 06 03 1,2023-06-03,2023,6,2023-06,6271,Kota Palangkaraya,Kalimantan Tengah,6271,kode,Sebangau,1,,,,0,0,False
4437,6208 107 2023 06 03 1,2023-06-03,2023,6,2023-06,6208,Sukamara,Kalimantan Tengah,6208,kode,,0,,,,0,0,False
4438,1904 107 2023 06 03 1,2023-06-03,2023,6,2023-06,1904,Bangka Tengah,Kepulauan Bangka Belitung,1904,kode,Koba,1,,,,0,0,False
4439,1906 107 2023 06 03 1,2023-06-03,2023,6,2023-06,1906,Belitung Timur,Kepulauan Bangka Belitung,1906,kode,Manggar,1,,,,0,0,False
4440,6201 107 2023 06 02 1,2023-06-02,2023,6,2023-06,6201,Kotawaringin Barat,Kalimantan Tengah,6201,kode,Arut Selatan,1,,,,0,0,False
4441,6271 107 2023 06 02 1,2023-06-02,2023,6,2023-06,6271,Kota Palangkaraya,Kalimantan Tengah,6271,kode,Sebangau,1,,,,0,0,False
4442,6501 107 2023 06 02 1,2023-06-02,2023,6,2023-06,6501,Bulungan,Kalimantan Utara,6501,kode,,0,"Rumput dan Pakis N: 2°50'8,518"" E: 117°24'15,062",,,0,0,False
4443,1277 107 2023 06 02 1,2023-06-02,2023,6,2023-06,1277,Kota Padang Sidempuan,Sumatera Utara,1277,kode,,0,,,,0,0,False
4444,1106 107 2023 06 02 1,2023-06-02,2023,6,2023-06,1106,Aceh Besar,Aceh,1106,kode,,0,,,,0,0,False
4445,6206 107 2023 06 02 1,2023-06-02,2023,6,2023-06,6206,Katingan,Kalimantan Tengah,6206,kode,,0,,,,0,0,False
4446,6204 107 2023 06 02 1,2023-06-02,2023,6,2023-06,6204,Barito Selatan,Kalimantan Tengah,6204,kode,Dusun Selatan,1,,,,0,0,False
4447,6202 107 2023 06 01 1,2023-06-01,2023,6,2023-06,6202,Kotawaringin Timur,Kalimantan Tengah,6202,kode,,0,,,,0,0,False
4448,6104 107 2023 06 01 1,2023-06-01,2023,6,2023-06,6104,Ketapang,Kalimantan Barat,6104,kode,Matan Hilir Selatan; Muara Pawan,2,,,,0,0,False
4449,6208 107 2023 06 01 1,2023-06-01,2023,6,2023-06,6208,Sukamara,Kalimantan Tengah,6208,kode,,0,,,,0,0,False
4450,6208 107 2023 06 01 1,2023-06-01,2023,6,2023-06,6208,Sukamara,Kalimantan Tengah,6208,kode,,0,,,,0,0,True
4451,6206 107 2023 06 01 1,2023-06-01,2023,6,2023-06,6206,Katingan,Kalimantan Tengah,6206,kode,,0,,,,0,0,False
4452,6202 107 2023 06 01 1,2023-06-01,2023,6,2023-06,6202,Kotawaringin Timur,Kalimantan Tengah,6202,kode,,0,,,,0,0,False
4453,3314 107 2023 05 031 1,2023-05-31,2023,5,2023-05,3314,Sragen,Jawa Tengah,3314,kode,Ngamprah,1,,,,0,0,False
4454,6303 107 2023 05 031 1,2023-05-31,2023,5,2023-05,6303,Banjar,Kalimantan Selatan,6303,kode,Martapura Kota,1,,,,0,0,False
4455,6104 107 2023 05 031 1,2023-05-31,2023,5,2023-05,6104,Ketapang,Kalimantan Barat,6104,kode,,0,,,,0,0,False
4456,6271 107 2023 05 030 1,2023-05-30,2023,5,2023-05,6271,Kota Palangkaraya,Kalimantan Tengah,6271,kode,Jekan Raya,1,,,,0,0,False
4457,2103 107 2023 05 030 1,2023-05-30,2023,5,2023-05,2103,Natuna,Kepulauan Riau,2103,kode,Bunguran Selatan,1,,,,0,0,False
4458,6104 107 2023 05 030 1,2023-05-30,2023,5,2023-05,6104,Ketapang,Kalimantan Barat,6104,kode,Matan Hilir Selatan,1,,,,0,0,False
4459,6372 107 2023 05 029 1,2023-05-29,2023,5,2023-05,6372,Kota Banjarbaru,Kalimantan Selatan,6372,kode,Liang Anggang,1,Dalam proses penyelidikan,,,0,0,False
4460,6301 107 2023 05 029 1,2023-05-29,2023,5,2023-05,6301,Tanah Laut,Kalimantan Selatan,6301,kode,Tambang Ulan,1,Dalam proses penyelidikan,,,0,0,False
4461,6112 107 2023 05 029 1,2023-05-29,2023,5,2023-05,6112,Kubu Raya,Kalimantan Barat,6112,kode,Sungai Raya,1,,,,0,0,False
4462,1606 107 2023 05 028 1,2023-05-28,2023,5,2023-05,1606,Musi Banyuasin,Sumatera Selatan,1606,kode,Plakat Tinggi; Sungai Keruh,2,masih dalam penyelidikan .,,,0,0,False
4463,6271 107 2023 05 028 1,2023-05-28,2023,5,2023-05,6271,Kota Palangkaraya,Kalimantan Tengah,6271,kode,Bukit Batu; Jekan Raya; Pahandut; Sebangau,4,Masih dalam proses penyelidikan,,,0,0,False
4464,1612 107 2023 05 028 1,2023-05-28,2023,5,2023-05,1612,Penukal Abab Lematang Ilir,Sumatera Selatan,1612,kode,Talang Ubi,1,Masih dalam proses penyelidikan,,,0,0,False
4465,6503 107 2023 05 028 1,2023-05-28,2023,5,2023-05,6503,Nunukan,Kalimantan Utara,6503,kode,Nunukan,1,Masih dalam proses penyelidikan,,,0,0,False
4466,2101 107 2023 05 028 1,2023-05-28,2023,5,2023-05,2101,Bintan,Kepulauan Riau,2101,kode,Bintan Utara,1,,,,0,0,False
4467,6104 107 2023 05 028 1,2023-05-28,2023,5,2023-05,6104,Ketapang,Kalimantan Barat,6104,kode,,0,,,,0,0,False
4468,1906 107 2023 05 028 1,2023-05-28,2023,5,2023-05,1906,Belitung Timur,Kepulauan Bangka Belitung,1906,kode,Manggar,1,Dalam proses penyelidikan,,,0,0,False
4469,6301 107 2023 05 028 1,2023-05-28,2023,5,2023-05,6301,Tanah Laut,Kalimantan Selatan,6301,kode,Bati-Bati,1,Masih dalam proses penyelidikan,,,0,0,False
4470,3210 107 2023 05 028 1,2023-05-28,2023,5,2023-05,3210,Majalengka,Jawa Barat,3210,kode,Panyingkiran; Majalengka; Kadipaten; Bantarujeg; Cigasong; Sindangwangi; Maja; Jatiwangi; Rajagaluh; Sukahaji; Dawuan; Sumberjaya; Leuwimunding; Kadipaten; Kasokandel; Argapura; Kertajati; Banjaran; Sindang,19,Dalam proses penyelidikan,,,0,0,False
4471,1301 107 2023 05 027 1,2023-05-27,2023,5,2023-05,1301,Pesisir Selatan,Sumatera Barat,1301,kode,XI KOTO Tarusan,1,masih dalam penyelidikan .,,,0,0,False
4472,1106 107 2023 05 027 1,2023-05-27,2023,5,2023-05,1106,Aceh Besar,Aceh,1106,kode,Sukamakmur Gampong  Lambirah Gampong Kayee Adang,1,Masih dalam penyelidikan,,,0,0,False
4473,6271 107 2023 05 027 1,2023-05-27,2023,5,2023-05,6271,Kota Palangkaraya,Kalimantan Tengah,6271,kode,Pahandut,1,Masih dalam proses penyelidikan,,,0,0,False
4474,6208 107 2023 05 027 1,2023-05-27,2023,5,2023-05,6208,Sukamara,Kalimantan Tengah,6208,kode,Kartamulia,1,Masih dalam proses penyelidikan,,,0,0,False
4475,6104 107 2023 05 027 1,2023-05-27,2023,5,2023-05,6104,Ketapang,Kalimantan Barat,6104,kode,,0,,,,0,0,False
4476,6271 107 2023 05 027 1,2023-05-27,2023,5,2023-05,6271,Kota Palangkaraya,Kalimantan Tengah,6271,kode,Sebangau,1,Masih dalam penyelidikan,,,0,0,False
4477,1606 107 2023 05 026 1,2023-05-26,2023,5,2023-05,1606,Musi Banyuasin,Sumatera Selatan,1606,kode,Lais,1,Masih dalam penyelidikan,,,0,0,False
4478,6104 107 2023 05 026 1,2023-05-26,2023,5,2023-05,6104,Ketapang,Kalimantan Barat,6104,kode,Matan Hilir Selatan; Matan Hilir Utara,2,Masih dalam penyelidikan,,,0,0,False
4479,3514 107 2023 05 025 1,2023-05-25,2023,5,2023-05,3514,Pasuruan,Jawa Timur,3514,kode,Prigen,1,Masih dalam proses penyelidikan,,,0,0,False
4480,3516 107 2023 05 025 1,2023-05-25,2023,5,2023-05,3516,Mojokerto,Jawa Timur,3516,kode,Pacet,1,Masih dalam proses penyelidikan,,,0,0,False
4481,1906 107 2023 05 025 1,2023-05-25,2023,5,2023-05,1906,Belitung Timur,Kepulauan Bangka Belitung,1906,kode,Manggar,1,masih dalam penyelidikan .,,,0,0,False
4482,6104 107 2023 05 025 1,2023-05-25,2023,5,2023-05,6104,Ketapang,Kalimantan Barat,6104,kode,Matan Hilir Selatan,1,Masih dalam penyelidikan,,,0,0,False
4483,1104 107 2023 05 024 1,2023-05-24,2023,5,2023-05,1104,Aceh Tengah,Aceh,1104,kode,Lut Tawar  Kp. Bale Kp. One-one,1,"pada Pukul 13:00 WIB, Posko Induk Damkar mendapat informasi dari masyarakat, bahwa di Kp. One dan Kp. Bale kec. Lut Tawar sedang terjadi kebakaran lahan. Saat itu juga BPBD mengerahkan 1 unit Damkar guna pemadaman.",,,0,0,False
4484,6104 107 2023 05 024 1,2023-05-24,2023,5,2023-05,6104,Ketapang,Kalimantan Barat,6104,kode,,0,,,,0,0,False
4485,3317 107 2023 05 024 1,2023-05-24,2023,5,2023-05,3317,Rembang,Jawa Tengah,3317,kode,Lasem Desa Selopuro,1,"WAKTU KEJADIAN Rabu, 24 Mei 2023 Pukul 16.36 WIB  LOKASI KEJADIAN Ds. Selopuro Kec. Lasem Kab. Rembang  SEBAB Anak kecil2 membakar daun tebu yang kering  DAMPAK Lahan sekitar ½ Ha daun tebu kering terbakar menyebabkan api menjalar ke bekas tebangan tebu yang akhirnya merambat dan membakar ke lahan tebu yang masih muda, taksiran kerugian Rp.28 juta  UPAYA PENANGANAN BPBD Kab. Rembang, Damkar,  Perangkat Ds. Selopuro dan Warga.melakukan pemadaman lahan yang terbakar serta pembasahan disekitar lokasi kejadian",,,0,0,False
4486,6372 107 2023 05 023 1,2023-05-23,2023,5,2023-05,6372,Kota Banjarbaru,Kalimantan Selatan,6372,kode,Liang Anggang,1,,,,0,0,False
4487,1301 107 2023 05 023 1,2023-05-23,2023,5,2023-05,1301,Pesisir Selatan,Sumatera Barat,1301,kode,Silaut  Kp. Pasir Janjang,1,masih dalam penyelidikan .,,,0,0,False
4488,6271 107 2023 05 023 1,2023-05-23,2023,5,2023-05,6271,Kota Palangkaraya,Kalimantan Tengah,6271,kode,Jekan Raya,1,,,,0,0,False
4489,1613 107 2023 05 022 1,2023-05-22,2023,5,2023-05,1613,Musi Rawas Utara,Sumatera Selatan,1613,kode,Karang Jaya,1,belum diketahui,,,0,0,False
4490,1105 107 2023 05 022 1,2023-05-22,2023,5,2023-05,1105,Aceh Barat,Aceh,1105,kode,Johan Pahlawan  Gp. Lapang Ujong Beurasok,1,Masih dalam penyelidikan pihak berwajib,,,0,0,False
4491,2101 107 2023 05 020 1,2023-05-20,2023,5,2023-05,2101,Bintan,Kepulauan Riau,2101,kode,Toapaya,1,,,,0,0,False
4492,1906 107 2023 05 020 1,2023-05-20,2023,5,2023-05,1906,Belitung Timur,Kepulauan Bangka Belitung,1906,kode,Damar,1,masih dalam proses penyelidikan,,,0,0,False
4493,1220 107 2023 05 019 1,2023-05-19,2023,5,2023-05,1220,Padang Lawas Utara,Sumatera Utara,1220,kode,,0,,,,0,0,False
4494,3604 107 2023 05 019 1,2023-05-19,2023,5,2023-05,3604,Serang,Banten,3604,kode,Kramatwatu,1,Dipicu oleh pembakaran sampah warga,,,0,0,False
4495,6201 107 2023 05 016 1,2023-05-16,2023,5,2023-05,6201,Kotawaringin Barat,Kalimantan Tengah,6201,kode,Arut Selatan,1,Pembukaan/pembersihan lahan oleh warga,,,0,0,False
4496,2103 107 2023 05 016 1,2023-05-16,2023,5,2023-05,2103,Natuna,Kepulauan Riau,2103,kode,Bunguran Selatan,1,,,,0,0,False
4497,1172 107 2023 05 015 1,2023-05-15,2023,5,2023-05,1172,Kota Sabang,Aceh,1172,kode,Suka Makmu  Jorong Cot Damar,1,dalam penyelidikan,,,0,0,False
4498,1106 107 2023 05 015 1,2023-05-15,2023,5,2023-05,1106,Aceh Besar,Aceh,1106,kode,Lhoknga,1,Akibat api dari puntung rokok,,,0,0,False
4499,6301 107 2023 05 015 1,2023-05-15,2023,5,2023-05,6301,Tanah Laut,Kalimantan Selatan,6301,kode,Bati-bati,1,dalam penyelidikan,,,0,0,False
4500,1223 107 2023 05 015 1,2023-05-15,2023,5,2023-05,1223,Labuhanbatu Utara,Sumatera Utara,1223,kode,,0,,,,0,0,False
4501,6501 107 2023 05 014 1,2023-05-14,2023,5,2023-05,6501,Bulungan,Kalimantan Utara,6501,kode,,0,"Beberapa pohon sawit, emak belukar",,,0,0,False
4502,7201 107 2023 05 014 1,2023-05-14,2023,5,2023-05,7201,Banggai,Sulawesi Tengah,7201,kode,Pagimana,1,"Sekitar Pukul 17.00 Wita,,di temukan titik api di Desa Poh,,tepatnya di lereng gunung (Lipatan Empat) dan selanjutnya makin menjalar ke titik perbatasan antara Desa Salodik dan Desa Poh",,,0,0,False
4503,6474 107 2023 05 012 1,2023-05-12,2023,5,2023-05,6474,Kota Bontang,Kalimantan Timur,6474,kode,,0,,,,0,0,False
4504,6408 107 2023 05 011 1,2023-05-11,2023,5,2023-05,6408,Kutai Timur,Kalimantan Timur,6408,kode,,0,,,,0,0,False
4505,3604 107 2023 05 011 1,2023-05-11,2023,5,2023-05,3604,Serang,Banten,3604,kode,Carenang,1,Dipicu oleh pembakaran sampah di dekat lahan ilalang,,,0,0,False
4506,2101 107 2023 05 010 1,2023-05-10,2023,5,2023-05,2101,Bintan,Kepulauan Riau,2101,kode,Toapaya; Bintan Timur,2,,,,0,0,False
4507,1106 107 2023 05 010 1,2023-05-10,2023,5,2023-05,1106,Aceh Besar,Aceh,1106,kode,Baitussalam,1,Masih dalam penyelidikan pihak yang berwajib,,,0,0,False
4508,2101 107 2023 05 02 1,2023-05-02,2023,5,2023-05,2101,Bintan,Kepulauan Riau,2101,kode,Gunung Kijang,1,,,,0,0,False
4509,6503 107 2023 05 01 1,2023-05-01,2023,5,2023-05,6503,Nunukan,Kalimantan Utara,6503,kode,,0,Terjadi pukul 13.00 - 16.00 wita,,,0,0,False
4510,6503 107 2023 04 030 1,2023-04-30,2023,4,2023-04,6503,Nunukan,Kalimantan Utara,6503,kode,,0,,,,0,0,False
4511,1105 107 2023 04 030 1,2023-04-30,2023,4,2023-04,1105,Aceh Barat,Aceh,1105,kode,Johan Pahlawan Gp. Lapang,1,Masih dalam penyelidikan,,,0,0,False
4512,2101 107 2023 04 029 1,2023-04-29,2023,4,2023-04,2101,Bintan,Kepulauan Riau,2101,kode,Bintan Utara,1,,,,0,0,False
4513,2105 107 2023 04 028 1,2023-04-28,2023,4,2023-04,2105,Kepulauan Anambas,Kepulauan Riau,2105,kode,Jemaja Timur,1,Dalam Penyelidikan,,,0,0,False
4514,2101 107 2023 04 027 1,2023-04-27,2023,4,2023-04,2101,Bintan,Kepulauan Riau,2101,kode,Gunung kijang,1,,,,0,0,False
4515,6503 107 2023 04 026 1,2023-04-26,2023,4,2023-04,6503,Nunukan,Kalimantan Utara,6503,kode,,0,,,,0,0,False
4516,6408 107 2023 04 026 1,2023-04-26,2023,4,2023-04,6408,Kutai Timur,Kalimantan Timur,6408,kode,,0,,,,0,0,False
4517,6503 107 2023 04 025 1,2023-04-25,2023,4,2023-04,6503,Nunukan,Kalimantan Utara,6503,kode,,0,,,,0,0,False
4518,6503 107 2023 04 024 1,2023-04-24,2023,4,2023-04,6503,Nunukan,Kalimantan Utara,6503,kode,,0,,,,0,0,False
4519,1106 107 2023 04 022 1,2023-04-22,2023,4,2023-04,1106,Aceh Besar,Aceh,1106,kode,,0,,,,0,0,False
4520,1904 107 2023 04 021 1,2023-04-21,2023,4,2023-04,1904,Bangka Tengah,Kepulauan Bangka Belitung,1904,kode,,0,"KARHUTLA DI DESA KURAU KEC.KOBA, TRC BPBD KAB.BANGKA TENGAH MELAKUKAN PEMADAMAN SECARA MANUAL.PENYEBAB KARHUTLA",,,0,0,False
4521,2101 107 2023 04 018 1,2023-04-18,2023,4,2023-04,2101,Bintan,Kepulauan Riau,2101,kode,Toapaya,1,,,,0,0,False
4522,1111 107 2023 04 017 1,2023-04-17,2023,4,2023-04,1111,Bireuen,Aceh,1111,kode,Kota Juang Gp. Geulanggang,1,Akibat pembakaran sampah samping jalan,,,0,0,False
4523,2101 107 2023 04 017 1,2023-04-17,2023,4,2023-04,2101,Bintan,Kepulauan Riau,2101,kode,Bintan Utara,1,,,,0,0,False
4524,6110 107 2023 04 016 1,2023-04-16,2023,4,2023-04,6110,Melawi,Kalimantan Barat,6110,kode,Belitung,1,Terjadi kebakaran kebun PT. RKA di NB5  block C1,,,0,0,False
4525,1104 107 2023 04 016 1,2023-04-16,2023,4,2023-04,1104,Aceh Tengah,Aceh,1104,kode,Bintang,1,"menerima informasi dari masyarakat bahwa di Kp. Mendale tepatnya di daerah Mepar, Kec. Kebanyakan sedang terjadi kebakaran lahan",,,0,0,False
4526,1104 107 2023 04 015 1,2023-04-15,2023,4,2023-04,1104,Aceh Tengah,Aceh,1104,kode,Bintang Ds Bewang,1,masih dalam penyelidikan,,,0,0,False
4527,1904 107 2023 04 012 1,2023-04-12,2023,4,2023-04,1904,Bangka Tengah,Kepulauan Bangka Belitung,1904,kode,,0,PENYEBAB KEBAKARAN BELUM DIKETAHUI,,,0,0,False
4528,1902 107 2023 04 011 1,2023-04-11,2023,4,2023-04,1902,Belitung,Kepulauan Bangka Belitung,1902,kode,,0,PENYEBAB KEBAKARAN BELUM DIKETAHUI,,,0,0,False
4529,2101 107 2023 04 011 1,2023-04-11,2023,4,2023-04,2101,Bintan,Kepulauan Riau,2101,kode,Bintan Timur,1,,,,0,0,False
4530,1105 107 2023 04 011 1,2023-04-11,2023,4,2023-04,1105,Aceh Barat,Aceh,1105,kode,Woyla Barat Gp. Napai,1,Masih dalam penyelidikan,,,0,0,False
4531,2103 107 2023 04 011 1,2023-04-11,2023,4,2023-04,2103,Natuna,Kepulauan Riau,2103,kode,Bunguran Selatan,1,,,,0,0,False
4532,1902 107 2023 04 05 1,2023-04-05,2023,4,2023-04,1902,Belitung,Kepulauan Bangka Belitung,1902,kode,,0,PENYEBAB KEBAKARAN BELUM DIKETAHUI,,,0,0,False
4533,1104 107 2023 04 05 1,2023-04-05,2023,4,2023-04,1104,Aceh Tengah,Aceh,1104,kode,Bintang,1,Dipicu oleh pembukaan lahan dengan cara dibakar,,,0,0,False
4534,2101 107 2023 04 02 1,2023-04-02,2023,4,2023-04,2101,Bintan,Kepulauan Riau,2101,kode,Bintan Timur,1,,,,0,0,False
4535,6503 107 2023 03 031 1,2023-03-31,2023,3,2023-03,6503,Nunukan,Kalimantan Utara,6503,kode,,0,,,,0,0,False
4536,1110 107 2023 03 029 1,2023-03-29,2023,3,2023-03,1110,Aceh Singkil,Aceh,1110,kode,Singkil Utara Desa Kampung Baru,1,"Petugas jaga Bandara Syekh Abdurrauf As Singkili melihat ada kabut asap disekitar lintasan pacu bandara,",,,0,0,False
4537,1106 107 2023 03 027 1,2023-03-27,2023,3,2023-03,1106,Aceh Besar,Aceh,1106,kode,Baitussalam Gp Lampineung,1,Masih dalam penyelidikan pihak berwajib.,,,0,0,False
4538,6503 107 2023 03 019 1,2023-03-19,2023,3,2023-03,6503,Nunukan,Kalimantan Utara,6503,kode,Nunukan Selatan,1,Masih dalam proses penyelidikan,,,0,0,False
4539,6571 107 2023 03 019 1,2023-03-19,2023,3,2023-03,6571,Kota Tarakan,Kalimantan Utara,6571,kode,,0,Masyarakat Membuka lahan dengan di bakar,,,0,0,False
4540,6503 107 2023 03 018 1,2023-03-18,2023,3,2023-03,6503,Nunukan,Kalimantan Utara,6503,kode,Nunukan selatan,1,Masih dalam proses penyelidikan,,,0,0,False
4541,6571 107 2023 03 018 1,2023-03-18,2023,3,2023-03,6571,Kota Tarakan,Kalimantan Utara,6571,kode,,0,Masyarakat Membuka lahan dengan di bakar,,,0,0,False
4542,1901 107 2023 03 018 1,2023-03-18,2023,3,2023-03,1901,Bangka,Kepulauan Bangka Belitung,1901,kode,,0,API DIDUGA BERASAL DARI OKNUM YANG MEMBAKAR SAMPAH DI DEKAT LAHAN PERUMAHAN GREEN HILL DENGAN SENGAJA,,,0,0,False
4543,1904 107 2023 03 018 1,2023-03-18,2023,3,2023-03,1904,Bangka Tengah,Kepulauan Bangka Belitung,1904,kode,,0,TITIK API DIDUGA BERASAL DARI TEMPAT PEMBUANGAN SAMPAH. API BERHASIL DIPADAMKAN PADA PUKUL 20.20 WIB,,,0,0,False
4544,6503 107 2023 03 017 1,2023-03-17,2023,3,2023-03,6503,Nunukan,Kalimantan Utara,6503,kode,,0,Masih dalam penyelidikan pihak yang berwajib,,,0,0,False
4545,1904 107 2023 03 017 1,2023-03-17,2023,3,2023-03,1904,Bangka Tengah,Kepulauan Bangka Belitung,1904,kode,,0,"TERDAPAT 5 TITIK API. PENYEBAB KARHUTLA MASIH BELUM DIKETAHUI,API BERHASIL DIPADAMKAN PADA PUKUL 21.40 WIB",,,0,0,False
4546,6503 107 2023 03 016 1,2023-03-16,2023,3,2023-03,6503,Nunukan,Kalimantan Utara,6503,kode,,0,,,,0,0,False
4547,1104 107 2023 03 016 1,2023-03-16,2023,3,2023-03,1104,Aceh Tengah,Aceh,1104,kode,Bintang Kp. Dedamar,1,Masih dalam penyelidikan pihak berwajib,,,0,0,False
4548,6503 107 2023 03 015 1,2023-03-15,2023,3,2023-03,6503,Nunukan,Kalimantan Utara,6503,kode,Nunukan  Selatan,1,Masih dalam penyelidikan pihak yang berwajib,,,0,0,False
4549,6503 107 2023 03 014 1,2023-03-14,2023,3,2023-03,6503,Nunukan,Kalimantan Utara,6503,kode,,0,"Titik Koordinat N 4°04'12.2088, E 117°35'50.694",,,0,0,False
4550,6503 107 2023 03 013 1,2023-03-13,2023,3,2023-03,6503,Nunukan,Kalimantan Utara,6503,kode,Binusan,1,Masih dalam penyelidikan,,,0,0,False
4551,6571 107 2023 03 013 1,2023-03-13,2023,3,2023-03,6571,Kota Tarakan,Kalimantan Utara,6571,kode,,0,Masyarakat Membuka lahan dengan di bakar,,,0,0,False
4552,6503 107 2023 03 012 1,2023-03-12,2023,3,2023-03,6503,Nunukan,Kalimantan Utara,6503,kode,,0,,,,0,0,False
4553,1101 107 2023 03 02 1,2023-03-02,2023,3,2023-03,1101,Aceh Selatan,Aceh,1101,kode,,0,,,,0,0,False
4554,2104 107 2023 02 026 1,2023-02-26,2023,2,2023-02,2104,Lingga,Kepulauan Riau,2104,kode,"Lingga,",1,,,,0,0,False
4555,6571 107 2023 02 026 1,2023-02-26,2023,2,2023-02,6571,Kota Tarakan,Kalimantan Utara,6571,kode,,0,Lahan terbakar akibat warga membakar sampah disertai angin dan cuaca yang  panas dengan cepat menghanguskan lahan disekitarnya,,,0,0,False
4556,1110 107 2023 02 025 1,2023-02-25,2023,2,2023-02,1110,Aceh Singkil,Aceh,1110,kode,,0,,,,0,0,False
4557,6503 107 2023 02 025 1,2023-02-25,2023,2,2023-02,6503,Nunukan,Kalimantan Utara,6503,kode,Nunukan Induk,1,Masih dalam penyelidikan pihak yang berwajib,,,0,0,False
4558,2104 107 2023 02 025 1,2023-02-25,2023,2,2023-02,2104,Lingga,Kepulauan Riau,2104,kode,Lingga Timur,1,Masih dalam penyelidikan pihak yang berwajib,,,0,0,False
4559,2103 107 2023 02 023 1,2023-02-23,2023,2,2023-02,2103,Natuna,Kepulauan Riau,2103,kode,Bunguran Selatan,1,masih dalam penyelidikan,,,0,0,False
4560,1906 107 2023 02 023 1,2023-02-23,2023,2,2023-02,1906,Belitung Timur,Kepulauan Bangka Belitung,1906,kode,,0,PENYEBAB KARHUTLA MASIH BELUM DIKETAHUI.API BERHASIL DIPADAMKAN PADA PUKUL 12.00 WIB,,,0,0,False
4561,2172 107 2023 02 020 1,2023-02-20,2023,2,2023-02,2172,Kota Tanjung Pinang,Kepulauan Riau,2172,kode,"Bukit Bestari,",1,,,,0,0,False
4562,1302 107 2023 02 020 1,2023-02-20,2023,2,2023-02,1301,Pesisir Selatan,Sumatera Barat,1301,kode,,0,,,,0,0,False
4563,6107 107 2023 02 019 1,2023-02-19,2023,2,2023-02,6107,Bengkayang,Kalimantan Barat,6107,kode,,0,,,,0,0,False
4564,1302 107 2023 02 019 1,2023-02-19,2023,2,2023-02,1301,Pesisir Selatan,Sumatera Barat,1301,kode,,0,,,,0,0,False
4565,1308 107 2023 02 019 1,2023-02-19,2023,2,2023-02,1307,Lima Puluh Kota,Sumatera Barat,1307,kode,,0,,,,0,0,False
4566,2172 107 2023 02 019 1,2023-02-19,2023,2,2023-02,2172,Kota Tanjung Pinang,Kepulauan Riau,2172,kode,Bukit Bestari,1,masih dalam proses penyelidikan,,,0,0,False
4567,6208 107 2023 02 019 1,2023-02-19,2023,2,2023-02,6208,Sukamara,Kalimantan Tengah,6208,kode,Sukamara,1,masih dalam proses penyelidikan,,,0,0,False
4568,1302 107 2023 02 018 1,2023-02-18,2023,2,2023-02,1301,Pesisir Selatan,Sumatera Barat,1301,kode,,0,,,,0,0,False
4569,6208 107 2023 02 018 1,2023-02-18,2023,2,2023-02,6208,Sukamara,Kalimantan Tengah,6208,kode,Sukamara,1,Masih dalam penyelidikan,,,0,0,False
4570,1308 107 2023 02 017 1,2023-02-17,2023,2,2023-02,1307,Lima Puluh Kota,Sumatera Barat,1307,kode,,0,,,,0,0,False
4571,6208 107 2023 02 017 1,2023-02-17,2023,2,2023-02,6208,Sukamara,Kalimantan Tengah,6208,kode,Sukamara,1,Masih dalam penyelidikan,,,0,0,False
4572,6104 107 2023 02 011 1,2023-02-11,2023,2,2023-02,6104,Ketapang,Kalimantan Barat,6104,kode,Matan Hilir Utara Desa Tanjung Baik Budi,1,Masih dalam penyelidikan,,,0,0,False
4573,2103 107 2023 02 010 1,2023-02-10,2023,2,2023-02,2103,Natuna,Kepulauan Riau,2103,kode,"Bunguran Selatan, Desa Cemaga",1,,,,0,0,False
4574,6112 107 2023 02 010 1,2023-02-10,2023,2,2023-02,6112,Kubu Raya,Kalimantan Barat,6112,kode,,0,,,,0,0,False
4575,6503 107 2023 02 010 1,2023-02-10,2023,2,2023-02,6503,Nunukan,Kalimantan Utara,6503,kode,,0,,,,0,0,False
4576,7303 107 2023 02 09 1,2023-02-09,2023,2,2023-02,7303,Bantaeng,Sulawesi Selatan,7303,kode,,0,Cuaca ekstrem,,,0,0,False
4577,1105 107 2023 02 09 1,2023-02-09,2023,2,2023-02,1105,Aceh Barat,Aceh,1105,kode,Mereubo  GP. Ujong Tanoh darat,1,Penyebab belum diketahui masih dalam penyelidikan pihak berwajib.,,,0,0,False
4578,1906 107 2023 02 08 1,2023-02-08,2023,2,2023-02,1906,Belitung Timur,Kepulauan Bangka Belitung,1906,kode,,0,PENYEBAB KEBAKARAN BELUM DIKETAHUI,,,0,0,False
4579,6104 107 2023 02 08 1,2023-02-08,2023,2,2023-02,6104,Ketapang,Kalimantan Barat,6104,kode,Matan Hilir Utara,1,Masih dalam penyelidikan,,,0,0,False
4580,2101 107 2023 02 08 1,2023-02-08,2023,2,2023-02,2101,Bintan,Kepulauan Riau,2101,kode,"Bintang Utara,",1,,,,0,0,False
4581,1610 107 2023 02 07 1,2023-02-07,2023,2,2023-02,1610,Ogan Ilir,Sumatera Selatan,1610,kode,Pemulutan Barat,1,,,,0,0,False
4582,6102 107 2023 02 07 1,2023-02-07,2023,2,2023-02,6102,Mempawah,Kalimantan Barat,6102,kode,,0,,,,0,0,False
4583,2102 107 2023 02 05 1,2023-02-05,2023,2,2023-02,2102,Karimun,Kepulauan Riau,2102,kode,"Meral Barat,",1,,,,0,0,False
4584,1906 107 2023 02 04 1,2023-02-04,2023,2,2023-02,1906,Belitung Timur,Kepulauan Bangka Belitung,1906,kode,,0,PENYEBAB KEBAKARAN KARENA PEMBERSIHAN DAN PEMBAKARAN LAHAN YANG TIDAK TERKENDALI,,,0,0,False
4585,1308 107 2023 02 03 1,2023-02-03,2023,2,2023-02,1307,Lima Puluh Kota,Sumatera Barat,1307,kode,,0,,,,0,0,False
4586,1610 107 2023 02 01 1,2023-02-01,2023,2,2023-02,1610,Ogan Ilir,Sumatera Selatan,1610,kode,,0,,,,0,0,False
4587,1403 107 2023 01 031 1,2023-01-31,2023,1,2023-01,1403,Bengkalis,Riau,1403,kode,Talang Mandau; Bukit Batu,2,,,,0,0,False
4588,1471 107 2023 01 031 1,2023-01-31,2023,1,2023-01,1471,Kota Pekanbaru,Riau,1471,kode,Marpoyan Damai,1,,,,0,0,False
4589,1408 107 2023 01 031 1,2023-01-31,2023,1,2023-01,1408,Siak,Riau,1408,kode,Siak,1,,,,0,0,False
4590,1308 107 2023 01 028 1,2023-01-28,2023,1,2023-01,1307,Lima Puluh Kota,Sumatera Barat,1307,kode,,0,,,,0,0,False
4591,1610 107 2023 01 027 1,2023-01-27,2023,1,2023-01,1610,Ogan Ilir,Sumatera Selatan,1610,kode,,0,,,,0,0,False
4592,6503 107 2023 01 021 1,2023-01-21,2023,1,2023-01,6503,Nunukan,Kalimantan Utara,6503,kode,,0,Lahan di desa tujung perkebunan an. Markus,,,0,0,False
4593,1104 107 2023 01 020 1,2023-01-20,2023,1,2023-01,1104,Aceh Tengah,Aceh,1104,kode,Jagong Jeget Gampong Jeger Ayu,1,Masih dalam penyelidikan pihak yang berwajib,,,0,0,False
4594,1114 107 2023 01 020 1,2023-01-20,2023,1,2023-01,1114,Aceh Jaya,Aceh,1114,kode,Panga Gampong Alue Piet,1,Masih dalam penyelidikan pihak yang berwajib,,,0,0,False
4595,6208 107 2023 01 020 1,2023-01-20,2023,1,2023-01,6208,Sukamara,Kalimantan Tengah,6208,kode,Sukamara,1,Masih dalam penyelidikan pihak yang berwajib,,,0,0,False
4596,6503 107 2023 01 019 1,2023-01-19,2023,1,2023-01,6503,Nunukan,Kalimantan Utara,6503,kode,,0,Lahan atas nama bpk. Muslimin,,,0,0,False
4597,7402 107 2023 01 017 1,2023-01-17,2023,1,2023-01,7402,Konawe,Sulawesi Tenggara,7402,kode,Puriala,1,dalam penyelidikan,,,0,0,False
4598,6206 107 2023 01 017 1,2023-01-17,2023,1,2023-01,6206,Katingan,Kalimantan Tengah,6206,kode,Katingan,1,pembebasan lahan,,,0,0,False
4599,6208 107 2023 01 017 1,2023-01-17,2023,1,2023-01,6208,Sukamara,Kalimantan Tengah,6208,kode,Sukamara,1,masih dalam penyelidikan,,,0,0,False
4600,6112 107 2023 01 016 1,2023-01-16,2023,1,2023-01,6112,Kubu Raya,Kalimantan Barat,6112,kode,,0,,,,0,0,False
4601,6208 107 2023 01 016 1,2023-01-16,2023,1,2023-01,6208,Sukamara,Kalimantan Tengah,6208,kode,Sukamara,1,Masih dalam proses penyelidikan,,,0,0,False
4602,2103 107 2023 01 016 1,2023-01-16,2023,1,2023-01,2103,Natuna,Kepulauan Riau,2103,kode,Bunguran Utara,1,masih dalam proses penyelidikan,,,0,0,False
4603,6204 107 2023 01 014 1,2023-01-14,2023,1,2023-01,6204,Barito Selatan,Kalimantan Tengah,6204,kode,Dusun Selatan,1,masih dalam proses penyelidikan,,,0,0,False
4604,1308 107 2023 01 013 1,2023-01-13,2023,1,2023-01,1307,Lima Puluh Kota,Sumatera Barat,1307,kode,,0,,,,0,0,False
4605,1308 107 2023 01 010 1,2023-01-10,2023,1,2023-01,1307,Lima Puluh Kota,Sumatera Barat,1307,kode,,0,,,,0,0,False
4606,6112 107 2023 01 04 1,2023-01-04,2023,1,2023-01,6112,Kubu Raya,Kalimantan Barat,6112,kode,,0,,,,0,0,False
4607,6112 107 2023 01 03 1,2023-01-03,2023,1,2023-01,6112,Kubu Raya,Kalimantan Barat,6112,kode,,0,,,,0,0,False
4608,6104 107 2023 01 03 1,2023-01-03,2023,1,2023-01,6104,Ketapang,Kalimantan Barat,6104,kode,,0,,,,0,0,False
4609,1304 107 2023 01 02 1,2023-01-02,2023,1,2023-01,1303,Sijunjung,Sumatera Barat,1303,kode,,0,,,,0,0,False
4610,6171 107 2023 01 02 1,2023-01-02,2023,1,2023-01,6171,Kota Pontianak,Kalimantan Barat,6171,kode,,0,dalam proses penyelidikan,,,0,0,False
4611,6108 107 2023 01 02 1,2023-01-02,2023,1,2023-01,6108,Landak,Kalimantan Barat,6108,kode,,0,dalam proses penyelidikan,,,0,0,False
4612,6102 107 2023 01 02 1,2023-01-02,2023,1,2023-01,6102,Mempawah,Kalimantan Barat,6102,kode,,0,dalam proses penyelidikan,,,0,0,False
4613,6201 107 2023 01 02 1,2023-01-02,2023,1,2023-01,6201,Kotawaringin Barat,Kalimantan Tengah,6201,kode,Arut Selatan,1,Masih dalam penyelidikan pihak yang berwajib,,,0,0,False
4614,6110 107 2023 01 02 1,2023-01-02,2023,1,2023-01,6110,Melawi,Kalimantan Barat,6110,kode,,0,dalam proses penyelidikan,,,0,0,False
4615,6101 107 2023 01 02 1,2023-01-02,2023,1,2023-01,6101,Sambas,Kalimantan Barat,6101,kode,,0,dalam proses penyelidikan,,,0,0,False
4616,6106 107 2023 01 02 1,2023-01-02,2023,1,2023-01,6106,Kapuas Hulu,Kalimantan Barat,6106,kode,,0,dalam proses penyelidikan,,,0,0,False
4617,6112 107 2023 01 02 1,2023-01-02,2023,1,2023-01,6112,Kubu Raya,Kalimantan Barat,6112,kode,,0,dalam proses penyelidikan,,,0,0,False
4618,6107 107 2023 01 02 1,2023-01-02,2023,1,2023-01,6107,Bengkayang,Kalimantan Barat,6107,kode,,0,dalam proses penyelidikan,,,0,0,False
4619,6172 107 2023 01 02 1,2023-01-02,2023,1,2023-01,6172,Kota Singkawang,Kalimantan Barat,6172,kode,,0,dalam proses penyelidikan,,,0,0,False
4620,6109 107 2023 01 02 1,2023-01-02,2023,1,2023-01,6109,Sekadau,Kalimantan Barat,6109,kode,,0,dalam proses penyelidikan,,,0,0,False
4621,6111 107 2023 01 02 1,2023-01-02,2023,1,2023-01,6111,Kayong Utara,Kalimantan Barat,6111,kode,,0,dalam proses penyelidikan,,,0,0,False
4622,6104 107 2023 01 02 1,2023-01-02,2023,1,2023-01,6104,Ketapang,Kalimantan Barat,6104,kode,Matan Hilir Selatan; Matan Hilir Utara; Muara Pawan; Benua Kayong,4,Masih dalam penyelidikan pihak yang berwajib,,,0,0,False
4623,6103 107 2023 01 02 1,2023-01-02,2023,1,2023-01,6103,Sanggau,Kalimantan Barat,6103,kode,,0,dalam proses penyelidikan,,,0,0,False
4624,6105 107 2023 01 02 1,2023-01-02,2023,1,2023-01,6105,Sintang,Kalimantan Barat,6105,kode,,0,dalam proses penyelidikan,,,0,0,False
4625,1612 107 2023 01 01 1,2023-01-01,2023,1,2023-01,1612,Penukal Abab Lematang Ilir,Sumatera Selatan,1612,kode,Talang Ubi,1,Dalam proses penyelidikan,,,0,0,False
4626,1505 107 2023 01 01 1,2023-01-01,2023,1,2023-01,1505,Muaro Jambi,Jambi,1505,kode,,0,Masih dalam penyelidikan,,,0,0,False
4627,6202 107 2023 01 01 1,2023-01-01,2023,1,2023-01,6202,Kotawaringin Timur,Kalimantan Tengah,6202,kode,Teluk Sampit; MH. Selatan; MH. Utara; Pulau Hanaut; MB. Ketapang; Seranau; Baamang; Kota Besi; Telawang; Cempaga; Tempaga Hulu; Parenggean; Mentaya Hulu; Tualan Hulu; Bukit Santuai; Telaga Antang; Antang Kalang,17,Masih dalam penyelidikan,,,0,0,False
4628,1471 107 2023 01 01 1,2023-01-01,2023,1,2023-01,1471,Kota Pekanbaru,Riau,1471,kode,Marpoyan Damai,1,Masih dalam penyelidikan,,,0,0,False
4629,1410 107 2023 01 01 1,2023-01-01,2023,1,2023-01,1410,Kepulauan Meranti,Riau,1410,kode,Rangsang,1,Masih dalam penyelidikan,,,0,0,False
4630,6211 107 2023 01 01 1,2023-01-01,2023,1,2023-01,6211,Pulang Pisau,Kalimantan Tengah,6211,kode,,0,Masih dalam penyelidikan,,,0,0,False
4631,1603 107 2023 01 01 1,2023-01-01,2023,1,2023-01,1603,Muara Enim,Sumatera Selatan,1603,kode,,0,Dalam proses penyelidikan,,,0,0,False
4632,6201 107 2023 01 01 1,2023-01-01,2023,1,2023-01,6201,Kotawaringin Barat,Kalimantan Tengah,6201,kode,,0,Masih dalam penyelidikan,,,0,0,False
4633,6203 107 2023 01 01 1,2023-01-01,2023,1,2023-01,6203,Kapuas,Kalimantan Tengah,6203,kode,,0,Masih dalam penyelidikan,,,0,0,False
4634,1609 107 2023 01 01 1,2023-01-01,2023,1,2023-01,1609,Ogan Komering Ulu Selatan,Sumatera Selatan,1609,kode,,0,Dalam proses penyelidikan,,,0,0,False
4635,1403 107 2023 01 01 1,2023-01-01,2023,1,2023-01,1403,Bengkalis,Riau,1403,kode,Talang Mandau; Bukit Batu,2,Masih dalam penyelidikan,,,0,0,False
4636,1406 107 2023 01 01 1,2023-01-01,2023,1,2023-01,1406,Rokan Hulu,Riau,1406,kode,,0,Masih dalam penyelidikan,,,0,0,False
4637,6309 107 2023 01 01 1,2023-01-01,2023,1,2023-01,6309,Tabalong,Kalimantan Selatan,6309,kode,,0,Masih dalam proses Penyelidikan,,,0,0,False
4638,1503 107 2023 01 01 1,2023-01-01,2023,1,2023-01,1503,Sarolangun,Jambi,1503,kode,,0,Masih dalam penyelidikan,,,0,0,False
4639,1506 107 2023 01 01 1,2023-01-01,2023,1,2023-01,1506,Tanjung Jabung Barat,Jambi,1506,kode,,0,Masih dalam penyelidikan,,,0,0,False
4640,6212 107 2023 01 01 1,2023-01-01,2023,1,2023-01,6212,Murung Raya,Kalimantan Tengah,6212,kode,,0,Masih dalam penyelidikan,,,0,0,False
4641,1610 107 2023 01 01 1,2023-01-01,2023,1,2023-01,1610,Ogan Ilir,Sumatera Selatan,1610,kode,Pemulutan Barat; Pemulutan Barat; Lubuk Keliat; Muara Kuang,4,Dalam proses penyelidikan,,,0,0,False
4642,6306 107 2023 01 01 1,2023-01-01,2023,1,2023-01,6306,Hulu Sungai Selatan,Kalimantan Selatan,6306,kode,,0,Masih dalam proses Penyelidikan,,,0,0,False
4643,6301 107 2023 01 01 1,2023-01-01,2023,1,2023-01,6301,Tanah Laut,Kalimantan Selatan,6301,kode,,0,Masih dalam proses Penyelidikan,,,0,0,False
4644,6308 107 2023 01 01 1,2023-01-01,2023,1,2023-01,6308,Hulu Sungai Utara,Kalimantan Selatan,6308,kode,,0,Masih dalam proses Penyelidikan,,,0,0,False
4645,1408 107 2023 01 01 1,2023-01-01,2023,1,2023-01,1408,Siak,Riau,1408,kode,Siak,1,Masih dalam penyelidikan,,,0,0,False
4646,6371 107 2023 01 01 1,2023-01-01,2023,1,2023-01,6371,Kota Banjarmasin,Kalimantan Selatan,6371,kode,,0,Masih dalam proses Penyelidikan,,,0,0,False
4647,1601 107 2023 01 01 1,2023-01-01,2023,1,2023-01,1601,Ogan Komering Ulu,Sumatera Selatan,1601,kode,,0,Dalam proses penyelidikan,,,0,0,False
4648,6209 107 2023 01 01 1,2023-01-01,2023,1,2023-01,6209,Lamandau,Kalimantan Tengah,6209,kode,,0,Masih dalam penyelidikan,,,0,0,False
4649,1502 107 2023 01 01 1,2023-01-01,2023,1,2023-01,1502,Merangin,Jambi,1502,kode,,0,Masih dalam penyelidikan,,,0,0,False
4650,6307 107 2023 01 01 1,2023-01-01,2023,1,2023-01,6307,Hulu Sungai Tengah,Kalimantan Selatan,6307,kode,,0,Masih dalam proses Penyelidikan,,,0,0,False
4651,6311 107 2023 01 01 1,2023-01-01,2023,1,2023-01,6311,Balangan,Kalimantan Selatan,6311,kode,,0,Masih dalam proses Penyelidikan,,,0,0,False
4652,6208 107 2023 01 01 1,2023-01-01,2023,1,2023-01,6208,Sukamara,Kalimantan Tengah,6208,kode,,0,Masih dalam penyelidikan,,,0,0,False
4653,6204 107 2023 01 01 1,2023-01-01,2023,1,2023-01,6204,Barito Selatan,Kalimantan Tengah,6204,kode,,0,Masih dalam penyelidikan,,,0,0,False
4654,1405 107 2023 01 01 1,2023-01-01,2023,1,2023-01,1405,Pelalawan,Riau,1405,kode,Bunut,1,Masih dalam penyelidikan,,,0,0,False
4655,6310 107 2023 01 01 1,2023-01-01,2023,1,2023-01,6310,Tanah Bumbu,Kalimantan Selatan,6310,kode,,0,Masih dalam proses Penyelidikan,,,0,0,False
4656,6302 107 2023 01 01 1,2023-01-01,2023,1,2023-01,6302,Kotabaru,Kalimantan Selatan,6302,kode,,0,Masih dalam proses Penyelidikan,,,0,0,False
4657,6372 107 2023 01 01 1,2023-01-01,2023,1,2023-01,6372,Kota Banjarbaru,Kalimantan Selatan,6372,kode,,0,Masih dalam proses Penyelidikan,,,0,0,False
4658,6206 107 2023 01 01 1,2023-01-01,2023,1,2023-01,6206,Katingan,Kalimantan Tengah,6206,kode,,0,Masih dalam penyelidikan,,,0,0,False
4659,6407 107 2023 01 01 1,2023-01-01,2023,1,2023-01,6407,Kutai Barat,Kalimantan Timur,6407,kode,,0,,,,0,0,False
4660,1606 107 2023 01 01 1,2023-01-01,2023,1,2023-01,1606,Musi Banyuasin,Sumatera Selatan,1606,kode,Lais; Plakat Tinggi; Sungai Keruh,3,Dalam proses penyelidikan,,,0,0,False
4661,6207 107 2023 01 01 1,2023-01-01,2023,1,2023-01,6207,Seruyan,Kalimantan Tengah,6207,kode,,0,Masih dalam proses Penyelidikan,,,0,0,False
4662,1402 107 2023 01 01 1,2023-01-01,2023,1,2023-01,1402,Indragiri Hulu,Riau,1402,kode,,0,Masih dalam penyelidikan,,,0,0,False
4663,1404 107 2023 01 01 1,2023-01-01,2023,1,2023-01,1404,Indragiri Hilir,Riau,1404,kode,,0,,,,0,0,False
4664,1613 107 2023 01 01 1,2023-01-01,2023,1,2023-01,1613,Musi Rawas Utara,Sumatera Selatan,1613,kode,Karang Jaya,1,Dalam proses penyelidikan,,,0,0,False
4665,1472 107 2023 01 01 1,2023-01-01,2023,1,2023-01,1472,Kota Dumai,Riau,1472,kode,Sungai Sembilan,1,Masih dalam penyelidikan,,,0,0,False
4666,6304 107 2023 01 01 1,2023-01-01,2023,1,2023-01,6304,Barito Kuala,Kalimantan Selatan,6304,kode,,0,Masih dalam proses Penyelidikan,,,0,0,False
4667,6205 107 2023 01 01 1,2023-01-01,2023,1,2023-01,6205,Barito Utara,Kalimantan Tengah,6205,kode,,0,Masih dalam penyelidikan,,,0,0,False
4668,6305 107 2023 01 01 1,2023-01-01,2023,1,2023-01,6305,Tapin,Kalimantan Selatan,6305,kode,,0,Masih dalam proses Penyelidikan,,,0,0,False
4669,1671 107 2023 01 01 1,2023-01-01,2023,1,2023-01,1671,Kota Palembang,Sumatera Selatan,1671,kode,,0,Dalam proses penyelidikan,,,0,0,False
4670,1602 107 2023 01 01 1,2023-01-01,2023,1,2023-01,1602,Ogan Komering Ilir,Sumatera Selatan,1602,kode,,0,Dalam proses penyelidikan,,,0,0,False
4671,6303 107 2023 01 01 1,2023-01-01,2023,1,2023-01,6303,Banjar,Kalimantan Selatan,6303,kode,,0,Masih dalam proses Penyelidikan,,,0,0,False
4672,6271 107 2023 01 01 1,2023-01-01,2023,1,2023-01,6271,Kota Palangkaraya,Kalimantan Tengah,6271,kode,Pahandut; Jekan Raya; Sabangau; Bukit Batu,4,Masih dalam penyelidikan,,,0,0,False
4673,1509 107 2023 01 01 1,2023-01-01,2023,1,2023-01,1509,Tebo,Jambi,1509,kode,,0,Masih dalam penyelidikan,,,0,0,False
4674,6210 107 2023 01 01 1,2023-01-01,2023,1,2023-01,6210,Gunung Mas,Kalimantan Tengah,6210,kode,,0,dalam pemeriksaan pihak berwajib,,,0,0,False
4675,1401 107 2023 01 01 1,2023-01-01,2023,1,2023-01,1401,Kampar,Riau,1401,kode,Bunut,1,Masih dalam penyelidikan,,,0,0,False
4676,1504 107 2023 01 01 1,2023-01-01,2023,1,2023-01,1504,Batanghari,Jambi,1504,kode,,0,Masih dalam penyelidikan,,,0,0,False
4677,1613 107 2023 01 01 1,2023-01-01,2023,1,2023-01,1613,Musi Rawas Utara,Sumatera Selatan,1613,kode,,0,Dalam proses penyelidikan,,,0,0,False
4678,1508 107 2023 01 01 1,2023-01-01,2023,1,2023-01,1508,Bungo,Jambi,1508,kode,,0,Masih dalam penyelidikan,,,0,0,False
4679,1674 107 2023 01 01 1,2023-01-01,2023,1,2023-01,1674,Kota Prabumulih,Sumatera Selatan,1674,kode,,0,Dalam proses penyelidikan,,,0,0,False
4680,1407 107 2023 01 01 1,2023-01-01,2023,1,2023-01,1407,Rokan Hilir,Riau,1407,kode,,0,Masih dalam penyelidikan,,,0,0,False
4681,1605 107 2023 01 01 1,2023-01-01,2023,1,2023-01,1605,Musi Rawas,Sumatera Selatan,1605,kode,,0,Dalam proses penyelidikan,,,0,0,False
4682,1409 107 2023 01 01 1,2023-01-01,2023,1,2023-01,1409,Kuantan Singingi,Riau,1409,kode,,0,Masih dalam penyelidikan,,,0,0,False
4683,6201 107 2022 012 030 1,2022-12-30,2022,12,2022-12,6201,Kotawaringin Barat,Kalimantan Tengah,6201,kode,Arut Selatan,1,Masih dalam Penyelidikan,,,0,0,False
4684,6206 107 2022 012 026 1,2022-12-26,2022,12,2022-12,6208,Sukamara,Kalimantan Tengah,6208,kode,Pantai Luci,1,masih dalam penyelidikan,,,0,0,False
4685,6303 107 2022 010 031 1,2022-10-31,2022,10,2022-10,6303,Banjar,Kalimantan Selatan,6303,kode,Martapura Desa Labuan Tabu,1,,,,0,0,False
4686,6305 107 2022 010 029 1,2022-10-29,2022,10,2022-10,6305,Tapin,Kalimantan Selatan,6305,kode,Candi Laras Utara,1,Terpantau 3 HS yang berada di wilayah Kab. Tapin oleh Tim Satgas Udara. Tims Satgas Darat Kab. Tapin merespon laporan yang diterima,,,0,0,False
4687,6306 107 2022 010 016 1,2022-10-16,2022,10,2022-10,6306,Hulu Sungai Selatan,Kalimantan Selatan,6306,kode,,0,Dalam penyelidikan pihak berwajib,,,0,0,False
4688,1108 107 2022 010 03 1,2022-10-03,2022,10,2022-10,1106,Aceh Besar,Aceh,1106,kode,Lembah Seulawah  Gp. Teladan,1,dalam penyelidikan,,,0,0,False
4689,6311 107 2022 010 01 1,2022-10-01,2022,10,2022-10,6311,Balangan,Kalimantan Selatan,6311,kode,Paringin Selatan,1,belum di ketahui,,,0,0,False
4690,6213 107 2022 09 030 1,2022-09-30,2022,9,2022-09,6212,Murung Raya,Kalimantan Tengah,6212,kode,,0,belum diketahui,,,0,0,False
4691,3516 107 2022 09 029 1,2022-09-29,2022,9,2022-09,3516,Mojokerto,Jawa Timur,3516,kode,Dawarblandong; Puri,2,Penyebab kebakaran diduga dibakar oleh orang yang tidak bertanggung jawab,,,0,0,False
4692,3516 107 2022 09 028 1,2022-09-28,2022,9,2022-09,3516,Mojokerto,Jawa Timur,3516,kode,Kutorejo,1,Dalam proses penyelidikan,,,0,0,False
4693,3512 107 2022 09 027 1,2022-09-27,2022,9,2022-09,3512,Situbondo,Jawa Timur,3512,kode,,0,,,,0,0,False
4694,3210 107 2022 09 027 1,2022-09-27,2022,9,2022-09,3210,Majalengka,Jawa Barat,3210,kode,Sindangwangi,1,,,,0,0,False
4695,6502 107 2022 09 026 1,2022-09-26,2022,9,2022-09,6501,Bulungan,Kalimantan Utara,6501,kode,Tanjung Palas,1,Dipicu oleh pembukaan lahan pertanian masyarakat,,,0,0,False
4696,1603 107 2022 09 026 1,2022-09-26,2022,9,2022-09,1603,Muara Enim,Sumatera Selatan,1603,kode,Muara Enim.  Jalan Veteran Pasar 1 Pelita Sari,1,Masih dalam Penyelidikan,,,0,0,False
4697,3210 107 2022 09 025 1,2022-09-25,2022,9,2022-09,3210,Majalengka,Jawa Barat,3210,kode,,0,"Pada Hari Minggu Tanggal 25 September 2022 Pukul 18.00 WIB. Telah Terjadi Kebakaran Lahan yang di akibatkan oleh warga yang sengaja membakar lahan, Sehingga Mengakibatkan Lahan Terbakar Seluas 0,5 H Terbakar Dan Api Berhasil Dipadamkan Pada Pukul 19.53 WIB.",,,0,0,False
4698,3208 107 2022 09 025 1,2022-09-25,2022,9,2022-09,3208,Kuningan,Jawa Barat,3208,kode,Pasawahan TN. G. Ciremai,1,dalam proses penyelidikan,,,0,0,False
4699,3511 107 2022 09 024 1,2022-09-24,2022,9,2022-09,3511,Bondowoso,Jawa Timur,3511,kode,Ijen,1,Dalam Proses penyelidikan,,,0,0,False
4700,3512 107 2022 09 023 1,2022-09-23,2022,9,2022-09,3512,Situbondo,Jawa Timur,3512,kode,Kapongan,1,Masih dalam penyelidikan pihak berwajib,,,0,0,False
4701,6405 107 2022 09 023 1,2022-09-23,2022,9,2022-09,6403,Berau,Kalimantan Timur,6403,kode,Teluk Bayur,1,Masih dalam penyelidikan pihak berwajib,,,0,0,False
4702,3211 107 2022 09 020 1,2022-09-20,2022,9,2022-09,3211,Sumedang,Jawa Barat,3211,kode,Sumedang Utara,1,sengaja dibakar untuk pembukaan lahan,,,0,0,False
4703,1106 107 2022 09 020 1,2022-09-20,2022,9,2022-09,1104,Aceh Tengah,Aceh,1104,kode,Bintang  Kp. Dedamar,1,dalam penyelidikan,,,0,0,False
4704,6204 107 2022 09 018 1,2022-09-18,2022,9,2022-09,6204,Barito Selatan,Kalimantan Tengah,6204,kode,Dusun Selatan,1,dalam penyelidikan,,,0,0,False
4705,6303 107 2022 09 018 1,2022-09-18,2022,9,2022-09,6303,Banjar,Kalimantan Selatan,6303,kode,Sungai Pinang,1,masih dalam penyelidikan pihak terkait,,,0,0,False
4706,6306 107 2022 09 018 1,2022-09-18,2022,9,2022-09,6306,Hulu Sungai Selatan,Kalimantan Selatan,6306,kode,Daha Selatan; Daha Barat; Daha,3,Masih dalam penyelidikan petugas terkait,,,0,0,False
4707,6402 107 2022 09 018 1,2022-09-18,2022,9,2022-09,6407,Kutai Barat,Kalimantan Timur,6407,kode,Sekolaq Darat  Kamp. Sekolaq Joleq,1,sengaja di bakar masyarakat,,,0,0,False
4708,6306 107 2022 09 018 1,2022-09-18,2022,9,2022-09,6306,Hulu Sungai Selatan,Kalimantan Selatan,6306,kode,Kalumpang; Daha Utara; Daha Selatan; Daha Barat; Kandangan,5,dalam penyelidikan,,,0,0,False
4709,6201 107 2022 09 018 1,2022-09-18,2022,9,2022-09,6201,Kotawaringin Barat,Kalimantan Tengah,6201,kode,Kumai,1,Pembersihan lahan oleh masyarakat,,,0,0,False
4710,6306 107 2022 09 017 1,2022-09-17,2022,9,2022-09,6306,Hulu Sungai Selatan,Kalimantan Selatan,6306,kode,Daha Barat,1,Masih dalam proses penyelidikan,,,0,0,False
4711,3512 107 2022 09 017 1,2022-09-17,2022,9,2022-09,3512,Situbondo,Jawa Timur,3512,kode,Porong,1,Dalam proses penyelidikan,,,0,0,False
4712,5309 107 2022 09 017 1,2022-09-17,2022,9,2022-09,5306,Flores Timur,Nusa Tenggara Timur,5306,kode,Adonara Barat,1,Dipicu oleh Pembukaan lahan perkebunan masyarakat Ds. Bugalima,,,0,0,False
4713,3512 107 2022 09 016 1,2022-09-16,2022,9,2022-09,3512,Situbondo,Jawa Timur,3512,kode,Kendit,1,dalam proses penyelidikan,,,0,0,False
4714,6206 107 2022 09 015 1,2022-09-15,2022,9,2022-09,6208,Sukamara,Kalimantan Tengah,6208,kode,pantai lunci Ds Sungai cabang barat,1,Telah kebakaran terjadi di Desa sungai cabang barat Masih dalam penyelidikan pihak berwajib,,,0,0,False
4715,1103 107 2022 09 015 1,2022-09-15,2022,9,2022-09,1101,Aceh Selatan,Aceh,1101,kode,Bakongan Gp.Ujong Mangki,1,Telah terjadi kebakaran Lahan. penyebab kebakaran masih dalam penyelidikan pihak berwajib,,,0,0,False
4716,6306 107 2022 09 014 1,2022-09-14,2022,9,2022-09,6306,Hulu Sungai Selatan,Kalimantan Selatan,6306,kode,Daha Selatan; Daha Utara,2,"Kejadian kebakaran hutan dan lahan pada hari, Tanggal : Rabu, 14 September 2022, pukul : 11.37 wita.  Masih dalam penyelidikan pihak berwajib.",,,0,0,False
4717,1112 107 2022 09 014 1,2022-09-14,2022,9,2022-09,1112,Aceh Barat Daya,Aceh,1112,kode,Setia Gp. Alue Dama,1,Masih dalam penyelidikan pihak berwajib.,,,0,0,False
4718,3512 107 2022 09 012 1,2022-09-12,2022,9,2022-09,3512,Situbondo,Jawa Timur,3512,kode,Suboh  Ds Gunung Malang,1,,,,0,0,False
4719,1106 107 2022 09 012 1,2022-09-12,2022,9,2022-09,1104,Aceh Tengah,Aceh,1104,kode,,0,"Pada pukul 13.30 WIB Posko Damkar  Bintang menerima informasi dari masyarakat bahwa di Kp.Bewang Kecamatan Bintang sedang terjadi karhutla. Saat itu juga personil Damkar langsung menuju lokasi kejadian.  Sampai saat ini  pukul 16:00 WIB api belum dapat dipadamkan, hal ini dikarenakan tebalnya humus  di lokasi kejadian.",,,0,0,False
4720,1108 107 2022 09 011 1,2022-09-11,2022,9,2022-09,1106,Aceh Besar,Aceh,1106,kode,Lembah Seulawah,1,Masih dalam penyelidikan,,,0,0,False
4721,1505 107 2022 09 011 1,2022-09-11,2022,9,2022-09,1505,Muaro Jambi,Jambi,1505,kode,Sekernan Ds Bukit Baling,1,Telah terjadi kebakaran Lahan Milik Masyarakat penyebab kebakaran masih dalam penyelidikan pihak berwajib,,,0,0,False
4722,1102 107 2022 09 010 1,2022-09-10,2022,9,2022-09,1110,Aceh Singkil,Aceh,1110,kode,Gunung Meriah,1,•Masih dalam penyelidikan pihak berwajib,,,0,0,False
4723,1103 107 2022 09 09 1,2022-09-09,2022,9,2022-09,1101,Aceh Selatan,Aceh,1101,kode,Bakongan  Gampong. Ujong Padang,1,Masih dalam penyelidikan,,,0,0,False
4724,1106 107 2022 09 09 1,2022-09-09,2022,9,2022-09,1104,Aceh Tengah,Aceh,1104,kode,Kec. Batu Lintang  Kampung. Merah Muyang; Bebesan Kampung. Calo; Pegasing Kampung. Kala Nareh,3,"Dimulai pukul 15.30 WIB sampai dengan pukul 16:40 WIB , Pos Damkar kec. Jagong Jeget dan Posko Induk mendapat informasi Karhutla sebanyak 3 titik di 3 kecamatan. Saat ini, ketiga kebakaran tersebut telah dapat dipadamkan.",,,0,0,False
4725,3512 107 2022 09 07 1,2022-09-07,2022,9,2022-09,3512,Situbondo,Jawa Timur,3512,kode,Arjasa,1,Masih dalam penyelidikan pihak berwajib,,,0,0,False
4726,6304 107 2022 09 07 1,2022-09-07,2022,9,2022-09,6304,Barito Kuala,Kalimantan Selatan,6304,kode,Kuripan,1,Masih dalam penyelidikan pihak berwajib,,,0,0,False
4727,6306 107 2022 09 07 1,2022-09-07,2022,9,2022-09,6306,Hulu Sungai Selatan,Kalimantan Selatan,6306,kode,Angkinang,1,Masih dalam penyelidikan pihak berwajib,,,0,0,False
4728,6303 107 2022 09 03 1,2022-09-03,2022,9,2022-09,6303,Banjar,Kalimantan Selatan,6303,kode,,0,masih dalam proses penyelidikan,,,0,0,False
4729,6304 107 2022 09 03 1,2022-09-03,2022,9,2022-09,6304,Barito Kuala,Kalimantan Selatan,6304,kode,Kuripan,1,masih dalam proses penyelidikan,,,0,0,False
4730,6306 107 2022 09 03 1,2022-09-03,2022,9,2022-09,6306,Hulu Sungai Selatan,Kalimantan Selatan,6306,kode,Daha Utara,1,masih dalam proses penyelidikan,,,0,0,False
4731,3512 107 2022 08 030 1,2022-08-30,2022,8,2022-08,3512,Situbondo,Jawa Timur,3512,kode,Panarukan,1,Masih dalam penyelidikan pihak yang berwajib,,,0,0,False
4732,3512 107 2022 08 029 1,2022-08-29,2022,8,2022-08,3512,Situbondo,Jawa Timur,3512,kode,Panji,1,Hari Senin tanggal 29 Agustus 2022 sekira pukul 18.00 WIB telah terjadi kebakaran Lahan & tumbuhan liar / ilalang di atas perbukitan perumahan Sampit Panji Permai (Perumahan 50 Resetlemen),,,0,0,False
4733,1607 107 2022 08 028 1,2022-08-28,2022,8,2022-08,1607,Banyuasin,Sumatera Selatan,1607,kode,Banyuasin III; Suak Tapeh; Pulau Rimau; Tungkal Ilir; Tanjung Lago; Banyuasin II; Rambutan; Air Kumbang; Muara Padang,9,masih dalam penyidikan pihak terkait,,,0,0,False
4734,6304 107 2022 08 028 1,2022-08-28,2022,8,2022-08,6304,Barito Kuala,Kalimantan Selatan,6304,kode,Kahuripan,1,masih dalam penyidikan pihak terkait,,,0,0,False
4735,6301 107 2022 08 028 1,2022-08-28,2022,8,2022-08,6301,Tanah Laut,Kalimantan Selatan,6301,kode,Bati-Bati,1,masih dalam penyidikan pihak terkait,,,0,0,False
4736,1402 107 2022 08 028 1,2022-08-28,2022,8,2022-08,1402,Indragiri Hulu,Riau,1402,kode,Rengat,1,masih dalam penyelidikan pihak terkait,,,0,0,False
4737,6502 107 2022 08 024 1,2022-08-24,2022,8,2022-08,6501,Bulungan,Kalimantan Utara,6501,kode,Tanjung Palas Timur,1,"belum, diketahui",,,0,0,False
4738,3210 107 2022 08 022 1,2022-08-22,2022,8,2022-08,3210,Majalengka,Jawa Barat,3210,kode,Cigasong,1,Dalam proses penyelidikan,,,0,0,False
4739,3512 107 2022 08 022 1,2022-08-22,2022,8,2022-08,3512,Situbondo,Jawa Timur,3512,kode,Panarukan,1,Dalam proses penyelidikan,,,0,0,False
4740,6304 107 2022 08 021 1,2022-08-21,2022,8,2022-08,6304,Barito Kuala,Kalimantan Selatan,6304,kode,Kuripan,1,Masih dalam proses penyelidikan,,,0,0,False
4741,6311 107 2022 08 021 1,2022-08-21,2022,8,2022-08,6311,Balangan,Kalimantan Selatan,6311,kode,Halong,1,Masih dalam penyelidikan,,,0,0,False
4742,1103 107 2022 08 020 1,2022-08-20,2022,8,2022-08,1101,Aceh Selatan,Aceh,1101,kode,,0,Telah terjadi kebakaran lahan Tidak diketahui pasti penyebab kebakaran tersebut dan masih dalam penyelidikan pihak berwajib,,,0,0,False
4743,6204 107 2022 08 020 1,2022-08-20,2022,8,2022-08,6204,Barito Selatan,Kalimantan Tengah,6204,kode,Jenamas Desa Rantau Kujang,1,Masih dalam penyelidikan,,,0,0,False
4744,3512 107 2022 08 020 1,2022-08-20,2022,8,2022-08,3512,Situbondo,Jawa Timur,3512,kode,Kendit Desa Balung,1,Terjadi kebakaran  hutan dan lahan Di Petak 50 K Klas hutan TKTBP ( Tanah Kosong Tidak Baik untuk Produksi ) RPH Kendit BKPH Panarukan  Tidak diketahui pasti penyebab kebakaran tersebut dan masih dalam penyelidikan pihak Perhutani setempat,,,0,0,False
4745,1103 107 2022 08 019 1,2022-08-19,2022,8,2022-08,1101,Aceh Selatan,Aceh,1101,kode,,0,"Pada hari Jum'at 19 Agustus 2022 pukul 17:30 Wib, petugas Pos Damkar PB 05 Bakongan menerima laporan dari Anggota Babinsa Koramil Bakongan bahwa telah terjadi kebakaran lahan (Tidak diketahui pasti penyebab kebakaran tersebut dan masih dalam penyelidikan pihak berwajib)",,,0,0,False
4746,6571 107 2022 08 019 1,2022-08-19,2022,8,2022-08,6571,Kota Tarakan,Kalimantan Utara,6571,kode,,0,Sisa bakaran yang belum padam sepenuhnya oleh Kelompok Mahasiswa yang berkemah di lokasi tersebut,,,0,0,False
4747,3512 107 2022 08 019 1,2022-08-19,2022,8,2022-08,3512,Situbondo,Jawa Timur,3512,kode,Panji Desa Seliwung,1,Telah terjadi Kebakaran lahan kosong yang merembet ke TPA. dan Tidak diketahui pasti penyebab kebakaran tersebut dan masih dalam penyelidikan pihak berwajib,,,0,0,False
4748,1112 107 2022 08 019 1,2022-08-19,2022,8,2022-08,1112,Aceh Barat Daya,Aceh,1112,kode,,0,"Sekitar  Pukul  11.00 wib, hari Jum’at,  tanggal 19 Agustus 2022, Pos Damkar Induk Kec. Blangpidie menerima laporan dari personil Satpol PP bahwa telah terjadi kebakaran lahan kosong",,,0,0,False
4749,6206 107 2022 08 018 1,2022-08-18,2022,8,2022-08,6208,Sukamara,Kalimantan Tengah,6208,kode,Sukamara,1,Diduga telah masuknya musim kemarau,,,0,0,False
4750,3512 107 2022 08 018 1,2022-08-18,2022,8,2022-08,3512,Situbondo,Jawa Timur,3512,kode,Kendit,1,Diduga sengaja dibakar oleh orang yg tdk bertanggung jawab,,,0,0,False
4751,1610 107 2022 08 017 1,2022-08-17,2022,8,2022-08,1610,Ogan Ilir,Sumatera Selatan,1610,kode,Pemulutan Barat,1,Masih dalam penyelidikan,,,0,0,False
4752,3512 107 2022 08 017 1,2022-08-17,2022,8,2022-08,3512,Situbondo,Jawa Timur,3512,kode,Kendit,1,Tidak diketahui pasti penyebab kebakaran tersebut dan masih dalam penyelidikan pihak berwajib,,,0,0,False
4753,3512 107 2022 08 016 1,2022-08-16,2022,8,2022-08,3512,Situbondo,Jawa Timur,3512,kode,Panji,1,Tidak diketahui pasti penyebab kebakaran tersebut dan masih dalam penyelidikan pihak berwajib,,,0,0,False
4754,1409 107 2022 08 016 1,2022-08-16,2022,8,2022-08,1407,Rokan Hilir,Riau,1407,kode,Tanah Putih,1,masih dalam penyelidikan petugas terkait,,,0,0,False
4755,1406 107 2022 08 015 1,2022-08-15,2022,8,2022-08,1401,Kampar,Riau,1401,kode,Kampar; Tambang,2,masih dalam penyelidikan pihak terkait,,,0,0,False
4756,3512 107 2022 08 015 1,2022-08-15,2022,8,2022-08,3512,Situbondo,Jawa Timur,3512,kode,Kendit,1,Di duga sengaja dibakar oleh orang yg tdk bertanggung jawab,,,0,0,False
4757,3516 107 2022 08 015 1,2022-08-15,2022,8,2022-08,3516,Mojokerto,Jawa Timur,3516,kode,Puri,1,Penyebab kebakaran diduga dilakukan pembakaran oleh orang yang tidak bertanggung jawab.,,,0,0,False
4758,1103 107 2022 08 014 1,2022-08-14,2022,8,2022-08,1101,Aceh Selatan,Aceh,1101,kode,Trumon  Gp. Keude Trumon; Sawang Gp. Lhok Pawoh,2,dalam  penyelidikan,,,0,0,False
4759,3512 107 2022 08 014 1,2022-08-14,2022,8,2022-08,3512,Situbondo,Jawa Timur,3512,kode,Panarukan,1,dalam penyelidikan pihak berwajib,,,0,0,False
4760,1102 107 2022 08 014 1,2022-08-14,2022,8,2022-08,1110,Aceh Singkil,Aceh,1110,kode,Singkil Utara,1,masih dalam penyelidikan,,,0,0,False
4761,3512 107 2022 08 014 1,2022-08-14,2022,8,2022-08,3512,Situbondo,Jawa Timur,3512,kode,Situbondo,1,belum diketahui dalam penyelidikan pihak berwajib,,,0,0,False
4762,1408 107 2022 08 013 1,2022-08-13,2022,8,2022-08,1403,Bengkalis,Riau,1403,kode,Pinggir,1,masih dalam penyelidikan petugas,,,0,0,False
4763,1610 107 2022 08 012 1,2022-08-12,2022,8,2022-08,1610,Ogan Ilir,Sumatera Selatan,1610,kode,Indralaya,1,masih dalam penyelidikan pihak terkait,,,0,0,False
4764,3571 107 2022 08 012 1,2022-08-12,2022,8,2022-08,3571,Kota Kediri,Jawa Timur,3571,kode,Mojoroto,1,masih dalam penyelidikan petugas terkait,,,0,0,False
4765,6109 107 2022 08 011 1,2022-08-11,2022,8,2022-08,6109,Sekadau,Kalimantan Barat,6109,kode,,0,Dalam proses penyelidikan,,,0,0,False
4766,6106 107 2022 08 011 1,2022-08-11,2022,8,2022-08,6104,Ketapang,Kalimantan Barat,6104,kode,,0,Dalam proses penyelidikan,,,0,0,False
4767,6104 107 2022 08 011 1,2022-08-11,2022,8,2022-08,6102,Mempawah,Kalimantan Barat,6102,kode,,0,Dalam proses penyelidikan,,,0,0,False
4768,2102 107 2022 08 011 1,2022-08-11,2022,8,2022-08,2101,Bintan,Kepulauan Riau,2101,kode,Bintan Timur,1,Dalam proses penyelidikan,,,0,0,False
4769,6107 107 2022 08 011 1,2022-08-11,2022,8,2022-08,6105,Sintang,Kalimantan Barat,6105,kode,,0,Dalam proses penyelidikan,,,0,0,False
4770,6102 107 2022 08 011 1,2022-08-11,2022,8,2022-08,6107,Bengkayang,Kalimantan Barat,6107,kode,,0,Dalam proses penyelidikan,,,0,0,False
4771,1504 107 2022 08 011 1,2022-08-11,2022,8,2022-08,1504,Batanghari,Jambi,1504,kode,Mersam,1,Dalam proses penyelidikan,,,0,0,False
4772,1607 107 2022 08 010 1,2022-08-10,2022,8,2022-08,1607,Banyuasin,Sumatera Selatan,1607,kode,Suak Tapeh; Pulau Rimau; Tungkal Ilir; Talang Kelapa; Rambutan; Air Kumbang; Rantau Bayur; Selat Penuguan; Sungai Keruh,9,Masih dalam proses penyelidikan,,,0,0,False
4773,1606 107 2022 08 010 1,2022-08-10,2022,8,2022-08,1606,Musi Banyuasin,Sumatera Selatan,1606,kode,Sungai Keruh,1,masih dalam proses penyelidikan,,,0,0,False
4774,1106 107 2022 08 010 1,2022-08-10,2022,8,2022-08,1104,Aceh Tengah,Aceh,1104,kode,Bintang,1,Dalam proses penyelidikan,,,0,0,False
4775,3512 107 2022 08 09 1,2022-08-09,2022,8,2022-08,3512,Situbondo,Jawa Timur,3512,kode,,0,Tidak diketahui & dalam penyelidikan pihak berwajib,,,0,0,False
4776,1106 107 2022 08 09 1,2022-08-09,2022,8,2022-08,1104,Aceh Tengah,Aceh,1104,kode,Atu Lintang,1,Masih dalam proses Penyelidikan,,,0,0,False
4777,6210 107 2022 08 09 1,2022-08-09,2022,8,2022-08,6211,Pulang Pisau,Kalimantan Tengah,6211,kode,Maliku,1,Dalam proses penyelidikan,,,0,0,False
4778,6309 107 2022 08 09 1,2022-08-09,2022,8,2022-08,6309,Tabalong,Kalimantan Selatan,6309,kode,Kelua,1,Masih dalam proses Penyelidikan,,,0,0,False
4779,6311 107 2022 08 08 1,2022-08-08,2022,8,2022-08,6311,Balangan,Kalimantan Selatan,6311,kode,Halong,1,Masih dalam proses Penyelidikan,,,0,0,False
4780,6308 107 2022 08 08 1,2022-08-08,2022,8,2022-08,6308,Hulu Sungai Utara,Kalimantan Selatan,6308,kode,,0,Masih dalam penyelidikan,,,0,0,False
4781,1603 107 2022 08 08 1,2022-08-08,2022,8,2022-08,1603,Muara Enim,Sumatera Selatan,1603,kode,Banyuasin III,1,Masih dalam penyelidikan,,,0,0,False
4782,6306 107 2022 08 08 1,2022-08-08,2022,8,2022-08,6306,Hulu Sungai Selatan,Kalimantan Selatan,6306,kode,Daha Selatan,1,Masih dalam proses Penyelidikan,,,0,0,False
4783,1610 107 2022 08 06 1,2022-08-06,2022,8,2022-08,1610,Ogan Ilir,Sumatera Selatan,1610,kode,Pemulutan,1,belum di ketahui (masih dalam penyelidikan),,,0,0,False
4784,3517 107 2022 08 04 1,2022-08-04,2022,8,2022-08,3517,Jombang,Jawa Timur,3517,kode,Mojowarno,1,belum diketahui,,,0,0,False
4785,3517 107 2022 08 03 1,2022-08-03,2022,8,2022-08,3517,Jombang,Jawa Timur,3517,kode,Kesamben,1,Masih dalam penyelidikan pihak terkait,,,0,0,False
4786,6309 107 2022 08 01 1,2022-08-01,2022,8,2022-08,6309,Tabalong,Kalimantan Selatan,6309,kode,,0,Masih dalam proses Penyelidikan,,,0,0,False
4787,6306 107 2022 08 01 1,2022-08-01,2022,8,2022-08,6306,Hulu Sungai Selatan,Kalimantan Selatan,6306,kode,,0,Masih dalam proses Penyelidikan,,,0,0,False
4788,3512 107 2022 08 01 1,2022-08-01,2022,8,2022-08,3512,Situbondo,Jawa Timur,3512,kode,Panarukan,1,belum diketahui,,,0,0,False
4789,6308 107 2022 08 01 1,2022-08-01,2022,8,2022-08,6308,Hulu Sungai Utara,Kalimantan Selatan,6308,kode,,0,Masih dalam proses Penyelidikan,,,0,0,False
4790,6307 107 2022 08 01 1,2022-08-01,2022,8,2022-08,6307,Hulu Sungai Tengah,Kalimantan Selatan,6307,kode,,0,Masih dalam proses Penyelidikan,,,0,0,False
4791,6303 107 2022 08 01 1,2022-08-01,2022,8,2022-08,6303,Banjar,Kalimantan Selatan,6303,kode,,0,Masih dalam proses Penyelidikan,,,0,0,False
4792,6305 107 2022 08 01 1,2022-08-01,2022,8,2022-08,6305,Tapin,Kalimantan Selatan,6305,kode,,0,Masih dalam proses Penyelidikan,,,0,0,False
4793,6304 107 2022 08 01 1,2022-08-01,2022,8,2022-08,6304,Barito Kuala,Kalimantan Selatan,6304,kode,,0,Masih dalam proses Penyelidikan,,,0,0,False
4794,6311 107 2022 08 01 1,2022-08-01,2022,8,2022-08,6311,Balangan,Kalimantan Selatan,6311,kode,,0,Masih dalam proses Penyelidikan,,,0,0,False
4795,1610 107 2022 07 031 1,2022-07-31,2022,7,2022-07,1610,Ogan Ilir,Sumatera Selatan,1610,kode,Indralaya Utara,1,Masih dalam proses penyelidikan,,,0,0,False
4796,6106 107 2022 07 026 1,2022-07-26,2022,7,2022-07,6104,Ketapang,Kalimantan Barat,6104,kode,Matan Hilir Selatan,1,Dipicu pembakaran lahan yang tidak diawasi oleh pemilik,,,0,0,False
4797,6206 107 2022 07 026 1,2022-07-26,2022,7,2022-07,6208,Sukamara,Kalimantan Tengah,6208,kode,Pantai Lunci,1,"Telah terjadi kebakaran lahan pada hari Selasa, 26 Juli 2022, Pkl. 15:00 WIB. Penyebab terjadinya kebakaran masih dalam penyelidikan pihak berwajib",,,0,0,False
4798,6271 107 2022 07 025 1,2022-07-25,2022,7,2022-07,6271,Kota Palangkaraya,Kalimantan Tengah,6271,kode,Jekan Raya,1,Masih dalam penyelidikan pihak yang berwajib,,,0,0,False
4799,6206 107 2022 07 025 1,2022-07-25,2022,7,2022-07,6208,Sukamara,Kalimantan Tengah,6208,kode,Sukamara,1,"Telah terjadi kebakaran lahan pada hari Senin, 25 Juli 2022, Pkl. 13:25 WIB. Penyebab terjadinya kebakaran masih dalam penyelidikan pihak berwajib",,,0,0,False
4800,3512 107 2022 07 025 1,2022-07-25,2022,7,2022-07,3512,Situbondo,Jawa Timur,3512,kode,Panarukan,1,Masih dalam penyelidikan pihak yang berwajib,,,0,0,False
4801,3517 107 2022 07 024 1,2022-07-24,2022,7,2022-07,3517,Jombang,Jawa Timur,3517,kode,Mojoagung,1,Pkl. 15.05 WIB Seorang warga membakar sisa sampah tebu yang sudah dipanen; Pkl. 15.10 WIB Suhu panas dan kencangnya angin api membesar dan merembet ke lahan tebu yang belum di panen serta mendekati pemukiman warga; Pkl. 15.17 WIB Seorang warga melaporkan kejadian kebakaran ke Pusdalops BPBD Jombang.,,,0,0,False
4802,1103 107 2022 07 023 1,2022-07-23,2022,7,2022-07,1101,Aceh Selatan,Aceh,1101,kode,Bakongan Gp. Ujong Padang Gp. Baro; Trumon Gp. Padang Harapan,2,,,,0,0,False
4803,1408 107 2022 07 022 1,2022-07-22,2022,7,2022-07,1403,Bengkalis,Riau,1403,kode,Mandau,1,masih dalam penyelidikan,,,0,0,False
4804,3515 107 2022 07 022 1,2022-07-22,2022,7,2022-07,3515,Sidoarjo,Jawa Timur,3515,kode,Prambon,1,dalam penyelidikan,,,0,0,False
4805,6271 107 2022 07 022 1,2022-07-22,2022,7,2022-07,6271,Kota Palangkaraya,Kalimantan Tengah,6271,kode,Jekan Raya,1,dalam penyelidikan,,,0,0,False
4806,1607 107 2022 07 022 1,2022-07-22,2022,7,2022-07,1607,Banyuasin,Sumatera Selatan,1607,kode,Air Kumbang,1,dalam penyelidikan,,,0,0,False
4807,1106 107 2022 07 021 1,2022-07-21,2022,7,2022-07,1104,Aceh Tengah,Aceh,1104,kode,Pegasing,1,"Pada Pukul 13.00 WIB, Posko Damkar induk menerima informasi dari masyarakat, bahwa sedang terjadinya KARHUTLA di Kp. Uning kirip, Kec. Pegasing.",,,0,0,False
4808,1103 107 2022 07 021 1,2022-07-21,2022,7,2022-07,1101,Aceh Selatan,Aceh,1101,kode,Trumon Timur  Gp. Pinto Rimba,1,Telah Terjadi Kebakaran Lahan Di Gampong Pinto Rimba Yang Belum diketahui Laporan tersebut diterima Oleh Tim Petugas Damkar PB 09 Trumon Dari Anggota Polsek Trumon Timur yang sedang berpatroli di wilayah Tersebut. Karena Api Makin Membesar Anggota Polsek Melaporkan ke Tim Damkar Untuk Melakukan Pemadaman Setelah dicek Ke Lokasi Akses Jalan Armada Tidak Ada Sehingga Anggota Polsek dan Tim Damkar Melakukan Pemadaman dengan Menggunakan Dahan Kayu Secara Manual. Sehingga Api bisa dipadamkan pada pukul 18.50 WIb.,,,0,0,False
4809,1113 107 2022 07 021 1,2022-07-21,2022,7,2022-07,1113,Gayo Lues,Aceh,1113,kode,Blang Kejrango,1,Masih dalam penyelidikan pihak terkait,,,0,0,False
4810,3517 107 2022 07 021 1,2022-07-21,2022,7,2022-07,3517,Jombang,Jawa Timur,3517,kode,Diwek,1,masih dalam penyelidikan pihak terkait,,,0,0,False
4811,6106 107 2022 07 020 1,2022-07-20,2022,7,2022-07,6104,Ketapang,Kalimantan Barat,6104,kode,Matan Hilir Selatan,1,masih dalam penyelidikan petugas berwenang,,,0,0,False
4812,6205 107 2022 07 020 1,2022-07-20,2022,7,2022-07,6205,Barito Utara,Kalimantan Tengah,6205,kode,Teweh Selatan,1,masih dalam penyelidikan petugas terkait,,,0,0,False
4813,1403 107 2022 07 020 1,2022-07-20,2022,7,2022-07,1404,Indragiri Hilir,Riau,1404,kode,Enok,1,masih dalam penyelidikan petugas terkait,,,0,0,False
4814,1106 107 2022 07 020 1,2022-07-20,2022,7,2022-07,1104,Aceh Tengah,Aceh,1104,kode,Kebayakan  Kp. Mendale,1,"Sekitar pukul 23.05 WIB Posko Damkar Induk mendapat informasi dari masyarakat, bahwa di Pukes Kp. Mendale Kebayakan sedang terjadi KARHUTLA. BPBD kemudian mengerahkan 1 unit Damkar guna dilakukannya pemadaman api.",,,0,0,False
4815,1108 107 2022 07 020 1,2022-07-20,2022,7,2022-07,1106,Aceh Besar,Aceh,1106,kode,Kota Jantho; Lembah Seulawah; Darussalam; Kuta Cotglie,4,masih dalam penyelidikan petugas terkait,,,0,0,False
4816,1117 107 2022 07 020 1,2022-07-20,2022,7,2022-07,1117,Bener Meriah,Aceh,1117,kode,Pintu Rime Gayo  Gampong Pancar Jelobok,1,Akibat dari Api puntung Rokok,,,0,0,False
4817,1408 107 2022 07 020 1,2022-07-20,2022,7,2022-07,1403,Bengkalis,Riau,1403,kode,Bathin Solapan,1,masih dalam penyelidikan petugas terkait,,,0,0,False
4818,6106 107 2022 07 019 1,2022-07-19,2022,7,2022-07,6104,Ketapang,Kalimantan Barat,6104,kode,Matan Hilir Selatan; Muara Pawan,2,dugaan sementara kebakaran sengaja dibakar untuk pembukaan lahan,,,0,0,False
4819,1406 107 2022 07 019 1,2022-07-19,2022,7,2022-07,1401,Kampar,Riau,1401,kode,XIII Koto Kampa,1,"Penyebab Kebakaran masih dalam proses penyelidikan, kebakaran terjadi pada hari Selasa, 19 Juli 2022 Pukul. 13.25 WIB",,,0,0,False
4820,1406 107 2022 07 017 1,2022-07-17,2022,7,2022-07,1401,Kampar,Riau,1401,kode,XIII Koto Kampa,1,"Penyebab Kebakaran masih dalam proses penyelidikan, kebakaran terjadi pada hari Minggu, 17 Juli 2022 Pukul. 16.00 WIB",,,0,0,False
4821,1103 107 2022 07 017 1,2022-07-17,2022,7,2022-07,1101,Aceh Selatan,Aceh,1101,kode,Kluet Tengah; Trumon,2,,,,0,0,False
4822,1106 107 2022 07 016 1,2022-07-16,2022,7,2022-07,1104,Aceh Tengah,Aceh,1104,kode,Bintang,1,Masih dalam proses penyelidikan,,,0,0,False
4823,1409 107 2022 07 010 1,2022-07-10,2022,7,2022-07,1407,Rokan Hilir,Riau,1407,kode,Sinaboi; Rimba Melintang; Kubu; Pasir Limau Kapas,4,,,,0,0,False
4824,1117 107 2022 07 09 1,2022-07-09,2022,7,2022-07,1117,Bener Meriah,Aceh,1117,kode,Pintu Rime Gayo  Gp. Negeri Antara,1,Masih dalam penyelidikan.,,,0,0,False
4825,1473 107 2022 07 09 1,2022-07-09,2022,7,2022-07,1472,Kota Dumai,Riau,1472,kode,Sungai Sembilan,1,masih dalam penyelidikan pihak berwenang,,,0,0,False
4826,1407 107 2022 07 09 1,2022-07-09,2022,7,2022-07,1406,Rokan Hulu,Riau,1406,kode,Rambah,1,masih dalam penyelidikan pihak berwenang,,,0,0,False
4827,1103 107 2022 07 09 1,2022-07-09,2022,7,2022-07,1101,Aceh Selatan,Aceh,1101,kode,Bakongan  Gp. Keuda Bakongan,1,dalam penyelidikan,,,0,0,False
4828,1106 107 2022 07 08 1,2022-07-08,2022,7,2022-07,1104,Aceh Tengah,Aceh,1104,kode,Bebesen; Kebayakan,2,masih dalam penyelidikan,,,0,0,False
4829,1106 107 2022 07 08 1,2022-07-08,2022,7,2022-07,1104,Aceh Tengah,Aceh,1104,kode,Pegasing,1,masih dalam penyelidikan pihak terkait,,,0,0,False
4830,1308 107 2022 07 07 1,2022-07-07,2022,7,2022-07,1307,Lima Puluh Kota,Sumatera Barat,1307,kode,Akabiluru,1,masih dalam proses penyelidikan,,,0,0,False
4831,1103 107 2022 07 07 1,2022-07-07,2022,7,2022-07,1101,Aceh Selatan,Aceh,1101,kode,,0,masih dalam proses penyelidikan,,,0,0,False
4832,1106 107 2022 07 06 1,2022-07-06,2022,7,2022-07,1104,Aceh Tengah,Aceh,1104,kode,Ketol,1,masih dalam proses penyelidikan,,,0,0,False
4833,1309 107 2022 07 02 1,2022-07-02,2022,7,2022-07,1308,Pasaman,Sumatera Barat,1308,kode,,0,"Pada hari  ini Sabtu,02-7-2022 telah terjadi Karhutla di puncak koto panjang, api mulai terlihat sekitar pukul 14.00 wib oleh warga, dan masyarakat setempat mencoba utk memadamkan api tapi karena lahan yg kering,cuaca panas, dan Angin yg kencang membuat api mengganas dan sampai saat ini telah menghabiskan sekitar 25Ha",,,0,0,False
4834,1106 107 2022 07 01 1,2022-07-01,2022,7,2022-07,1104,Aceh Tengah,Aceh,1104,kode,,0,Masih dalam penyelidikan pihak yang berwajib,,,0,0,False
4835,1106 107 2022 06 030 1,2022-06-30,2022,6,2022-06,1104,Aceh Tengah,Aceh,1104,kode,Ketol,1,Penyebab masih dalam penyelidikan,,,0,0,False
4836,1610 107 2022 06 028 1,2022-06-28,2022,6,2022-06,1610,Ogan Ilir,Sumatera Selatan,1610,kode,Pemulutan Barat,1,,,,0,0,False
4837,1103 107 2022 06 027 1,2022-06-27,2022,6,2022-06,1101,Aceh Selatan,Aceh,1101,kode,Trumon  Gp. Ujung Tanoh; Bakongan Gp. Keude Bakongan,2,penyebab kebakaran masih dalam penyelidikan,,,0,0,False
4838,6206 107 2022 06 025 1,2022-06-25,2022,6,2022-06,6208,Sukamara,Kalimantan Tengah,6208,kode,Sukamara,1,Masih dalam penyelidikan pihak yang berwajib,,,0,0,False
4839,1504 107 2022 06 012 1,2022-06-12,2022,6,2022-06,1504,Batanghari,Jambi,1504,kode,Maro Sebo Ulu,1,Kec. Maro Sebo Ulu Ds. Padang Kelapo,,,0,0,False
4840,1108 107 2022 06 05 1,2022-06-05,2022,6,2022-06,1106,Aceh Besar,Aceh,1106,kode,lhoknga,1,dalam penyelidikan,,,0,0,False
4841,1408 107 2022 06 03 1,2022-06-03,2022,6,2022-06,1403,Bengkalis,Riau,1403,kode,Pingir; Batin Solapan,2,masih dalam penyelidikan petugas,,,0,0,False
4842,1117 107 2022 06 03 1,2022-06-03,2022,6,2022-06,1117,Bener Meriah,Aceh,1117,kode,Bandar,1,masih dalam penyelidikan petugas terkait,,,0,0,False
4843,1473 107 2022 06 03 1,2022-06-03,2022,6,2022-06,1472,Kota Dumai,Riau,1472,kode,Medang Kampai,1,masih dalam penyelidikan petugas,,,0,0,False
4844,1407 107 2022 06 03 1,2022-06-03,2022,6,2022-06,1406,Rokan Hulu,Riau,1406,kode,Bonai Darussalam,1,masih dalam penyelidikan petugas,,,0,0,False
4845,1406 107 2022 06 02 1,2022-06-02,2022,6,2022-06,1401,Kampar,Riau,1401,kode,Salo,1,masih dalam penyelidikan pihak terkait,,,0,0,False
4846,1403 107 2022 06 02 1,2022-06-02,2022,6,2022-06,1404,Indragiri Hilir,Riau,1404,kode,Gaung,1,masih dalam penyidikan pihak berwenang,,,0,0,False
4847,1106 107 2022 06 01 1,2022-06-01,2022,6,2022-06,1104,Aceh Tengah,Aceh,1104,kode,Bintang,1,,,,0,0,False
4848,1308 107 2022 05 030 1,2022-05-30,2022,5,2022-05,1307,Lima Puluh Kota,Sumatera Barat,1307,kode,Harau  Nagari. Solok Nio-Bio Jorong Bio-Bio,1,,,,0,0,False
4849,1115 107 2022 05 024 1,2022-05-24,2022,5,2022-05,1115,Nagan Raya,Aceh,1115,kode,Darul Makmur,1,Masih dalam Proses penyelidikan,,,0,0,False
4850,1308 107 2022 05 023 1,2022-05-23,2022,5,2022-05,1307,Lima Puluh Kota,Sumatera Barat,1307,kode,Harau,1,Akibat Kelalaian masyarakat melakukan pembakaran sisa material penebangan kayu dan dipicu oleh intensitas suhu panas sehingga mengakibatkan merambatnya api ke lahan lain karena tiupan angin,,,0,0,False
4851,1106 107 2022 05 022 1,2022-05-22,2022,5,2022-05,1104,Aceh Tengah,Aceh,1104,kode,Linge  Kp. Kute Robel,1,dalam penyelidikan,,,0,0,False
4852,6409 107 2022 05 022 1,2022-05-22,2022,5,2022-05,6409,Penajam Paser Utara,Kalimantan Timur,6409,kode,Penajam,1,Masih dalam penyelidikan pihak Kepolisian.,,,0,0,False
4853,1172 107 2022 05 019 1,2022-05-19,2022,5,2022-05,1172,Kota Sabang,Aceh,1172,kode,Sukakarya,1,Masih dalam penyelidikan,,,0,0,False
4854,1308 107 2022 05 018 1,2022-05-18,2022,5,2022-05,1307,Lima Puluh Kota,Sumatera Barat,1307,kode,harau nagari. sarilamak,1,Akibat pembukaan lahan oleh warga dan cuaca yang panas menyebabkan terbakarnya hutan dan lahan,,,0,0,False
4855,1308 107 2022 05 017 1,2022-05-17,2022,5,2022-05,1307,Lima Puluh Kota,Sumatera Barat,1307,kode,Harau Jorong Gurun   Jorong Sarilamak,1,Akibat Cuaca Panas menyebabkan terbakarnya hutan dan lahan,,,0,0,False
4856,1606 107 2022 05 016 1,2022-05-16,2022,5,2022-05,1606,Musi Banyuasin,Sumatera Selatan,1606,kode,Lais,1,Hotspot terpantau dari satelit Lapan berada di Desa Lais Kec. Lais dengan Tikor -2.903270 104.100950,,,0,0,False
4857,1505 107 2022 05 015 1,2022-05-15,2022,5,2022-05,1505,Muaro Jambi,Jambi,1505,kode,Kumpeh,1,Masih dalam penyelidikan,,,0,0,False
4858,1103 107 2022 05 010 1,2022-05-10,2022,5,2022-05,1101,Aceh Selatan,Aceh,1101,kode,Trumon Gp. Le Meudema,1,Masih dalam penyelidikan,,,0,0,False
4859,6206 107 2022 05 08 1,2022-05-08,2022,5,2022-05,6208,Sukamara,Kalimantan Tengah,6208,kode,Pantai Lunci,1,masih dalam penyelidikan,,,0,0,False
4860,1108 107 2022 05 01 1,2022-05-01,2022,5,2022-05,1106,Aceh Besar,Aceh,1106,kode,Lhoknga,1,masih dalam proses penyelidikan,,,0,0,False
4861,6372 107 2022 04 024 1,2022-04-24,2022,4,2022-04,6372,Kota Banjarbaru,Kalimantan Selatan,6372,kode,Banjarbaru Utara,1,Cuaca panas pada siang hari  (Faktor Alam),,,0,0,False
4862,6201 107 2022 04 023 1,2022-04-23,2022,4,2022-04,6201,Kotawaringin Barat,Kalimantan Tengah,6201,kode,Arut Selatan,1,dalam penyelidikan,,,0,0,False
4863,6372 107 2022 04 021 1,2022-04-21,2022,4,2022-04,6372,Kota Banjarbaru,Kalimantan Selatan,6372,kode,Cempaka,1,Cuaca panas pada siang hari  (Faktor Alam),,,0,0,False
4864,1103 107 2022 04 012 1,2022-04-12,2022,4,2022-04,1101,Aceh Selatan,Aceh,1101,kode,Bakongan Gp. Keude,1,Penyebab kebakaran belum diketahui,,,0,0,False
4865,3604 107 2022 04 09 1,2022-04-09,2022,4,2022-04,3604,Serang,Banten,3604,kode,,0,Belum diketahui (penyelidikan yang berwajib),,,0,0,False
4866,1408 107 2022 04 09 1,2022-04-09,2022,4,2022-04,1403,Bengkalis,Riau,1403,kode,,0,Masih dalam penyelidikan,,,0,0,False
4867,6106 107 2022 04 03 1,2022-04-03,2022,4,2022-04,6104,Ketapang,Kalimantan Barat,6104,kode,Matan Hilir Selatan; Matan Hilir Utara,2,berdasarkan hasil pantauan Drone tim Pusdalops,,,0,0,False
4868,1307 107 2022 04 03 1,2022-04-03,2022,4,2022-04,1306,Agam,Sumatera Barat,1306,kode,Baso,1,masih dalam penyelidikan,,,0,0,False
4869,6372 107 2022 04 02 1,2022-04-02,2022,4,2022-04,6372,Kota Banjarbaru,Kalimantan Selatan,6372,kode,Ulin Timur,1,Masih dalam penyelidikan,,,0,0,False
4870,1108 107 2022 04 01 1,2022-04-01,2022,4,2022-04,1106,Aceh Besar,Aceh,1106,kode,Lhoong,1,masih dalam proses penyelidikan,,,0,0,False
4871,1103 107 2022 03 031 1,2022-03-31,2022,3,2022-03,1101,Aceh Selatan,Aceh,1101,kode,Trumon Gampong Ie Meudama,1,Dalam penyelidikan,,,0,0,False
4872,6271 107 2022 03 030 1,2022-03-30,2022,3,2022-03,6271,Kota Palangkaraya,Kalimantan Tengah,6271,kode,Sukamara,1,Masih dalam penyelidikan,,,0,0,False
4873,1406 107 2022 03 030 1,2022-03-30,2022,3,2022-03,1401,Kampar,Riau,1401,kode,Kampar; Salo,2,Masih dalam penyelidikan,,,0,0,False
4874,1606 107 2022 03 029 1,2022-03-29,2022,3,2022-03,1606,Musi Banyuasin,Sumatera Selatan,1606,kode,Lais,1,,,,0,0,False
4875,1408 107 2022 03 029 1,2022-03-29,2022,3,2022-03,1403,Bengkalis,Riau,1403,kode,Muandau; Talang Madu,2,,,,0,0,False
4876,1302 107 2022 03 028 1,2022-03-28,2022,3,2022-03,1301,Pesisir Selatan,Sumatera Barat,1301,kode,Basa Ampek Balai Nagari Tapan,1,,,,0,0,False
4877,6209 107 2022 03 026 1,2022-03-26,2022,3,2022-03,6206,Katingan,Kalimantan Tengah,6206,kode,Katingan Hilir,1,: masih dalam proses penyelidikan,,,0,0,False
4878,1606 107 2022 03 025 1,2022-03-25,2022,3,2022-03,1606,Musi Banyuasin,Sumatera Selatan,1606,kode,Lawang Wetan,1,masih dalam penyelidikan,,,0,0,False
4879,6201 107 2022 03 025 1,2022-03-25,2022,3,2022-03,6201,Kotawaringin Barat,Kalimantan Tengah,6201,kode,Kumai,1,masih dalam penyelidikan,,,0,0,False
4880,6106 107 2022 03 024 1,2022-03-24,2022,3,2022-03,6104,Ketapang,Kalimantan Barat,6104,kode,Matan Hilir Selatan,1,Lokasi yang terbakar merupakan lahan milik warga yang merupakan perkebunan sawit serta bervegetasi semak belukar yang telah mengering serta berjenis tanah gambut yang telah mengering,,,0,0,False
4881,1674 107 2022 03 022 1,2022-03-22,2022,3,2022-03,1673,Kota Lubuk Linggau,Sumatera Selatan,1673,kode,Lubuk Linggau Utara I,1,,,,0,0,False
4882,1906 107 2022 03 013 1,2022-03-13,2022,3,2022-03,1906,Belitung Timur,Kepulauan Bangka Belitung,1906,kode,Gantung,1,kebakaran diduga dilakukan oleh oknum yang tidak bertanggung jawab,,,0,0,False
4883,1610 107 2022 03 012 1,2022-03-12,2022,3,2022-03,1610,Ogan Ilir,Sumatera Selatan,1610,kode,Pemulutan Barat,1,dalam penyelidikan,,,0,0,False
4884,6201 107 2022 03 03 1,2022-03-03,2022,3,2022-03,6201,Kotawaringin Barat,Kalimantan Tengah,6201,kode,Kumai,1,Dipicu pembukaan lahan oleh masyarakat,,,0,0,False
4885,6106 107 2022 03 03 1,2022-03-03,2022,3,2022-03,6104,Ketapang,Kalimantan Barat,6104,kode,Matan Hilir Selatan,1,Disebabkan karena rendahnya curah hujan di wilayah Kabupaten Ketapang,,,0,0,False
4886,1672 107 2022 03 02 1,2022-03-02,2022,3,2022-03,1674,Kota Prabumulih,Sumatera Selatan,1674,kode,Prabumulih Timur,1,masih dalam proses penyelidikan,,,0,0,False
4887,6112 107 2022 03 01 1,2022-03-01,2022,3,2022-03,6112,Kubu Raya,Kalimantan Barat,6112,kode,Sungai Kakap,1,masih dalam proses penyelidikan,,,0,0,False
4888,1610 107 2022 03 01 1,2022-03-01,2022,3,2022-03,1610,Ogan Ilir,Sumatera Selatan,1610,kode,Indralaya,1,Masih dalam penyelidikan petugas,,,0,0,False
4889,6110 107 2022 02 028 1,2022-02-28,2022,2,2022-02,6110,Melawi,Kalimantan Barat,6110,kode,Belimbing,1,masih dalam proses penyelidikan,,,0,0,False
4890,1904 107 2022 02 028 1,2022-02-28,2022,2,2022-02,1904,Bangka Tengah,Kepulauan Bangka Belitung,1904,kode,Kob,1,,,,0,0,False
4891,1905 107 2022 02 027 1,2022-02-27,2022,2,2022-02,1903,Bangka Selatan,Kepulauan Bangka Belitung,1903,kode,Toboali,1,,,,0,0,False
4892,6206 107 2022 02 027 1,2022-02-27,2022,2,2022-02,6208,Sukamara,Kalimantan Tengah,6208,kode,Sukamara,1,masih dalam penyelidikan petugas yang berwenang,,,0,0,False
4893,1906 107 2022 02 025 1,2022-02-25,2022,2,2022-02,1906,Belitung Timur,Kepulauan Bangka Belitung,1906,kode,Gantung,1,,,,0,0,False
4894,1905 107 2022 02 022 1,2022-02-22,2022,2,2022-02,1903,Bangka Selatan,Kepulauan Bangka Belitung,1903,kode,,0,,,,0,0,False
4895,1103 107 2022 02 021 1,2022-02-21,2022,2,2022-02,1101,Aceh Selatan,Aceh,1101,kode,Trumon Gampong Padang Harapan,1,Akibat pembakaran lahan oleh pemilik untuk bercocok tanaman jagung serta tidak di awasi sehingga terjadi perluasan pembakaran,,,0,0,False
4896,1107 107 2022 02 021 1,2022-02-21,2022,2,2022-02,1105,Aceh Barat,Aceh,1105,kode,Meureubo Gp. Peunaga Cut Gp. Ranto Panjang Timur; Johan Pahlawan Gp. Ujong beurasok  Gp. Lapang,2,Masih dalam penyelidikan pihak berwajib,,,0,0,False
4897,1904 107 2022 02 019 1,2022-02-19,2022,2,2022-02,1904,Bangka Tengah,Kepulauan Bangka Belitung,1904,kode,Koba,1,,,,0,0,False
4898,1107 107 2022 02 019 1,2022-02-19,2022,2,2022-02,1105,Aceh Barat,Aceh,1105,kode,Mereubo Gampong Peunaga Cut  Gampong Ranto Panjang Timur,1,Masih Dalam penyelidikan,,,0,0,False
4899,1903 107 2022 02 015 1,2022-02-15,2022,2,2022-02,1905,Bangka Barat,Kepulauan Bangka Belitung,1905,kode,,0,,,,0,0,False
4900,1904 107 2022 02 014 1,2022-02-14,2022,2,2022-02,1904,Bangka Tengah,Kepulauan Bangka Belitung,1904,kode,Koba,1,,,,0,0,False
4901,6201 107 2022 02 013 1,2022-02-13,2022,2,2022-02,6201,Kotawaringin Barat,Kalimantan Tengah,6201,kode,Kumai,1,Dipicu aktivitas pembukaan dan pembakaran lahan oleh  masyarakat,,,0,0,False
4902,1971 107 2022 02 07 1,2022-02-07,2022,2,2022-02,1971,Kota Pangkal Pinang,Kepulauan Bangka Belitung,1971,kode,Bukit Intan,1,,,,0,0,False
4903,1408 107 2022 02 04 1,2022-02-04,2022,2,2022-02,1403,Bengkalis,Riau,1403,kode,Siak Kecil; Bengkalis,2,Masih dalam penyidikan petugas terkait,,,0,0,False
4904,1904 107 2022 02 02 1,2022-02-02,2022,2,2022-02,1904,Bangka Tengah,Kepulauan Bangka Belitung,1904,kode,,0,,,,0,0,False
4905,1117 107 2022 02 01 1,2022-02-01,2022,2,2022-02,1117,Bener Meriah,Aceh,1117,kode,Pintu Rime Gayo,1,Masih dalam penyelidikan,,,0,0,False
4906,1174 107 2022 02 01 1,2022-02-01,2022,2,2022-02,1173,Kota Lhokseumawe,Aceh,1173,kode,Muara Satu,1,Akibat Pembebasan Lahan yang di lakukan masyarakat sekitar dan api menjalar mendekati pemukiman warga,,,0,0,False
4907,1108 107 2022 02 01 1,2022-02-01,2022,2,2022-02,1106,Aceh Besar,Aceh,1106,kode,Lembah Seulawah Jl. Banda Aceh-Medan di depan SPN Saree,1,Masih dalam penyelidikan pihak berwajib,,,0,0,False
4908,6106 107 2022 01 031 1,2022-01-31,2022,1,2022-01,6104,Ketapang,Kalimantan Barat,6104,kode,Matan Hilir Selatan,1,Diduga karena rendahnya curah hujan di Kab. Ketapang,,,0,0,False
4909,1174 107 2022 01 030 1,2022-01-30,2022,1,2022-01,1173,Kota Lhokseumawe,Aceh,1173,kode,Muara Satu Gp. Padang Sakti,1,Akibat panas matahari dan pembebasan lahan,,,0,0,False
4910,1904 107 2022 01 030 1,2022-01-30,2022,1,2022-01,1904,Bangka Tengah,Kepulauan Bangka Belitung,1904,kode,Koba,1,,,,0,0,False
4911,6205 107 2022 01 030 1,2022-01-30,2022,1,2022-01,6205,Barito Utara,Kalimantan Tengah,6205,kode,,0,Masih dalam penyelidikan yang berwenang,,,0,0,False
4912,1904 107 2022 01 029 1,2022-01-29,2022,1,2022-01,1904,Bangka Tengah,Kepulauan Bangka Belitung,1904,kode,Koba,1,,,,0,0,False
4913,6201 107 2022 01 027 1,2022-01-27,2022,1,2022-01,6201,Kotawaringin Barat,Kalimantan Tengah,6201,kode,Arut Selatan,1,masih dalam penyelidikan pihak berwenang,,,0,0,False
4914,1902 107 2022 01 026 1,2022-01-26,2022,1,2022-01,1902,Belitung,Kepulauan Bangka Belitung,1902,kode,Sijuk,1,,,,0,0,False
4915,1403 107 2022 01 08 1,2022-01-08,2022,1,2022-01,1404,Indragiri Hilir,Riau,1404,kode,Rengat Barat,1,masih dalam proses penyelidikan,,,0,0,False
4916,6474 107 2022 01 02 1,2022-01-02,2022,1,2022-01,6474,Kota Bontang,Kalimantan Timur,6474,kode,Bontang Selatan,1,masih dalam penyelidikan pihak berwenang,,,0,0,False
4917,1404 107 2022 01 01 1,2022-01-01,2022,1,2022-01,1405,Pelalawan,Riau,1405,kode,Bunut,1,Masih dalam penyelidikan,,,0,0,False
4918,1409 107 2022 01 01 1,2022-01-01,2022,1,2022-01,1407,Rokan Hilir,Riau,1407,kode,,0,Masih dalam penyelidikan,,,0,0,False
4919,1612 107 2022 01 01 1,2022-01-01,2022,1,2022-01,1612,Penukal Abab Lematang Ilir,Sumatera Selatan,1612,kode,,0,Masih dalam penyelidikan,,,0,0,False
4920,1473 107 2022 01 01 1,2022-01-01,2022,1,2022-01,1472,Kota Dumai,Riau,1472,kode,Sungai Sembilan,1,,,,0,0,False
4921,6210 107 2022 01 01 1,2022-01-01,2022,1,2022-01,6211,Pulang Pisau,Kalimantan Tengah,6211,kode,,0,Masih dalam penyelidikan,,,0,0,False
4922,1406 107 2022 01 01 1,2022-01-01,2022,1,2022-01,1401,Kampar,Riau,1401,kode,,0,,,,0,0,False
4923,1405 107 2022 01 01 1,2022-01-01,2022,1,2022-01,1408,Siak,Riau,1408,kode,,0,,,,0,0,False
4924,1407 107 2022 01 01 1,2022-01-01,2022,1,2022-01,1406,Rokan Hulu,Riau,1406,kode,,0,Masih dalam penyelidikan,,,0,0,False
4925,1408 107 2022 01 01 1,2022-01-01,2022,1,2022-01,1403,Bengkalis,Riau,1403,kode,Talang Mandau,1,,,,0,0,False
4926,6201 107 2022 01 01 1,2022-01-01,2022,1,2022-01,6201,Kotawaringin Barat,Kalimantan Tengah,6201,kode,,0,Masih dalam penyelidikan,,,0,0,False
4927,1611 107 2022 01 01 1,2022-01-01,2022,1,2022-01,1611,Empat Lawang,Sumatera Selatan,1611,kode,,0,Masih dalam penyelidikan,,,0,0,False
4928,1671 107 2022 01 01 1,2022-01-01,2022,1,2022-01,1671,Kota Palembang,Sumatera Selatan,1671,kode,,0,Masih dalam penyelidikan,,,0,0,False
4929,1610 107 2022 01 01 1,2022-01-01,2022,1,2022-01,1610,Ogan Ilir,Sumatera Selatan,1610,kode,,0,Masih dalam penyelidikan,,,0,0,False
4930,1604 107 2022 01 01 1,2022-01-01,2022,1,2022-01,1604,Lahat,Sumatera Selatan,1604,kode,,0,Masih dalam penyelidikan,,,0,0,False
4931,1602 107 2022 01 01 1,2022-01-01,2022,1,2022-01,1602,Ogan Komering Ilir,Sumatera Selatan,1602,kode,,0,Masih dalam penyelidikan,,,0,0,False
4932,1613 107 2022 01 01 1,2022-01-01,2022,1,2022-01,1613,Musi Rawas Utara,Sumatera Selatan,1613,kode,,0,Masih dalam penyelidikan,,,0,0,False
4933,1402 107 2022 01 01 1,2022-01-01,2022,1,2022-01,1402,Indragiri Hulu,Riau,1402,kode,,0,,,,0,0,False
4934,6207 107 2022 01 01 1,2022-01-01,2022,1,2022-01,6209,Lamandau,Kalimantan Tengah,6209,kode,,0,Masih dalam penyelidikan,,,0,0,False
4935,6202 107 2022 01 01 1,2022-01-01,2022,1,2022-01,6202,Kotawaringin Timur,Kalimantan Tengah,6202,kode,Teluk Sampit; MH. Selatan; MH. Utara; Pulau Hanaut; MB. Ketapang; Seranau; Baamang; Kota Besi; Telawang; Cempaga; Tempaga Hulu; Parenggean; Mentaya Hulu; Tualan Hulu; Bukit Santuai; Telaga Antang; Antang Kalang,17,Masih dalam penyelidikan,,,0,0,False
4936,6209 107 2022 01 01 1,2022-01-01,2022,1,2022-01,6206,Katingan,Kalimantan Tengah,6206,kode,,0,Masih dalam penyelidikan,,,0,4,False
4937,1601 107 2022 01 01 1,2022-01-01,2022,1,2022-01,1601,Ogan Komering Ulu,Sumatera Selatan,1601,kode,,0,Masih dalam penyelidikan,,,0,0,False
4938,1605 107 2022 01 01 1,2022-01-01,2022,1,2022-01,1605,Musi Rawas,Sumatera Selatan,1605,kode,,0,Masih dalam penyelidikan,,,0,0,False
4939,1410 107 2022 01 01 1,2022-01-01,2022,1,2022-01,1410,Kepulauan Meranti,Riau,1410,kode,Rangsang,1,,,,0,0,False
4940,6206 107 2022 01 01 1,2022-01-01,2022,1,2022-01,6208,Sukamara,Kalimantan Tengah,6208,kode,,0,Masih dalam penyelidikan,,,0,0,False
4941,1606 107 2022 01 01 1,2022-01-01,2022,1,2022-01,1606,Musi Banyuasin,Sumatera Selatan,1606,kode,,0,Masih dalam penyelidikan,,,0,0,False
4942,1403 107 2022 01 01 1,2022-01-01,2022,1,2022-01,1404,Indragiri Hilir,Riau,1404,kode,,0,,,,0,0,False
4943,1603 107 2022 01 01 1,2022-01-01,2022,1,2022-01,1603,Muara Enim,Sumatera Selatan,1603,kode,,0,Masih dalam penyelidikan,,,0,0,False
4944,1471 107 2022 01 01 1,2022-01-01,2022,1,2022-01,1471,Kota Pekanbaru,Riau,1471,kode,Marpoyan Damai,1,,,,0,0,False
4945,1401 107 2022 01 01 1,2022-01-01,2022,1,2022-01,1409,Kuantan Singingi,Riau,1409,kode,,0,Masih dalam penyelidikan,,,0,0,False
4946,6204 107 2022 01 01 1,2022-01-01,2022,1,2022-01,6204,Barito Selatan,Kalimantan Tengah,6204,kode,,0,Masih dalam penyelidikan,,,0,0,False
4947,1607 107 2022 01 01 1,2022-01-01,2022,1,2022-01,1607,Banyuasin,Sumatera Selatan,1607,kode,,0,Masih dalam penyelidikan,,,0,0,False
4948,1672 107 2022 01 01 1,2022-01-01,2022,1,2022-01,1674,Kota Prabumulih,Sumatera Selatan,1674,kode,,0,Masih dalam penyelidikan,,,0,0,False
4949,6271 107 2022 01 01 1,2022-01-01,2022,1,2022-01,6271,Kota Palangkaraya,Kalimantan Tengah,6271,kode,,0,Masih dalam penyelidikan,,,0,0,False
4950,6213 107 2022 01 01 1,2022-01-01,2022,1,2022-01,6212,Murung Raya,Kalimantan Tengah,6212,kode,,0,Masih dalam penyelidikan,,,0,0,False
4951,1608 107 2022 01 01 1,2022-01-01,2022,1,2022-01,1609,Ogan Komering Ulu Selatan,Sumatera Selatan,1609,kode,,0,Masih dalam penyelidikan,,,0,0,False
4952,6208 107 2022 01 01 1,2022-01-01,2022,1,2022-01,6207,Seruyan,Kalimantan Tengah,6207,kode,,0,Masih dalam penyelidikan,,,0,0,False
4953,6203 107 2022 01 01 1,2022-01-01,2022,1,2022-01,6203,Kapuas,Kalimantan Tengah,6203,kode,,0,Masih dalam penyelidikan,,,0,0,False
4954,6205 107 2022 01 01 1,2022-01-01,2022,1,2022-01,6205,Barito Utara,Kalimantan Tengah,6205,kode,,0,Masih dalam penyelidikan,,,0,0,False
4955,1116 107 2021 012 9 1,2021-12-09,2021,12,2021-12,1114,Aceh Jaya,Aceh,1114,kode,,0,,0.0,0.0,0,0,False
4956,2172 107 2021 012 8 1,2021-12-08,2021,12,2021-12,2172,Kota Tanjung Pinang,Kepulauan Riau,2172,kode,,0,,0.0,0.0,0,0,False
4957,2172 107 2021 012 7 1,2021-12-07,2021,12,2021-12,2172,Kota Tanjung Pinang,Kepulauan Riau,2172,kode,,0,,0.0,0.0,0,0,False
4958,6301 107 2021 012 1 1,2021-12-01,2021,12,2021-12,6301,Tanah Laut,Kalimantan Selatan,6301,kode,Kintap,1,,0.0,0.0,0,0,False
4959,1672 107 2021 012 1 1,2021-12-01,2021,12,2021-12,1674,Kota Prabumulih,Sumatera Selatan,1674,kode,Cambai,1,Masih dalam penyelidikan,0.0,0.0,0,0,False
4960,1606 107 2021 012 1 1,2021-12-01,2021,12,2021-12,1606,Musi Banyuasin,Sumatera Selatan,1606,kode,Sekayu,1,masih dalam penyelidikan,0.0,0.0,0,0,False
4961,1572 107 2021 011 29 1,2021-11-29,2021,11,2021-11,1572,Kota Sungai Penuh,Jambi,1572,kode,,0,,0.0,0.0,0,0,False
4962,6305 107 2021 011 25 1,2021-11-25,2021,11,2021-11,6305,Tapin,Kalimantan Selatan,6305,kode,Candi Laras Selatan,1,,0.0,0.0,0,0,False
4963,6301 107 2021 011 24 1,2021-11-24,2021,11,2021-11,6301,Tanah Laut,Kalimantan Selatan,6301,kode,Panyipatan,1,,0.0,0.0,0,0,False
4964,6306 107 2021 011 23 1,2021-11-23,2021,11,2021-11,6306,Hulu Sungai Selatan,Kalimantan Selatan,6306,kode,Daha Selatan; Daha Utara,2,,0.0,0.0,0,0,False
4965,6303 107 2021 011 23 1,2021-11-23,2021,11,2021-11,6303,Banjar,Kalimantan Selatan,6303,kode,Sungai Tabuk,1,,0.0,0.0,0,0,False
4966,6304 107 2021 011 23 1,2021-11-23,2021,11,2021-11,6304,Barito Kuala,Kalimantan Selatan,6304,kode,Barito Selatan,1,,0.0,0.0,0,0,False
4967,6301 107 2021 011 22 1,2021-11-22,2021,11,2021-11,6301,Tanah Laut,Kalimantan Selatan,6301,kode,Jorong,1,Dalam penyelidikan,0.0,0.0,0,0,False
4968,6306 107 2021 011 22 1,2021-11-22,2021,11,2021-11,6306,Hulu Sungai Selatan,Kalimantan Selatan,6306,kode,Daha Selatan,1,Dalam penyelidikan,0.0,0.0,0,0,False
4969,6303 107 2021 011 22 1,2021-11-22,2021,11,2021-11,6303,Banjar,Kalimantan Selatan,6303,kode,Beruntung Baru,1,Dalam penyelidikan,0.0,0.0,0,0,False
4970,6405 107 2021 011 21 1,2021-11-21,2021,11,2021-11,6403,Berau,Kalimantan Timur,6403,kode,,0,,0.0,0.0,0,0,False
4971,6310 107 2021 011 18 1,2021-11-18,2021,11,2021-11,6310,Tanah Bumbu,Kalimantan Selatan,6310,kode,Batu Licin,1,Masih dalam Penyelidikan,0.0,0.0,0,0,False
4972,6306 107 2021 011 18 1,2021-11-18,2021,11,2021-11,6306,Hulu Sungai Selatan,Kalimantan Selatan,6306,kode,Daha Selatan,1,,0.0,0.0,0,0,False
4973,6305 107 2021 011 18 1,2021-11-18,2021,11,2021-11,6305,Tapin,Kalimantan Selatan,6305,kode,Candi Laras Selatan,1,,0.0,0.0,0,0,False
4974,6304 107 2021 011 18 1,2021-11-18,2021,11,2021-11,6304,Barito Kuala,Kalimantan Selatan,6304,kode,Marabahan,1,,0.0,0.0,0,0,False
4975,9112 107 2021 011 13 1,2021-11-13,2021,11,2021-11,9212,Pegunungan Arfak,Papua Barat,9212,kode,,0,,0.0,0.0,0,0,False
4976,6305 107 2021 011 9 1,2021-11-09,2021,11,2021-11,6305,Tapin,Kalimantan Selatan,6305,kode,Tapin Tengah,1,,0.0,0.0,0,0,False
4977,6306 107 2021 011 9 1,2021-11-09,2021,11,2021-11,6306,Hulu Sungai Selatan,Kalimantan Selatan,6306,kode,Daha Selatan; Daha Barat,2,,0.0,0.0,0,0,False
4978,6201 107 2021 011 9 1,2021-11-09,2021,11,2021-11,6201,Kotawaringin Barat,Kalimantan Tengah,6201,kode,Kotawaringin Lama,1,Dipicu pembakaran untuk membuka lahan oleh warga untuk ditanami sawit,0.0,0.0,0,0,False
4979,6306 107 2021 011 7 1,2021-11-07,2021,11,2021-11,6306,Hulu Sungai Selatan,Kalimantan Selatan,6306,kode,Daha Barat,1,,0.0,0.0,0,0,False
4980,6305 107 2021 011 2 1,2021-11-02,2021,11,2021-11,6305,Tapin,Kalimantan Selatan,6305,kode,Candi Laras Utara; Candi Laras Selatan,2,,0.0,0.0,0,0,False
4981,6306 107 2021 011 1 1,2021-11-01,2021,11,2021-11,6306,Hulu Sungai Selatan,Kalimantan Selatan,6306,kode,Daha Selatan; Daha Barat,2,,0.0,0.0,0,0,False
4982,6306 107 2021 010 31 1,2021-10-31,2021,10,2021-10,6306,Hulu Sungai Selatan,Kalimantan Selatan,6306,kode,Daha Selatan; Daha Utara,2,,0.0,0.0,0,0,False
4983,6305 107 2021 010 31 1,2021-10-31,2021,10,2021-10,6305,Tapin,Kalimantan Selatan,6305,kode,Candi Laras Utara; Candi Lras Selatan,2,,0.0,0.0,0,0,False
4984,6305 107 2021 010 28 1,2021-10-28,2021,10,2021-10,6305,Tapin,Kalimantan Selatan,6305,kode,Candi Laras Selatan,1,,0.0,0.0,0,0,False
4985,6311 107 2021 010 28 1,2021-10-28,2021,10,2021-10,6311,Balangan,Kalimantan Selatan,6311,kode,Batu Mandi,1,,0.0,0.0,0,0,False
4986,6213 107 2021 010 28 1,2021-10-28,2021,10,2021-10,6212,Murung Raya,Kalimantan Tengah,6212,kode,Luang Tuhup,1,dipicu akibat pembukaan lahan dan masih dalam penyelidikan petugas terkait pelaku pembakaran,0.0,0.0,0,0,False
4987,6205 107 2021 010 28 1,2021-10-28,2021,10,2021-10,6205,Barito Utara,Kalimantan Tengah,6205,kode,Taweh Baru; Taweh Tengah; Lahei; Gunung Timang; Taweh Timur,5,dipicu akibat pembukaan lahan dan masih dalam penyelidikan petugas terkait pelaku pembakaran,0.0,0.0,0,0,False
4988,6306 107 2021 010 27 1,2021-10-27,2021,10,2021-10,6306,Hulu Sungai Selatan,Kalimantan Selatan,6306,kode,Muning Dalam; Bajayau Lama; Daha Selatan,3,,0.0,0.0,0,0,False
4989,6304 107 2021 010 27 1,2021-10-27,2021,10,2021-10,6304,Barito Kuala,Kalimantan Selatan,6304,kode,Anjir Pasar,1,,0.0,0.0,0,0,False
4990,6372 107 2021 010 27 1,2021-10-27,2021,10,2021-10,6372,Kota Banjarbaru,Kalimantan Selatan,6372,kode,Cempaka,1,,0.0,0.0,0,0,False
4991,3515 107 2021 010 26 1,2021-10-26,2021,10,2021-10,3515,Sidoarjo,Jawa Timur,3515,kode,Sukodono,1,Masih dalam penyelidikan,0.0,0.0,0,0,False
4992,6306 107 2021 010 26 1,2021-10-26,2021,10,2021-10,6306,Hulu Sungai Selatan,Kalimantan Selatan,6306,kode,Daha Utara,1,,0.0,0.0,0,0,False
4993,6206 107 2021 010 24 1,2021-10-24,2021,10,2021-10,6208,Sukamara,Kalimantan Tengah,6208,kode,Pantai Lunci; Katingan Tengah; Sanaman Mantikei,3,Masih dalam penyelidikan pihak yang berwajib,0.0,0.0,0,0,False
4994,6306 107 2021 010 24 1,2021-10-24,2021,10,2021-10,6306,Hulu Sungai Selatan,Kalimantan Selatan,6306,kode,Daha Selatan; Daha Barat; Simpur; Bejayau Lama Kab. Banjar; sawaja; Candi Laras Utara Kota Banjar Baru; Gunung Kupang,7,Masih dalam penyelidikan pihak yang berwajib,0.0,0.0,0,0,False
4995,3204 107 2021 010 24 1,2021-10-24,2021,10,2021-10,3204,Bandung,Jawa Barat,3204,kode,,0,,0.0,0.0,0,0,False
4996,6303 107 2021 010 24 1,2021-10-24,2021,10,2021-10,6303,Banjar,Kalimantan Selatan,6303,kode,Simpang Empat,1,,0.0,0.0,0,0,False
4997,6305 107 2021 010 24 1,2021-10-24,2021,10,2021-10,6305,Tapin,Kalimantan Selatan,6305,kode,Candi Laras Utara,1,,0.0,0.0,0,0,False
4998,6209 107 2021 010 24 1,2021-10-24,2021,10,2021-10,6206,Katingan,Kalimantan Tengah,6206,kode,Marikit; Katingan Hulu,2,Masih dalam penyelidikan,0.0,0.0,0,0,False
4999,6372 107 2021 010 24 1,2021-10-24,2021,10,2021-10,6372,Kota Banjarbaru,Kalimantan Selatan,6372,kode,Cempaka,1,,0.0,0.0,0,0,False
5000,6303 107 2021 010 23 1,2021-10-23,2021,10,2021-10,6303,Banjar,Kalimantan Selatan,6303,kode,Beruntung Baru,1,,0.0,0.0,0,0,False
5001,6305 107 2021 010 23 1,2021-10-23,2021,10,2021-10,6305,Tapin,Kalimantan Selatan,6305,kode,Candi Laras,1,,0.0,0.0,0,0,False
5002,6306 107 2021 010 23 1,2021-10-23,2021,10,2021-10,6306,Hulu Sungai Selatan,Kalimantan Selatan,6306,kode,Muning Baru; Daha Selatan; Belawang,3,,0.0,0.0,0,0,False
5003,5106 107 2021 010 22 1,2021-10-22,2021,10,2021-10,5106,Bangli,Bali,5106,kode,Kintamani,1,Kebakaran tersebut diduga adanya pergesekan ranting akibat cuaca panas disertai angin kencang dan semak semak di seputaran kawasan BKSDA Kintamani yang sudah kering,0.0,0.0,0,0,False
5004,1610 107 2021 010 18 1,2021-10-18,2021,10,2021-10,1610,Ogan Ilir,Sumatera Selatan,1610,kode,Indralaya Selatan; Indralaya Utara,2,Masih dalam penyelidikan,0.0,0.0,0,0,False
5005,6301 107 2021 010 17 1,2021-10-17,2021,10,2021-10,6301,Tanah Laut,Kalimantan Selatan,6301,kode,Bati-bati,1,,0.0,0.0,0,0,False
5006,6306 107 2021 010 17 1,2021-10-17,2021,10,2021-10,6306,Hulu Sungai Selatan,Kalimantan Selatan,6306,kode,Daha Utara,1,,0.0,0.0,0,0,False
5007,6303 107 2021 010 16 1,2021-10-16,2021,10,2021-10,6303,Banjar,Kalimantan Selatan,6303,kode,Baruntung Baru; Gambut; Sungai Tabuk,3,,0.0,0.0,0,0,False
5008,6305 107 2021 010 16 1,2021-10-16,2021,10,2021-10,6305,Tapin,Kalimantan Selatan,6305,kode,Tapin Tengah,1,,0.0,0.0,0,0,False
5009,1205 107 2021 010 16 1,2021-10-16,2021,10,2021-10,1202,Tapanuli Utara,Sumatera Utara,1202,kode,,0,,0.0,0.0,0,0,False
5010,3209 107 2021 010 16 1,2021-10-16,2021,10,2021-10,3209,Cirebon,Jawa Barat,3209,kode,,0,,0.0,0.0,0,0,False
5011,1108 107 2021 010 16 1,2021-10-16,2021,10,2021-10,1106,Aceh Besar,Aceh,1106,kode,,0,,0.0,0.0,0,0,False
5012,1106 107 2021 010 16 1,2021-10-16,2021,10,2021-10,1104,Aceh Tengah,Aceh,1104,kode,,0,,0.0,0.0,0,0,False
5013,6306 107 2021 010 16 1,2021-10-16,2021,10,2021-10,6306,Hulu Sungai Selatan,Kalimantan Selatan,6306,kode,Siang Gantung; Tanjung Selor,2,,0.0,0.0,0,0,False
5014,6301 107 2021 010 16 1,2021-10-16,2021,10,2021-10,6301,Tanah Laut,Kalimantan Selatan,6301,kode,Kurau,1,,0.0,0.0,0,0,False
5015,6372 107 2021 010 15 1,2021-10-15,2021,10,2021-10,6372,Kota Banjarbaru,Kalimantan Selatan,6372,kode,Landasan Ulin,1,,0.0,0.0,0,0,False
5016,1610 107 2021 010 15 1,2021-10-15,2021,10,2021-10,1610,Ogan Ilir,Sumatera Selatan,1610,kode,Indralaya,1,masih dalam penyelidikan,0.0,0.0,0,0,False
5017,6303 107 2021 010 15 1,2021-10-15,2021,10,2021-10,6303,Banjar,Kalimantan Selatan,6303,kode,Araino; Gambut,2,,0.0,0.0,0,0,False
5018,6304 107 2021 010 14 1,2021-10-14,2021,10,2021-10,6304,Barito Kuala,Kalimantan Selatan,6304,kode,Jejangkit,1,,0.0,0.0,0,0,False
5019,6305 107 2021 010 14 1,2021-10-14,2021,10,2021-10,6305,Tapin,Kalimantan Selatan,6305,kode,Candi Laras Utara,1,,0.0,0.0,0,0,False
5020,1106 107 2021 010 14 1,2021-10-14,2021,10,2021-10,1104,Aceh Tengah,Aceh,1104,kode,Kebayakan; Jagong Jeget,2,masih dalam proses penyelidikan,0.0,0.0,0,0,False
5021,6301 107 2021 010 14 1,2021-10-14,2021,10,2021-10,6301,Tanah Laut,Kalimantan Selatan,6301,kode,Bati-bati,1,,0.0,0.0,0,0,False
5022,1115 107 2021 010 14 1,2021-10-14,2021,10,2021-10,1115,Nagan Raya,Aceh,1115,kode,Darul Makmur,1,masih dalam penyelidikan,0.0,0.0,0,0,False
5023,1210 107 2021 010 14 1,2021-10-14,2021,10,2021-10,1211,Dairi,Sumatera Utara,1211,kode,Silahisabungan,1,Masih dalam penyelidikan,0.0,0.0,0,0,False
5024,6372 107 2021 010 13 1,2021-10-13,2021,10,2021-10,6372,Kota Banjarbaru,Kalimantan Selatan,6372,kode,Landasan Ulin; Liang Anggang,2,,0.0,0.0,0,0,False
5025,6405 107 2021 010 13 1,2021-10-13,2021,10,2021-10,6403,Berau,Kalimantan Timur,6403,kode,,0,,0.0,0.0,0,0,False
5026,1106 107 2021 010 13 1,2021-10-13,2021,10,2021-10,1104,Aceh Tengah,Aceh,1104,kode,Kebayakan,1,"Pada tgl 12 oktober 2021, pukul 18:30 WIB BPBD melalui posko induk Damkar kota Takengon mendapat telp dari masyarakat bahwa pinggiran Danau Lut Tawar, tepatnya desa mendale terjadi kebakaran lahan. Saat itu juga BPBD menerjunkan 2 unit armada Damkar guna pemadaman api",0.0,0.0,0,0,False
5027,6303 107 2021 010 13 1,2021-10-13,2021,10,2021-10,6303,Banjar,Kalimantan Selatan,6303,kode,Baruntung Baru,1,,0.0,0.0,0,0,False
5028,1117 107 2021 010 13 1,2021-10-13,2021,10,2021-10,1117,Bener Meriah,Aceh,1117,kode,Alur Cincin,1,Masih dalam penyelidikan,0.0,0.0,0,0,False
5029,1112 107 2021 010 13 1,2021-10-13,2021,10,2021-10,1112,Aceh Barat Daya,Aceh,1112,kode,,0,,0.0,0.0,0,0,False
5030,1108 107 2021 010 13 1,2021-10-13,2021,10,2021-10,1106,Aceh Besar,Aceh,1106,kode,Lembah Seulawah,1,Akibat pembakaran sarang Tawon,0.0,0.0,0,0,False
5031,6306 107 2021 010 13 1,2021-10-13,2021,10,2021-10,6306,Hulu Sungai Selatan,Kalimantan Selatan,6306,kode,Muning Baru; Daha Selatan,2,,0.0,0.0,0,0,False
5032,3274 107 2021 010 12 1,2021-10-12,2021,10,2021-10,3274,Kota Cirebon,Jawa Barat,3274,kode,,0,,0.0,0.0,0,0,False
5033,6206 107 2021 010 12 1,2021-10-12,2021,10,2021-10,6208,Sukamara,Kalimantan Tengah,6208,kode,Sukamara,1,Masih dalam penyelidikan petugas,0.0,0.0,0,0,False
5034,1106 107 2021 010 12 1,2021-10-12,2021,10,2021-10,1104,Aceh Tengah,Aceh,1104,kode,Bebesan,1,Masih dalam penyelidikan,0.0,0.0,0,0,False
5035,3210 107 2021 010 12 1,2021-10-12,2021,10,2021-10,3210,Majalengka,Jawa Barat,3210,kode,Jatiwangi,1,Kebakaran dipicu akibat puntung rokok yang membakar serasah kayu dan menjalar ke lahan perkebunan seluas 200 meter persegi. api membakar rumput teki yang berada di lahan tersebut,0.0,0.0,0,0,False
5036,1113 107 2021 010 12 1,2021-10-12,2021,10,2021-10,1113,Gayo Lues,Aceh,1113,kode,,0,,0.0,0.0,0,0,False
5037,6405 107 2021 010 12 1,2021-10-12,2021,10,2021-10,6403,Berau,Kalimantan Timur,6403,kode,,0,,0.0,0.0,0,0,False
5038,1205 107 2021 010 11 1,2021-10-11,2021,10,2021-10,1202,Tapanuli Utara,Sumatera Utara,1202,kode,,0,,0.0,0.0,0,0,False
5039,6303 107 2021 010 11 1,2021-10-11,2021,10,2021-10,6303,Banjar,Kalimantan Selatan,6303,kode,Baruntung Baru,1,,0.0,0.0,0,0,False
5040,6372 107 2021 010 11 1,2021-10-11,2021,10,2021-10,6372,Kota Banjarbaru,Kalimantan Selatan,6372,kode,Campaka; Landasan Ulin; Liang Anggang,3,,0.0,0.0,0,0,False
5041,1117 107 2021 010 11 1,2021-10-11,2021,10,2021-10,1117,Bener Meriah,Aceh,1117,kode,Bener kalipah,1,Akibat cuaca extreme di wilayah Bener Meriah dan sekitarnya,0.0,0.0,0,0,False
5042,1174 107 2021 010 11 1,2021-10-11,2021,10,2021-10,1173,Kota Lhokseumawe,Aceh,1173,kode,Muara dua,1,masih dalam proses penyelidikan,0.0,0.0,0,0,False
5043,6301 107 2021 010 11 1,2021-10-11,2021,10,2021-10,6301,Tanah Laut,Kalimantan Selatan,6301,kode,Kurau; Bati-bati,2,,0.0,0.0,0,0,False
5044,6306 107 2021 010 11 1,2021-10-11,2021,10,2021-10,6306,Hulu Sungai Selatan,Kalimantan Selatan,6306,kode,Daha Utara; Daha Selatan,2,,0.0,0.0,0,0,False
5045,1107 107 2021 010 11 1,2021-10-11,2021,10,2021-10,1105,Aceh Barat,Aceh,1105,kode,,0,,0.0,0.0,0,0,False
5046,1115 107 2021 010 10 1,2021-10-10,2021,10,2021-10,1115,Nagan Raya,Aceh,1115,kode,,0,,0.0,0.0,0,0,False
5047,1103 107 2021 010 10 1,2021-10-10,2021,10,2021-10,1101,Aceh Selatan,Aceh,1101,kode,,0,,0.0,0.0,0,0,False
5048,6372 107 2021 010 10 1,2021-10-10,2021,10,2021-10,6372,Kota Banjarbaru,Kalimantan Selatan,6372,kode,"Landasan Ulin,; Cempaka",2,Penyebab kebakaran masih dalam proses penyelidikan,0.0,0.0,0,0,False
5049,6301 107 2021 010 10 1,2021-10-10,2021,10,2021-10,6301,Tanah Laut,Kalimantan Selatan,6301,kode,Panyipatan,1,Penyebab kebakaran masih dalam proses penyelidikan,0.0,0.0,0,0,False
5050,1110 107 2021 010 10 1,2021-10-10,2021,10,2021-10,1111,Bireuen,Aceh,1111,kode,Juli,1,Masih dalam penyelidikan,0.0,0.0,0,0,False
5051,1106 107 2021 010 10 1,2021-10-10,2021,10,2021-10,1104,Aceh Tengah,Aceh,1104,kode,Linge; Bakongan Gp. Drien; Bakongan Timur Gp. Ujong Pulo Cut ds. Pulo sagoe ds. Kampung tesaran pantan terong ds. Bahagia ds. Dedamar,3,Masih dalam penyelidikan.,0.0,0.0,0,0,False
5052,1607 107 2021 010 10 1,2021-10-10,2021,10,2021-10,1607,Banyuasin,Sumatera Selatan,1607,kode,Rambutan,1,Posko Terpadu 06 Sako Kec. Rambutan BPBD Kabupaten Banyuasin Tim mendapatkan Informasi dari masyarakat pada pukul 11:22 wib. Tim Menemukan titik Api,0.0,0.0,0,0,False
5053,3209 107 2021 010 10 1,2021-10-10,2021,10,2021-10,3209,Cirebon,Jawa Barat,3209,kode,Mundu,1,Diduga dari pembakaran sampah warga.,0.0,0.0,0,0,False
5054,7107 107 2021 010 10 1,2021-10-10,2021,10,2021-10,7108,Bolaang Mongondow Utara,Sulawesi Utara,7108,kode,Bolmong Utara,1,"Api berawal dari Puntung Rokok yg di buang org tak dikenal melewati jln Trans di Gunung Tote,  yang berada tepat di tikungan gunung Tote dari arah Manado tdk jauh dari Rumah makan Gunung Tote mangga Dua, sehingga api menjalar membakar Semak"" Ilalang.",0.0,0.0,0,0,False
5055,2172 107 2021 010 9 1,2021-10-09,2021,10,2021-10,2172,Kota Tanjung Pinang,Kepulauan Riau,2172,kode,,0,,0.0,0.0,0,0,False
5056,6306 107 2021 010 9 1,2021-10-09,2021,10,2021-10,6306,Hulu Sungai Selatan,Kalimantan Selatan,6306,kode,Daha,1,Masih dalam penyelidikan,0.0,0.0,0,0,False
5057,1117 107 2021 010 8 1,2021-10-08,2021,10,2021-10,1117,Bener Meriah,Aceh,1117,kode,,0,,0.0,0.0,0,0,False
5058,6372 107 2021 010 7 1,2021-10-07,2021,10,2021-10,6372,Kota Banjarbaru,Kalimantan Selatan,6372,kode,Liang Naggang; Landasan Ulin Timur,2,,0.0,0.0,0,0,False
5059,6310 107 2021 010 7 1,2021-10-07,2021,10,2021-10,6310,Tanah Bumbu,Kalimantan Selatan,6310,kode,Batulicin,1,,0.0,0.0,0,0,False
5060,6206 107 2021 010 7 1,2021-10-07,2021,10,2021-10,6208,Sukamara,Kalimantan Tengah,6208,kode,Sukamara; Pantai Lunci,2,Masih dalam penyelidikan,0.0,0.0,0,0,False
5061,6306 107 2021 010 7 1,2021-10-07,2021,10,2021-10,6306,Hulu Sungai Selatan,Kalimantan Selatan,6306,kode,Kalumpang; Daha Selatan,2,,0.0,0.0,0,0,False
5062,1406 107 2021 010 6 1,2021-10-06,2021,10,2021-10,1401,Kampar,Riau,1401,kode,"Tampung,; Tambang,",2,Masih dalam pendataan,0.0,0.0,0,0,False
5063,6306 107 2021 010 5 1,2021-10-05,2021,10,2021-10,6306,Hulu Sungai Selatan,Kalimantan Selatan,6306,kode,Daha Selatan,1,,0.0,0.0,0,0,False
5064,1117 107 2021 010 5 1,2021-10-05,2021,10,2021-10,1117,Bener Meriah,Aceh,1117,kode,,0,,0.0,0.0,0,0,False
5065,6372 107 2021 010 5 1,2021-10-05,2021,10,2021-10,6372,Kota Banjarbaru,Kalimantan Selatan,6372,kode,Liang Anggang,1,,0.0,0.0,0,0,False
5066,6301 107 2021 010 5 1,2021-10-05,2021,10,2021-10,6301,Tanah Laut,Kalimantan Selatan,6301,kode,Bati-bati,1,,0.0,0.0,0,0,False
5067,1108 107 2021 010 4 1,2021-10-04,2021,10,2021-10,1106,Aceh Besar,Aceh,1106,kode,,0,,0.0,0.0,0,0,False
5068,6306 107 2021 010 3 1,2021-10-03,2021,10,2021-10,6306,Hulu Sungai Selatan,Kalimantan Selatan,6306,kode,"Daha Selatan ●; Daha Barat ●; Pandawan,",3,,0.0,0.0,0,0,False
5069,6502 107 2021 010 3 1,2021-10-03,2021,10,2021-10,6501,Bulungan,Kalimantan Utara,6501,kode,,0,,0.0,0.0,1,0,False
5070,1406 107 2021 010 3 1,2021-10-03,2021,10,2021-10,1401,Kampar,Riau,1401,kode,"Kuok,",1,,0.0,0.0,0,0,False
5071,1210 107 2021 010 2 1,2021-10-02,2021,10,2021-10,1211,Dairi,Sumatera Utara,1211,kode,"Silahisabungan,",1,"Terjadi kebakaran lahan pada hari Sabtu, 02 Oktober 2021. Penyebab kebakaran masih dalam penyelidikan",0.0,0.0,0,0,False
5072,1106 107 2021 010 2 1,2021-10-02,2021,10,2021-10,1104,Aceh Tengah,Aceh,1104,kode,,0,,0.0,0.0,0,0,False
5073,6306 107 2021 010 1 1,2021-10-01,2021,10,2021-10,6306,Hulu Sungai Selatan,Kalimantan Selatan,6306,kode,Daha Utara; Daha Selatan,2,,0.0,0.0,0,0,False
5074,6305 107 2021 010 1 1,2021-10-01,2021,10,2021-10,6305,Tapin,Kalimantan Selatan,6305,kode,Tapin Tengah,1,,0.0,0.0,0,0,False
5075,6301 107 2021 09 29 1,2021-09-29,2021,9,2021-09,6301,Tanah Laut,Kalimantan Selatan,6301,kode,,0,,0.0,0.0,0,0,False
5076,6304 107 2021 09 28 1,2021-09-28,2021,9,2021-09,6304,Barito Kuala,Kalimantan Selatan,6304,kode,Jejangkit,1,,0.0,0.0,0,0,False
5077,6405 107 2021 09 27 1,2021-09-27,2021,9,2021-09,6403,Berau,Kalimantan Timur,6403,kode,,0,,0.0,0.0,0,0,False
5078,6306 107 2021 09 27 1,2021-09-27,2021,9,2021-09,6306,Hulu Sungai Selatan,Kalimantan Selatan,6306,kode,Muning Baru; Kalumpang; Daha Utara; Daha Selatan,4,,0.0,0.0,0,0,False
5079,6372 107 2021 09 27 1,2021-09-27,2021,9,2021-09,6372,Kota Banjarbaru,Kalimantan Selatan,6372,kode,Landasan Ulin,1,,0.0,0.0,0,0,False
5080,6305 107 2021 09 25 1,2021-09-25,2021,9,2021-09,6305,Tapin,Kalimantan Selatan,6305,kode,Tapin Tengah; Candi Laras,2,,0.0,0.0,0,0,False
5081,6303 107 2021 09 25 1,2021-09-25,2021,9,2021-09,6303,Banjar,Kalimantan Selatan,6303,kode,Simpang Empat,1,,0.0,0.0,0,0,False
5082,1904 107 2021 09 25 1,2021-09-25,2021,9,2021-09,1904,Bangka Tengah,Kepulauan Bangka Belitung,1904,kode,,0,,0.0,0.0,0,0,False
5083,3209 107 2021 09 25 1,2021-09-25,2021,9,2021-09,3209,Cirebon,Jawa Barat,3209,kode,,0,,0.0,0.0,0,0,False
5084,6306 107 2021 09 25 1,2021-09-25,2021,9,2021-09,6306,Hulu Sungai Selatan,Kalimantan Selatan,6306,kode,"Simpur,; Daha Selatan",2,,0.0,0.0,0,0,False
5085,1108 107 2021 09 24 1,2021-09-24,2021,9,2021-09,1106,Aceh Besar,Aceh,1106,kode,,0,,0.0,0.0,0,0,False
5086,1103 107 2021 09 23 1,2021-09-23,2021,9,2021-09,1101,Aceh Selatan,Aceh,1101,kode,"Bakongan, Gampong Ujong Mangki",1,"Pada Pukul 15:30 WIB dari aplikasi Lapan Fire Hotspot telah ditemukan Titik Api dengan Kategori Low (Kecil) pada koordinat 2.56.37 N 97.27.21 E pada hari Kamis, 23 September 2021",0.0,0.0,0,0,False
5087,6311 107 2021 09 23 1,2021-09-23,2021,9,2021-09,6311,Balangan,Kalimantan Selatan,6311,kode,Batumandi,1,,0.0,0.0,0,0,False
5088,6305 107 2021 09 23 1,2021-09-23,2021,9,2021-09,6305,Tapin,Kalimantan Selatan,6305,kode,Candi Laras,1,,0.0,0.0,0,0,False
5089,1271 107 2021 09 23 1,2021-09-23,2021,9,2021-09,1273,Kota Sibolga,Sumatera Utara,1273,kode,,0,,0.0,0.0,0,0,False
5090,6306 107 2021 09 23 1,2021-09-23,2021,9,2021-09,6306,Hulu Sungai Selatan,Kalimantan Selatan,6306,kode,Daha Selatan,1,,0.0,0.0,0,0,False
5091,2172 107 2021 09 22 1,2021-09-22,2021,9,2021-09,2172,Kota Tanjung Pinang,Kepulauan Riau,2172,kode,,0,,0.0,0.0,0,0,False
5092,1504 107 2021 09 22 1,2021-09-22,2021,9,2021-09,1504,Batanghari,Jambi,1504,kode,,0,,0.0,0.0,0,0,False
5093,6306 107 2021 09 22 1,2021-09-22,2021,9,2021-09,6306,Hulu Sungai Selatan,Kalimantan Selatan,6306,kode,Daha Selatan,1,,0.0,0.0,0,0,False
5094,1602 107 2021 09 21 1,2021-09-21,2021,9,2021-09,1602,Ogan Komering Ilir,Sumatera Selatan,1602,kode,"Pedamaran,",1,"Masih dalam penyelidikan pihak berwajib pada hari Selasa, 21 September 2021 Pkl. 13:00 WIB",0.0,0.0,0,0,False
5095,6303 107 2021 09 21 1,2021-09-21,2021,9,2021-09,6303,Banjar,Kalimantan Selatan,6303,kode,Gambut,1,,0.0,0.0,0,0,False
5096,6372 107 2021 09 21 1,2021-09-21,2021,9,2021-09,6372,Kota Banjarbaru,Kalimantan Selatan,6372,kode,Liang Anggang,1,,0.0,0.0,0,0,False
5097,6311 107 2021 09 21 1,2021-09-21,2021,9,2021-09,6311,Balangan,Kalimantan Selatan,6311,kode,Halong,1,,0.0,0.0,0,0,False
5098,6306 107 2021 09 21 1,2021-09-21,2021,9,2021-09,6306,Hulu Sungai Selatan,Kalimantan Selatan,6306,kode,Daha Utara,1,,0.0,0.0,0,0,False
5099,6306 107 2021 09 20 1,2021-09-20,2021,9,2021-09,6306,Hulu Sungai Selatan,Kalimantan Selatan,6306,kode,Daha selatan,1,,0.0,0.0,0,0,False
5100,6303 107 2021 09 20 1,2021-09-20,2021,9,2021-09,6303,Banjar,Kalimantan Selatan,6303,kode,Beruntung baru; Gambut,2,,0.0,0.0,0,0,False
5101,1610 107 2021 09 20 1,2021-09-20,2021,9,2021-09,1610,Ogan Ilir,Sumatera Selatan,1610,kode,Indralaya Utara,1,masih dalam penyelidikan petugas,0.0,0.0,0,0,False
5102,3210 107 2021 09 19 1,2021-09-19,2021,9,2021-09,3210,Majalengka,Jawa Barat,3210,kode,Majalengka,1,Masih dalam penyelidikan,0.0,0.0,0,0,False
5103,3515 107 2021 09 19 1,2021-09-19,2021,9,2021-09,3515,Sidoarjo,Jawa Timur,3515,kode,,0,"Hari Minggu, 19 September 2021 pukul 11.30 WIB, An. Sulaiman (Warga) melaporkan ke PMK Posko unit Candi bahwa terjadi kebakaran kebakaran lahan tebu",0.0,0.0,0,0,False
5104,6306 107 2021 09 19 1,2021-09-19,2021,9,2021-09,6306,Hulu Sungai Selatan,Kalimantan Selatan,6306,kode,Kalumpang; Daha Selatan,2,Masih dalam penyelidikan,0.0,0.0,0,0,False
5105,6372 107 2021 09 19 1,2021-09-19,2021,9,2021-09,6372,Kota Banjarbaru,Kalimantan Selatan,6372,kode,Liang Anggang,1,,0.0,0.0,0,0,False
5106,6311 107 2021 09 19 1,2021-09-19,2021,9,2021-09,6311,Balangan,Kalimantan Selatan,6311,kode,Halong; Paringin Selatan; Tebing Tinggi,3,,0.0,0.0,0,0,False
5107,6305 107 2021 09 19 1,2021-09-19,2021,9,2021-09,6305,Tapin,Kalimantan Selatan,6305,kode,Tapin,1,,0.0,0.0,0,0,False
5108,1408 107 2021 09 19 1,2021-09-19,2021,9,2021-09,1403,Bengkalis,Riau,1403,kode,Bengkalis,1,Masih dalam penyelidikan,0.0,0.0,0,0,False
5109,3211 107 2021 09 18 1,2021-09-18,2021,9,2021-09,3211,Sumedang,Jawa Barat,3211,kode,Sumedang Selatan,1,Sumber api belum di ketahui,0.0,0.0,0,0,False
5110,6303 107 2021 09 18 1,2021-09-18,2021,9,2021-09,6303,Banjar,Kalimantan Selatan,6303,kode,Martapura,1,,0.0,0.0,0,0,False
5111,6306 107 2021 09 18 1,2021-09-18,2021,9,2021-09,6306,Hulu Sungai Selatan,Kalimantan Selatan,6306,kode,Kalumpang,1,,0.0,0.0,0,0,False
5112,6301 107 2021 09 18 1,2021-09-18,2021,9,2021-09,6301,Tanah Laut,Kalimantan Selatan,6301,kode,Jorong,1,,0.0,0.0,0,0,False
5113,6305 107 2021 09 14 1,2021-09-14,2021,9,2021-09,6305,Tapin,Kalimantan Selatan,6305,kode,Lokpaikat,1,,0.0,0.0,0,0,False
5114,6304 107 2021 09 14 1,2021-09-14,2021,9,2021-09,6304,Barito Kuala,Kalimantan Selatan,6304,kode,Kuripan,1,,0.0,0.0,0,0,False
5115,6306 107 2021 09 14 1,2021-09-14,2021,9,2021-09,6306,Hulu Sungai Selatan,Kalimantan Selatan,6306,kode,Daha Selatan,1,,0.0,0.0,0,0,False
5116,1174 107 2021 09 12 1,2021-09-12,2021,9,2021-09,1173,Kota Lhokseumawe,Aceh,1173,kode,,0,,0.0,0.0,0,0,False
5117,6306 107 2021 09 11 1,2021-09-11,2021,9,2021-09,6306,Hulu Sungai Selatan,Kalimantan Selatan,6306,kode,Daha Utara,1,,0.0,0.0,0,0,False
5118,2172 107 2021 09 11 1,2021-09-11,2021,9,2021-09,2172,Kota Tanjung Pinang,Kepulauan Riau,2172,kode,,0,,0.0,0.0,0,0,False
5119,6405 107 2021 09 10 1,2021-09-10,2021,9,2021-09,6403,Berau,Kalimantan Timur,6403,kode,,0,,0.0,0.0,0,0,False
5120,3308 107 2021 09 10 1,2021-09-10,2021,9,2021-09,3308,Magelang,Jawa Tengah,3308,kode,Ngablak,1,,0.0,0.0,0,0,False
5121,6301 107 2021 09 9 1,2021-09-09,2021,9,2021-09,6301,Tanah Laut,Kalimantan Selatan,6301,kode,Pelaihari; Tambang Ulang,2,,0.0,0.0,0,0,False
5122,6306 107 2021 09 9 1,2021-09-09,2021,9,2021-09,6306,Hulu Sungai Selatan,Kalimantan Selatan,6306,kode,Daha Utara,1,,0.0,0.0,0,0,False
5123,6306 107 2021 09 8 1,2021-09-08,2021,9,2021-09,6306,Hulu Sungai Selatan,Kalimantan Selatan,6306,kode,Daha Selatan,1,,0.0,0.0,0,0,False
5124,6405 107 2021 09 8 1,2021-09-08,2021,9,2021-09,6403,Berau,Kalimantan Timur,6403,kode,,0,,0.0,0.0,0,0,False
5125,6405 107 2021 09 7 1,2021-09-07,2021,9,2021-09,6403,Berau,Kalimantan Timur,6403,kode,,0,,0.0,0.0,0,0,False
5126,6305 107 2021 09 6 1,2021-09-06,2021,9,2021-09,6305,Tapin,Kalimantan Selatan,6305,kode,Lokpaikat; Tapin Utara,2,,0.0,0.0,0,0,False
5127,1115 107 2021 09 6 1,2021-09-06,2021,9,2021-09,1115,Nagan Raya,Aceh,1115,kode,,0,,0.0,0.0,0,0,False
5128,6306 107 2021 09 6 1,2021-09-06,2021,9,2021-09,6306,Hulu Sungai Selatan,Kalimantan Selatan,6306,kode,Daha Selatan; Kalumpang,2,,0.0,0.0,0,0,False
5129,1116 107 2021 09 5 1,2021-09-05,2021,9,2021-09,1114,Aceh Jaya,Aceh,1114,kode,,0,,0.0,0.0,0,0,False
5130,3318 107 2021 09 5 1,2021-09-05,2021,9,2021-09,3318,Pati,Jawa Tengah,3318,kode,Juwana,1,,0.0,0.0,0,0,False
5131,6306 107 2021 09 5 1,2021-09-05,2021,9,2021-09,6306,Hulu Sungai Selatan,Kalimantan Selatan,6306,kode,Daha Selatan,1,,0.0,0.0,0,0,False
5132,1106 107 2021 09 4 1,2021-09-04,2021,9,2021-09,1104,Aceh Tengah,Aceh,1104,kode,Kebayakan,1,Masih dalam penyelidikan,0.0,0.0,0,0,False
5133,3324 107 2021 09 3 1,2021-09-03,2021,9,2021-09,3324,Kendal,Jawa Tengah,3324,kode,,0,,0.0,0.0,0,0,False
5134,3302 107 2021 09 2 1,2021-09-02,2021,9,2021-09,3302,Banyumas,Jawa Tengah,3302,kode,Rawalo,1,,0.0,0.0,0,0,False
5135,3314 107 2021 09 2 1,2021-09-02,2021,9,2021-09,3314,Sragen,Jawa Tengah,3314,kode,Karangmalang,1,,0.0,0.0,0,0,False
5136,3209 107 2021 09 2 1,2021-09-02,2021,9,2021-09,3209,Cirebon,Jawa Barat,3209,kode,,0,,0.0,0.0,0,0,False
5137,6306 107 2021 09 1 1,2021-09-01,2021,9,2021-09,6306,Hulu Sungai Selatan,Kalimantan Selatan,6306,kode,Kalumpang,1,,0.0,0.0,0,0,False
5138,6303 107 2021 09 1 1,2021-09-01,2021,9,2021-09,6303,Banjar,Kalimantan Selatan,6303,kode,Smpang Empat,1,,0.0,0.0,0,0,False
5139,6303 107 2021 08 29 1,2021-08-29,2021,8,2021-08,6303,Banjar,Kalimantan Selatan,6303,kode,Martapura Barat,1,,0.0,0.0,0,0,False
5140,6405 107 2021 08 29 1,2021-08-29,2021,8,2021-08,6403,Berau,Kalimantan Timur,6403,kode,,0,,0.0,0.0,0,0,False
5141,6307 107 2021 08 29 1,2021-08-29,2021,8,2021-08,6307,Hulu Sungai Tengah,Kalimantan Selatan,6307,kode,Labuan Amas Selatan,1,,0.0,0.0,0,0,False
5142,3515 107 2021 08 29 1,2021-08-29,2021,8,2021-08,3515,Sidoarjo,Jawa Timur,3515,kode,Prambon,1,Masih dalam penyelidikan,0.0,0.0,0,0,False
5143,6301 107 2021 08 27 1,2021-08-27,2021,8,2021-08,6301,Tanah Laut,Kalimantan Selatan,6301,kode,Bati-bati; Kurau,2,,0.0,0.0,0,0,False
5144,6372 107 2021 08 27 1,2021-08-27,2021,8,2021-08,6372,Kota Banjarbaru,Kalimantan Selatan,6372,kode,Liang Anggang,1,,0.0,0.0,0,0,False
5145,3274 107 2021 08 27 1,2021-08-27,2021,8,2021-08,3274,Kota Cirebon,Jawa Barat,3274,kode,,0,,0.0,0.0,0,0,False
5146,3316 107 2021 08 26 1,2021-08-26,2021,8,2021-08,3316,Blora,Jawa Tengah,3316,kode,,0,,0.0,0.0,0,0,False
5147,3309 107 2021 08 26 1,2021-08-26,2021,8,2021-08,3309,Boyolali,Jawa Tengah,3309,kode,,0,,0.0,0.0,0,0,False
5148,3308 107 2021 08 26 1,2021-08-26,2021,8,2021-08,3308,Magelang,Jawa Tengah,3308,kode,,0,,0.0,0.0,0,0,False
5149,6306 107 2021 08 26 1,2021-08-26,2021,8,2021-08,6306,Hulu Sungai Selatan,Kalimantan Selatan,6306,kode,Daha Selatan,1,,0.0,0.0,0,0,False
5150,6305 107 2021 08 25 1,2021-08-25,2021,8,2021-08,6305,Tapin,Kalimantan Selatan,6305,kode,,0,Tidak diketahui/Masih dalam penyelidikan,0.0,0.0,0,0,False
5151,3515 107 2021 08 24 1,2021-08-24,2021,8,2021-08,3515,Sidoarjo,Jawa Timur,3515,kode,Porong,1,"Pada hari Selasa, 24 Agustus 2021 pukul 14.10 WIB, an. PPLS melaporkan PMK Posko unit Porong bahwa terjadi kebakaran ilalang.",0.0,0.0,0,0,False
5152,6303 107 2021 08 24 1,2021-08-24,2021,8,2021-08,6303,Banjar,Kalimantan Selatan,6303,kode,Martapura,1,,0.0,0.0,0,0,False
5153,3274 107 2021 08 22 1,2021-08-22,2021,8,2021-08,3274,Kota Cirebon,Jawa Barat,3274,kode,,0,,0.0,0.0,0,0,False
5154,3512 107 2021 08 22 1,2021-08-22,2021,8,2021-08,3512,Situbondo,Jawa Timur,3512,kode,Kendit,1,Diduga sengaja dibakar oleh  orang yg tidak bertanggung jawab.,0.0,0.0,0,0,False
5155,6303 107 2021 08 20 1,2021-08-20,2021,8,2021-08,6303,Banjar,Kalimantan Selatan,6303,kode,Gambut,1,,0.0,0.0,0,0,False
5156,6372 107 2021 08 19 1,2021-08-19,2021,8,2021-08,6372,Kota Banjarbaru,Kalimantan Selatan,6372,kode,Landasan Ulin; Liang Anggang,2,,0.0,0.0,0,0,False
5157,6305 107 2021 08 18 1,2021-08-18,2021,8,2021-08,6305,Tapin,Kalimantan Selatan,6305,kode,Tapin Tengah,1,Masih dalam penyelidikan,0.0,0.0,0,0,False
5158,6372 107 2021 08 18 1,2021-08-18,2021,8,2021-08,6372,Kota Banjarbaru,Kalimantan Selatan,6372,kode,Liang Anggang,1,,0.0,0.0,0,0,False
5159,6303 107 2021 08 18 1,2021-08-18,2021,8,2021-08,6303,Banjar,Kalimantan Selatan,6303,kode,Beruntung Baru; Martapura,2,,0.0,0.0,0,0,False
5160,3511 107 2021 08 17 1,2021-08-17,2021,8,2021-08,3511,Bondowoso,Jawa Timur,3511,kode,Ijen,1,"Pada hari Selasa, 17 Agustus 2021 pukul 18.57 WIB terjadi kebakaran hutan di BKPH Sukosari, SKPH Bondowoso Selatan, KPH Bondowoso, Desa Jampit, Kecamatan Ijen, Kabupaten Bondowoso. Penyebab kebakaran karena ulah orang tidak bertanggung jawab",0.0,0.0,0,0,False
5161,6208 107 2021 08 17 1,2021-08-17,2021,8,2021-08,6207,Seruyan,Kalimantan Tengah,6207,kode,Seruyan Hilir Timur,1,,0.0,0.0,0,0,False
5162,6303 107 2021 08 17 1,2021-08-17,2021,8,2021-08,6303,Banjar,Kalimantan Selatan,6303,kode,Beruntung Baru,1,,0.0,0.0,0,0,False
5163,3519 107 2021 08 16 1,2021-08-16,2021,8,2021-08,3519,Madiun,Jawa Timur,3519,kode,Saradan; Gemarang; Mejayan,3,"Pada hari Senin, 16 Agustus 2021 Pukul 22.50 WIB. Telah terjadi kebakaran hutan, di Petak 71 B RPH Petung, BKPH petung, KPH Saradan, Dusun Petung, Desa Petung, Kecamatan Saradan, Kabupaten Madiun.  kejadian di ketahui pada saat patroli rutin petugas tol melihat api di KM 621 + 800 diduga kebakaran terjadi disebabkan oleh orang yang tidak bertanggung jawab",0.0,0.0,0,0,False
5164,6305 107 2021 08 15 1,2021-08-15,2021,8,2021-08,6305,Tapin,Kalimantan Selatan,6305,kode,Candi Laras Utara,1,,0.0,0.0,0,0,False
5165,1504 107 2021 08 13 1,2021-08-13,2021,8,2021-08,1504,Batanghari,Jambi,1504,kode,Bajubang,1,dugaan sementara kebakaran terjadi adanya unsur disengaja oleh oknum perambah untuk membuka lahan perkebunan diareal konsesi PT.REKI,0.0,0.0,0,0,False
5166,6206 107 2021 08 12 1,2021-08-12,2021,8,2021-08,6208,Sukamara,Kalimantan Tengah,6208,kode,Sukamara,1,Masih dalam penyelidikan,0.0,0.0,0,0,False
5167,1503 107 2021 08 12 1,2021-08-12,2021,8,2021-08,1503,Sarolangun,Jambi,1503,kode,Sarolangun,1,masih dalam proses penyelidikan,0.0,0.0,0,0,False
5168,6305 107 2021 08 11 1,2021-08-11,2021,8,2021-08,6305,Tapin,Kalimantan Selatan,6305,kode,Binuang; Candi Laras,2,Masih dalam penyelidikan,0.0,0.0,0,0,False
5169,6308 107 2021 08 11 1,2021-08-11,2021,8,2021-08,6308,Hulu Sungai Utara,Kalimantan Selatan,6308,kode,Amuntai Tengah,1,,0.0,0.0,0,0,False
5170,6301 107 2021 08 11 1,2021-08-11,2021,8,2021-08,6301,Tanah Laut,Kalimantan Selatan,6301,kode,Pelaihari; Bati-Bati; Tambang Ulang,3,Masih dalam penyelidikan,0.0,0.0,0,0,False
5171,6206 107 2021 08 11 1,2021-08-11,2021,8,2021-08,6208,Sukamara,Kalimantan Tengah,6208,kode,Sukamara,1,masih dalam proses penyelidikan,0.0,0.0,0,0,False
5172,3316 107 2021 08 10 1,2021-08-10,2021,8,2021-08,3316,Blora,Jawa Tengah,3316,kode,,0,,0.0,0.0,0,0,False
5173,6201 107 2021 08 10 1,2021-08-10,2021,8,2021-08,6201,Kotawaringin Barat,Kalimantan Tengah,6201,kode,"Kumai,",1,masih dalam penyelidikan,0.0,0.0,0,0,False
5174,1904 107 2021 08 10 1,2021-08-10,2021,8,2021-08,1904,Bangka Tengah,Kepulauan Bangka Belitung,1904,kode,,0,,0.0,0.0,0,0,False
5175,6311 107 2021 08 9 1,2021-08-09,2021,8,2021-08,6311,Balangan,Kalimantan Selatan,6311,kode,Lampihong; Halong,2,,0.0,0.0,0,0,False
5176,6301 107 2021 08 9 1,2021-08-09,2021,8,2021-08,6301,Tanah Laut,Kalimantan Selatan,6301,kode,Bati-Bati; Kintap,2,Masih dalam penyelidikan pihak berwajib,0.0,0.0,0,0,False
5177,1603 107 2021 08 9 1,2021-08-09,2021,8,2021-08,1603,Muara Enim,Sumatera Selatan,1603,kode,Muara Enim,1,Masih dalam Penyelidikan,0.0,0.0,0,0,False
5178,1503 107 2021 08 8 1,2021-08-08,2021,8,2021-08,1503,Sarolangun,Jambi,1503,kode,Sarolangun,1,Masih dalam penyelidikan,0.0,0.0,0,0,False
5179,6405 107 2021 08 8 1,2021-08-08,2021,8,2021-08,6403,Berau,Kalimantan Timur,6403,kode,,0,,0.0,0.0,0,0,False
5180,6311 107 2021 08 8 1,2021-08-08,2021,8,2021-08,6311,Balangan,Kalimantan Selatan,6311,kode,Lampihong,1,Masih dalam penyelidikan pihak terkait,0.0,0.0,0,0,False
5181,6201 107 2021 08 8 1,2021-08-08,2021,8,2021-08,6201,Kotawaringin Barat,Kalimantan Tengah,6201,kode,Arut Selatan,1,masih dalam proses penyelidikan,0.0,0.0,0,0,False
5182,1610 107 2021 08 8 1,2021-08-08,2021,8,2021-08,1610,Ogan Ilir,Sumatera Selatan,1610,kode,Indralaya; Pemulutan,2,Masih dalam penyelidikan pihak terkait,0.0,0.0,0,0,False
5183,6305 107 2021 08 7 1,2021-08-07,2021,8,2021-08,6305,Tapin,Kalimantan Selatan,6305,kode,Bakarangan,1,,0.0,0.0,0,0,False
5184,6271 107 2021 08 7 1,2021-08-07,2021,8,2021-08,6271,Kota Palangkaraya,Kalimantan Tengah,6271,kode,Bukit Batu,1,Masih dalam penyelidikan pihak terkait,0.0,0.0,0,0,False
5185,1106 107 2021 08 6 1,2021-08-06,2021,8,2021-08,1104,Aceh Tengah,Aceh,1104,kode,Lut Tawar :,1,"Telah terjadi kebakaran lahan pada hari Jumat, 06 Agustus 2021, Pkl. 14.50 WIB",0.0,0.0,0,0,False
5186,3512 107 2021 08 6 1,2021-08-06,2021,8,2021-08,3512,Situbondo,Jawa Timur,3512,kode,"Kendit,",1,masih dalam proses penyelidikan,0.0,0.0,0,0,False
5187,1904 107 2021 08 6 1,2021-08-06,2021,8,2021-08,1904,Bangka Tengah,Kepulauan Bangka Belitung,1904,kode,,0,,0.0,0.0,0,0,False
5188,3210 107 2021 08 6 1,2021-08-06,2021,8,2021-08,3210,Majalengka,Jawa Barat,3210,kode,,0,,0.0,1.0,0,0,False
5189,6307 107 2021 08 5 1,2021-08-05,2021,8,2021-08,6307,Hulu Sungai Tengah,Kalimantan Selatan,6307,kode,Labuan Alas selatan,1,,0.0,0.0,0,0,False
5190,6311 107 2021 08 5 1,2021-08-05,2021,8,2021-08,6311,Balangan,Kalimantan Selatan,6311,kode,Batumandi; Lampihong,2,masih dalam proses penyelidikan,0.0,0.0,0,0,False
5191,6405 107 2021 08 5 1,2021-08-05,2021,8,2021-08,6403,Berau,Kalimantan Timur,6403,kode,,0,,0.0,0.0,0,0,False
5192,6474 107 2021 08 5 1,2021-08-05,2021,8,2021-08,6474,Kota Bontang,Kalimantan Timur,6474,kode,,0,,0.0,0.0,0,0,False
5193,6372 107 2021 08 5 1,2021-08-05,2021,8,2021-08,6372,Kota Banjarbaru,Kalimantan Selatan,6372,kode,Landasan Ulin; Liang Anggang,2,,0.0,0.0,0,0,False
5194,3318 107 2021 08 5 1,2021-08-05,2021,8,2021-08,3318,Pati,Jawa Tengah,3318,kode,,0,,0.0,0.0,0,0,False
5195,6201 107 2021 08 4 1,2021-08-04,2021,8,2021-08,6201,Kotawaringin Barat,Kalimantan Tengah,6201,kode,Arut Selatan,1,masih dalam proses penyelidikan,0.0,0.0,0,0,False
5196,1106 107 2021 08 4 1,2021-08-04,2021,8,2021-08,1104,Aceh Tengah,Aceh,1104,kode,Kebayakan; Lut Tawar,2,Masih dalam penyelidikan pihak berwajib,0.0,0.0,0,0,False
5197,6201 107 2021 08 4 1,2021-08-04,2021,8,2021-08,6201,Kotawaringin Barat,Kalimantan Tengah,6201,kode,Arut Selatan,1,Masih dalam penyelidikan pihak berwajib,0.0,0.0,0,0,False
5198,6405 107 2021 08 4 1,2021-08-04,2021,8,2021-08,6403,Berau,Kalimantan Timur,6403,kode,,0,,0.0,0.0,0,0,False
5199,6502 107 2021 08 4 1,2021-08-04,2021,8,2021-08,6501,Bulungan,Kalimantan Utara,6501,kode,,0,,0.0,0.0,0,0,False
5200,1113 107 2021 08 4 1,2021-08-04,2021,8,2021-08,1113,Gayo Lues,Aceh,1113,kode,,0,,0.0,0.0,0,0,False
5201,1610 107 2021 08 4 1,2021-08-04,2021,8,2021-08,1610,Ogan Ilir,Sumatera Selatan,1610,kode,Pemulutan Barat; Indralaya Utara; Lubuk Keliat,3,masih dalam proses penyelidikan,0.0,0.0,0,0,False
5202,6502 107 2021 08 4 1,2021-08-04,2021,8,2021-08,6501,Bulungan,Kalimantan Utara,6501,kode,,0,,0.0,0.0,0,0,False
5203,6201 107 2021 08 3 1,2021-08-03,2021,8,2021-08,6201,Kotawaringin Barat,Kalimantan Tengah,6201,kode,Arut Selatan,1,,0.0,0.0,0,0,False
5204,1904 107 2021 08 3 1,2021-08-03,2021,8,2021-08,1904,Bangka Tengah,Kepulauan Bangka Belitung,1904,kode,,0,,0.0,0.0,0,0,False
5205,1117 107 2021 08 3 1,2021-08-03,2021,8,2021-08,1117,Bener Meriah,Aceh,1117,kode,Bandar; Bukit; Pintu Rime Gayo,3,,0.0,0.0,0,0,False
5206,1607 107 2021 08 3 1,2021-08-03,2021,8,2021-08,1607,Banyuasin,Sumatera Selatan,1607,kode,Muara Padang; Muara Sugih,2,,0.0,0.0,0,0,False
5207,6206 107 2021 08 3 1,2021-08-03,2021,8,2021-08,6208,Sukamara,Kalimantan Tengah,6208,kode,Sukamara,1,Masih dalam penyelidikan pihak berwajib,0.0,0.0,0,0,False
5208,1504 107 2021 08 3 1,2021-08-03,2021,8,2021-08,1504,Batanghari,Jambi,1504,kode,Pemayung,1,,0.0,0.0,0,0,False
5209,6372 107 2021 08 3 1,2021-08-03,2021,8,2021-08,6372,Kota Banjarbaru,Kalimantan Selatan,6372,kode,Cempaka,1,,0.0,0.0,0,0,False
5210,6405 107 2021 08 2 1,2021-08-02,2021,8,2021-08,6403,Berau,Kalimantan Timur,6403,kode,,0,,0.0,0.0,0,0,False
5211,3319 107 2021 08 2 1,2021-08-02,2021,8,2021-08,3319,Kudus,Jawa Tengah,3319,kode,,0,,0.0,0.0,0,0,False
5212,6301 107 2021 08 2 1,2021-08-02,2021,8,2021-08,6301,Tanah Laut,Kalimantan Selatan,6301,kode,Bati-bati,1,,0.0,0.0,0,0,False
5213,1505 107 2021 08 2 1,2021-08-02,2021,8,2021-08,1505,Muaro Jambi,Jambi,1505,kode,,0,,0.0,0.0,0,0,False
5214,6372 107 2021 08 2 1,2021-08-02,2021,8,2021-08,6372,Kota Banjarbaru,Kalimantan Selatan,6372,kode,Cempaka; Landasan Ulin,2,,0.0,0.0,0,0,False
5215,6502 107 2021 08 2 1,2021-08-02,2021,8,2021-08,6501,Bulungan,Kalimantan Utara,6501,kode,,0,,0.0,0.0,0,0,False
5216,1503 107 2021 08 2 1,2021-08-02,2021,8,2021-08,1503,Sarolangun,Jambi,1503,kode,Air Hitam,1,,0.0,0.0,0,0,False
5217,6471 107 2021 08 1 1,2021-08-01,2021,8,2021-08,6471,Kota Balikpapan,Kalimantan Timur,6471,kode,,0,,0.0,0.0,0,0,False
5218,3317 107 2021 08 1 1,2021-08-01,2021,8,2021-08,3317,Rembang,Jawa Tengah,3317,kode,,0,,0.0,0.0,0,0,False
5219,6108 107 2021 08 1 1,2021-08-01,2021,8,2021-08,6106,Kapuas Hulu,Kalimantan Barat,6106,kode,Putussibau Selatan,1,Masih dalam penyelidikan,0.0,0.0,0,0,False
5220,6301 107 2021 08 1 1,2021-08-01,2021,8,2021-08,6301,Tanah Laut,Kalimantan Selatan,6301,kode,Pelaihari,1,Masih dalam penyelidikan pihak berwajib,0.0,0.0,0,0,False
5221,6409 107 2021 08 01 1,2021-08-01,2021,8,2021-08,6409,Penajam Paser Utara,Kalimantan Timur,6409,kode,Penajam,1,Masih dalam penyelidikan pihak Kepolisian,0.0,0.0,0,0,False
5222,1504 107 2021 07 31 1,2021-07-31,2021,7,2021-07,1504,Batanghari,Jambi,1504,kode,,0,,0.0,0.0,0,0,False
5223,1601 107 2021 07 31 1,2021-07-31,2021,7,2021-07,1601,Ogan Komering Ulu,Sumatera Selatan,1601,kode,Lengkiti; Sosoh Buay Rayap; Baturaja Timur,3,Petugas memonitor titik hotspot melalui aplikasi lapan dan songket dgn hasil terpantaunya 4 titik  hotspot,0.0,0.0,0,0,False
5224,2172 107 2021 07 31 1,2021-07-31,2021,7,2021-07,2172,Kota Tanjung Pinang,Kepulauan Riau,2172,kode,,0,,0.0,0.0,0,0,False
5225,6305 107 2021 07 31 1,2021-07-31,2021,7,2021-07,6305,Tapin,Kalimantan Selatan,6305,kode,Candi Laras Selatan,1,,0.0,0.0,0,0,False
5226,6301 107 2021 07 31 1,2021-07-31,2021,7,2021-07,6301,Tanah Laut,Kalimantan Selatan,6301,kode,Tambang Ulang; Pelaihari,2,,0.0,0.0,0,0,False
5227,6301 107 2021 07 30 1,2021-07-30,2021,7,2021-07,6301,Tanah Laut,Kalimantan Selatan,6301,kode,Tambang Ulang; Jorong,2,,0.0,0.0,0,0,False
5228,1402 107 2021 07 30 1,2021-07-30,2021,7,2021-07,1402,Indragiri Hulu,Riau,1402,kode,"Rangat Barat,; Pasir Peyu,; Kl. Cenaku,",3,Masih dalam penyelidikan pihak yang berwenang,0.0,0.0,0,0,False
5229,1210 107 2021 07 30 1,2021-07-30,2021,7,2021-07,1211,Dairi,Sumatera Utara,1211,kode,"Silahisabungan,",1,Masih dalam penyelidikan pihak yang berwenang,0.0,0.0,0,0,False
5230,1610 107 2021 07 30 1,2021-07-30,2021,7,2021-07,1610,Ogan Ilir,Sumatera Selatan,1610,kode,Indralaya Utara,1,Penyebab kebakaran masih dalam penyelidikan,0.0,0.0,0,0,False
5231,6307 107 2021 07 30 1,2021-07-30,2021,7,2021-07,6307,Hulu Sungai Tengah,Kalimantan Selatan,6307,kode,Labuan Amas Selatan,1,,0.0,0.0,0,0,False
5232,1405 107 2021 07 30 1,2021-07-30,2021,7,2021-07,1408,Siak,Riau,1408,kode,Dayun,1,Masih dalam penyelidikan pihak yang berwenang,0.0,0.0,0,0,False
5233,6311 107 2021 07 30 1,2021-07-30,2021,7,2021-07,6311,Balangan,Kalimantan Selatan,6311,kode,"Juai,; Halong,",2,Telah terjadi kebakaran lahan akibat pembukaan lahan oleh masyarakat,0.0,0.0,0,0,False
5234,1607 107 2021 07 30 1,2021-07-30,2021,7,2021-07,1607,Banyuasin,Sumatera Selatan,1607,kode,"Suak Tapeh,; Rambutan,",2,Masih dalam penyelidikan pihak yang berwenang,0.0,0.0,0,0,False
5235,1103 101 2021 01 09 2,2021-07-30,2021,7,2021-07,6403,Berau,Kalimantan Timur,6403,kode,,0,,0.0,0.0,0,0,False
5236,6372 107 2021 07 30 1,2021-07-30,2021,7,2021-07,6372,Kota Banjarbaru,Kalimantan Selatan,6372,kode,Landasan Ulin,1,,0.0,0.0,0,0,False
5237,2172 107 2021 07 30 1,2021-07-30,2021,7,2021-07,2172,Kota Tanjung Pinang,Kepulauan Riau,2172,kode,,0,,0.0,0.0,0,0,False
5238,1601 107 2021 07 30 1,2021-07-30,2021,7,2021-07,1601,Ogan Komering Ulu,Sumatera Selatan,1601,kode,Sosoh Buay Rayap,1,Masih dalam penyelidikan pihak berwajib,0.0,0.0,0,0,False
5239,6307 107 2021 07 29 1,2021-07-29,2021,7,2021-07,6307,Hulu Sungai Tengah,Kalimantan Selatan,6307,kode,Labuan Amas Selatan,1,,0.0,0.0,0,0,False
5240,6405 107 2021 07 029 1,2021-07-29,2021,7,2021-07,6403,Berau,Kalimantan Timur,6403,kode,Sambaliung,1,masih dalam proses penyelidikan,0.0,0.0,0,0,False
5241,1504 107 2021 07 29 1,2021-07-29,2021,7,2021-07,1504,Batanghari,Jambi,1504,kode,,0,,0.0,0.0,0,0,False
5242,1211 107 2021 07 29 1,2021-07-29,2021,7,2021-07,1206,Karo,Sumatera Utara,1206,kode,,0,,0.0,0.0,0,0,False
5243,6372 107 2021 07 29 1,2021-07-29,2021,7,2021-07,6372,Kota Banjarbaru,Kalimantan Selatan,6372,kode,Landasan Ulin,1,Masih dalam penyelidikan pihak yang berwenang,0.0,0.0,0,0,False
5244,1601 107 2021 07 29 1,2021-07-29,2021,7,2021-07,1601,Ogan Komering Ulu,Sumatera Selatan,1601,kode,"Semidang Aji,",1,Masyarakat yang membuka lahan dengan cara membakar,0.0,0.0,0,0,False
5245,1117 107 2021 07 29 1,2021-07-29,2021,7,2021-07,1117,Bener Meriah,Aceh,1117,kode,Bukit,1,Atas laporan warga telah terjadi kebakaran lahan di sentral Desa Karang Rejo,0.0,0.0,0,0,False
5246,1106 107 2021 07 29 1,2021-07-29,2021,7,2021-07,1104,Aceh Tengah,Aceh,1104,kode,Bintang •; Jagong Jege •,2,Masih dalam penyelidikan pihak yang berwenang,0.0,0.0,0,0,False
5247,6471 107 2021 07 28 1,2021-07-28,2021,7,2021-07,6471,Kota Balikpapan,Kalimantan Timur,6471,kode,,0,,0.0,0.0,0,0,False
5248,6213 107 2021 07 28 1,2021-07-28,2021,7,2021-07,6212,Murung Raya,Kalimantan Tengah,6212,kode,Murung,1,masih dalam proses penyelidikan,0.0,0.0,0,0,False
5249,6404 107 2021 07 28 1,2021-07-28,2021,7,2021-07,6408,Kutai Timur,Kalimantan Timur,6408,kode,,0,,0.0,0.0,0,0,False
5250,1402 107 2021 07 28 1,2021-07-28,2021,7,2021-07,1402,Indragiri Hulu,Riau,1402,kode,Rengat,1,dalam proses penyelidikan,0.0,0.0,0,0,False
5251,6305 107 2021 07 28 1,2021-07-28,2021,7,2021-07,6305,Tapin,Kalimantan Selatan,6305,kode,Lokpaikat,1,Masih dalam penyelidikan pihak yang berwenang,0.0,0.0,0,0,False
5252,6301 107 2021 07 28 1,2021-07-28,2021,7,2021-07,6301,Tanah Laut,Kalimantan Selatan,6301,kode,Tambang Ulang •,1,Masih dalam penyelidikan pihak yang berwenang,0.0,0.0,0,0,False
5253,1117 107 2021 07 28 1,2021-07-28,2021,7,2021-07,1117,Bener Meriah,Aceh,1117,kode,Pintu Rime Gayo,1,masih dalam proses penyelidikan,0.0,0.0,0,0,False
5254,6311 107 2021 07 28 1,2021-07-28,2021,7,2021-07,6311,Balangan,Kalimantan Selatan,6311,kode,Tebing Tinggi; Batumandi; Paringin Selatan,3,masih dalam proses penyelidikan,0.0,0.0,0,0,False
5255,3604 107 2021 07 28 1,2021-07-28,2021,7,2021-07,3604,Serang,Banten,3604,kode,Nambo ilir,1,Kejadian tersebut di sebabkan oleh gesekan ranting kering dan cuaca yang panas dan angin sehingga menimbulkan kebakaran lahan tersebut,0.0,0.0,0,0,False
5256,1106 107 2021 07 28 1,2021-07-28,2021,7,2021-07,1104,Aceh Tengah,Aceh,1104,kode,Batu Lintang,1,: masih dalam proses penyelidikan,0.0,0.0,0,0,False
5257,1107 107 2021 07 28 1,2021-07-28,2021,7,2021-07,1105,Aceh Barat,Aceh,1105,kode,Johan pahlawan GP. Lapang ( Ujong perasok ); Bintang; Jagong Jege,3,Masih dalam penyelidikan aparat berwajib,0.0,0.0,0,0,False
5258,1601 107 2021 07 28 1,2021-07-28,2021,7,2021-07,1601,Ogan Komering Ulu,Sumatera Selatan,1601,kode,Pengadonan; Lengkiti; Lubuk Batang,3,Masayarakat membuka lahan dengan cara membakar  Masyarakat membakar bekas tumpukan sampah,0.0,0.0,0,0,False
5259,5308 107 2021 07 28 1,2021-07-28,2021,7,2021-07,5313,Lembata,Nusa Tenggara Timur,5313,kode,"Ile Ape,Ds. Laran Wutun,; Ile Ape Timur,",2,Akibat erupsi gunung Api Ile Lewotolok yang mengeluarkan larva pijar kerah Barat Daya dan Selatan yang mengakibatkan kebakaran hutan,0.0,0.0,0,0,False
5260,6474 107 2021 07 027 1,2021-07-27,2021,7,2021-07,6474,Kota Bontang,Kalimantan Timur,6474,kode,,0,•Masih dalam penyelidikan pihak yang berwenang,0.0,0.0,0,0,False
5261,6301 107 2021 07 27 1,2021-07-27,2021,7,2021-07,6301,Tanah Laut,Kalimantan Selatan,6301,kode,Jorong,1,,0.0,0.0,0,0,False
5262,6372 107 2021 07 27 1,2021-07-27,2021,7,2021-07,6372,Kota Banjarbaru,Kalimantan Selatan,6372,kode,Landasan Ulin,1,,0.0,0.0,0,0,False
5263,1103 101 2021 01 09 1,2021-07-27,2021,7,2021-07,6403,Berau,Kalimantan Timur,6403,kode,,0,,0.0,0.0,0,0,False
5264,6101 107 2021 07 27 1,2021-07-27,2021,7,2021-07,6101,Sambas,Kalimantan Barat,6101,kode,Jawai Kab. Paloh,1,Masih dalam penyelidikan pihak yang berwenang,0.0,0.0,0,0,False
5265,1601 107 2021 07 26 1,2021-07-26,2021,7,2021-07,1601,Ogan Komering Ulu,Sumatera Selatan,1601,kode,Lubuk Batang; Lengkiti,2,Masyarakat yang membuka lahan dgn cara membakar,0.0,0.0,0,0,False
5266,6205 107 2021 07 26 1,2021-07-26,2021,7,2021-07,6205,Barito Utara,Kalimantan Tengah,6205,kode,,0,Masih dalam penyelidikan pihak yang berwenang,0.0,0.0,0,0,False
5267,1610 107 2021 07 26 1,2021-07-26,2021,7,2021-07,1610,Ogan Ilir,Sumatera Selatan,1610,kode,Pemulutan; Indralaya,2,Masih dalam penyelidikan pihak yang berwenang,0.0,0.0,0,0,False
5268,1117 107 2021 07 26 1,2021-07-26,2021,7,2021-07,1117,Bener Meriah,Aceh,1117,kode,,0,•Masih dalam penyelidikan pihak yang berwenang,0.0,0.0,0,0,False
5269,6309 107 2021 07 26 1,2021-07-26,2021,7,2021-07,6309,Tabalong,Kalimantan Selatan,6309,kode,Kelua; Haruai,2,,0.0,0.0,0,0,False
5270,6502 107 2021 07 25 1,2021-07-25,2021,7,2021-07,6501,Bulungan,Kalimantan Utara,6501,kode,,0,,0.0,0.0,0,0,False
5271,6307 107 2021 07 25 1,2021-07-25,2021,7,2021-07,6307,Hulu Sungai Tengah,Kalimantan Selatan,6307,kode,,0,,0.0,0.0,0,0,False
5272,3308 107 2021 07 25 1,2021-07-25,2021,7,2021-07,3308,Magelang,Jawa Tengah,3308,kode,,0,,0.0,0.0,0,0,False
5273,1610 107 2021 07 25 1,2021-07-25,2021,7,2021-07,1610,Ogan Ilir,Sumatera Selatan,1610,kode,Pemulutan; Indralaya utara,2,•Masih dalam penyelidikan pihak kepolisian,0.0,0.0,0,0,False
5274,6271 107 2021 07 25 1,2021-07-25,2021,7,2021-07,6271,Kota Palangkaraya,Kalimantan Tengah,6271,kode,Pahandut,1,•Masih dalam penyelidikan pihak kepolisian,0.0,0.0,0,0,False
5275,6305 107 2021 07 25 1,2021-07-25,2021,7,2021-07,6305,Tapin,Kalimantan Selatan,6305,kode,Tapin Tengah; Bakarangan; Labuan Amas Selatan,3,•Masih dalam penyelidikan pihak kepolisian,0.0,0.0,0,0,False
5276,1904 107 2021 07 25 1,2021-07-25,2021,7,2021-07,1904,Bangka Tengah,Kepulauan Bangka Belitung,1904,kode,,0,,0.0,0.0,0,0,False
5277,6405 107 2021 07 24 1,2021-07-24,2021,7,2021-07,6403,Berau,Kalimantan Timur,6403,kode,,0,,0.0,0.0,0,0,False
5278,6311 107 2021 07 24 1,2021-07-24,2021,7,2021-07,6311,Balangan,Kalimantan Selatan,6311,kode,Tebing tinggi,1,,0.0,0.0,0,0,False
5279,6502 107 2021 07 24 1,2021-07-24,2021,7,2021-07,6501,Bulungan,Kalimantan Utara,6501,kode,Tanjung Selor,1,"•Dikarenakan ada warga yang sengaja membakar lahan milik pribadinya, karena lahan yang kering, mengakibatkan api semakin cepat menyebar dan membesar",0.0,0.0,0,0,False
5280,1117 107 2021 07 24 1,2021-07-24,2021,7,2021-07,1117,Bener Meriah,Aceh,1117,kode,Pintu Rime,1,•Dalam proses Penyelidikan,0.0,0.0,0,0,False
5281,6502 107 2021 07 23 1,2021-07-23,2021,7,2021-07,6501,Bulungan,Kalimantan Utara,6501,kode,,0,,0.0,0.0,0,0,False
5282,6502 107 2021 07 23 1,2021-07-23,2021,7,2021-07,6501,Bulungan,Kalimantan Utara,6501,kode,Tanjung Selor,1,"•Penyebab pasti kebakaran hutan belum diketahui, pihak terkait masih melakukan penyeledikikan",0.0,0.0,0,0,False
5283,6212 107 2021 07 23 1,2021-07-23,2021,7,2021-07,6213,Barito Timur,Kalimantan Tengah,6213,kode,,0,•Masih dalam penyelidikan,0.0,0.0,0,0,False
5284,6271 107 2021 07 23 1,2021-07-23,2021,7,2021-07,6271,Kota Palangkaraya,Kalimantan Tengah,6271,kode,,0,•Masih dalam penyelidikan,0.0,0.0,0,0,False
5285,1117 107 2021 07 23 1,2021-07-23,2021,7,2021-07,1117,Bener Meriah,Aceh,1117,kode,Bandar; Pintu Rime Gayo,2,•Masih dalam penyelidikan,0.0,0.0,0,0,False
5286,1504 107 2021 07 22 1,2021-07-22,2021,7,2021-07,1504,Batanghari,Jambi,1504,kode,,0,,0.0,0.0,0,0,False
5287,6372 107 2021 07 19 1,2021-07-19,2021,7,2021-07,6372,Kota Banjarbaru,Kalimantan Selatan,6372,kode,Landasan Ulin,1,,0.0,0.0,0,0,False
5288,6405 107 2021 07 19 1,2021-07-19,2021,7,2021-07,6403,Berau,Kalimantan Timur,6403,kode,,0,,0.0,0.0,0,0,False
5289,1504 107 2021 07 18 1,2021-07-18,2021,7,2021-07,1504,Batanghari,Jambi,1504,kode,,0,,0.0,0.0,0,0,False
5290,6304 107 2021 07 18 1,2021-07-18,2021,7,2021-07,6304,Barito Kuala,Kalimantan Selatan,6304,kode,Jejengkit,1,,0.0,0.0,0,0,False
5291,1610 107 2021 07 18 1,2021-07-18,2021,7,2021-07,1610,Ogan Ilir,Sumatera Selatan,1610,kode,Indralaya Utara,1,,0.0,0.0,0,0,False
5292,1408 107 2021 07 17 1,2021-07-17,2021,7,2021-07,1403,Bengkalis,Riau,1403,kode,Mandau,1,•Masih dalam penyelidikan petugas dan angin kencang sehingga api cepat meluas.,0.0,0.0,0,0,False
5293,6201 107 2021 07 10 1,2021-07-10,2021,7,2021-07,6201,Kotawaringin Barat,Kalimantan Tengah,6201,kode,Kumai,1,Masih dalam penyelikan petugas yang berwenang,0.0,0.0,0,0,False
5294,1904 107 2021 07 10 1,2021-07-10,2021,7,2021-07,1904,Bangka Tengah,Kepulauan Bangka Belitung,1904,kode,,0,,0.0,0.0,0,0,False
5295,6103 107 2021 07 8 1,2021-07-08,2021,7,2021-07,6108,Landak,Kalimantan Barat,6108,kode,Ngabang,1,"Akibat pembukaan lahan yang digunakan untuk berkebun dengan cara membakar pada hari Kamis, 08 Juli 2021",0.0,0.0,0,0,False
5296,1610 107 2021 07 6 1,2021-07-06,2021,7,2021-07,1610,Ogan Ilir,Sumatera Selatan,1610,kode,,0,•Masih dalam penyelidikan,0.0,0.0,0,0,False
5297,6301 107 2021 07 6 1,2021-07-06,2021,7,2021-07,6301,Tanah Laut,Kalimantan Selatan,6301,kode,Kintap,1,,0.0,0.0,0,0,False
5298,6305 107 2021 06 24 1,2021-06-24,2021,6,2021-06,6305,Tapin,Kalimantan Selatan,6305,kode,Tapin Tengah,1,masih dalam proses penyelidikan,0.0,0.0,0,0,False
5299,6311 107 2021 06 23 1,2021-06-23,2021,6,2021-06,6311,Balangan,Kalimantan Selatan,6311,kode,Lampihong,1,"Kebakaranlahangambut, dengan data pemiliktidakdiketahui.",0.0,0.0,0,0,False
5300,1408 107 2021 06 23 1,2021-06-23,2021,6,2021-06,1403,Bengkalis,Riau,1403,kode,Pinggir Desa Pangkalan Libut,1,• Telah terjadi kebakaran lahan semak belukar dan tanah gambut di Desa Pangkalan Libut • Penyebab kebakaran masih dalam penyelidikan,0.0,0.0,0,0,False
5301,1174 107 2021 06 22 1,2021-06-22,2021,6,2021-06,1173,Kota Lhokseumawe,Aceh,1173,kode,Muara Satu,1,,0.0,0.0,0,0,False
5302,1108 107 2021 06 16 1,2021-06-16,2021,6,2021-06,1106,Aceh Besar,Aceh,1106,kode,Kota Jantho,1,Akibat pembakaran tumpukan sampah ilalang,0.0,0.0,0,0,False
5303,6372 107 2021 06 11 1,2021-06-11,2021,6,2021-06,6372,Kota Banjarbaru,Kalimantan Selatan,6372,kode,Cempaka,1,,0.0,0.0,0,0,False
5304,6372 107 2021 06 10 1,2021-06-10,2021,6,2021-06,6372,Kota Banjarbaru,Kalimantan Selatan,6372,kode,Cempaka,1,,0.0,0.0,0,0,False
5305,6301 107 2021 06 9 1,2021-06-09,2021,6,2021-06,6301,Tanah Laut,Kalimantan Selatan,6301,kode,Tambang ulang,1,,0.0,0.0,0,0,False
5306,1601 107 2021 06 8 1,2021-06-08,2021,6,2021-06,1601,Ogan Komering Ulu,Sumatera Selatan,1601,kode,Baturaja,1,diduga sumber api untuk sementara yakni di akibatkan oleh Putung rokok yang dibuang oleh warga yang lewat disekitar area,0.0,0.0,0,0,False
5307,1471 107 2021 06 8 1,2021-06-08,2021,6,2021-06,1471,Kota Pekanbaru,Riau,1471,kode,Rumbai; Rengat Barat,2,•Masih dalam penyelidikan,0.0,0.0,0,0,False
5308,6301 107 2021 06 8 1,2021-06-08,2021,6,2021-06,6301,Tanah Laut,Kalimantan Selatan,6301,kode,Tambang Ulang,1,,0.0,0.0,0,0,False
5309,3209 107 2021 06 7 1,2021-06-07,2021,6,2021-06,3209,Cirebon,Jawa Barat,3209,kode,,0,,0.0,0.0,0,0,False
5310,1504 107 2021 06 7 1,2021-06-07,2021,6,2021-06,1504,Batanghari,Jambi,1504,kode,,0,,0.0,0.0,0,0,False
5311,6409 107 2021 06 05 1,2021-06-05,2021,6,2021-06,6409,Penajam Paser Utara,Kalimantan Timur,6409,kode,Penajam,1,•Masih dalam penyelidikan pihak Kepolisian.,0.0,0.0,0,0,False
5312,1901 107 2021 06 5 1,2021-06-05,2021,6,2021-06,1901,Bangka,Kepulauan Bangka Belitung,1901,kode,,0,,0.0,0.0,0,0,False
5313,1904 107 2021 06 5 1,2021-06-05,2021,6,2021-06,1904,Bangka Tengah,Kepulauan Bangka Belitung,1904,kode,Pangkalan Baru,1,•Kebakaran lahan masih dalam penyelidikan,0.0,0.0,0,0,False
5314,6372 107 2021 06 4 1,2021-06-04,2021,6,2021-06,6372,Kota Banjarbaru,Kalimantan Selatan,6372,kode,Landasan Ulin Kota,1,,0.0,0.0,0,0,False
5315,6301 107 2021 06 3 1,2021-06-03,2021,6,2021-06,6301,Tanah Laut,Kalimantan Selatan,6301,kode,Bati-bati; Jorong,2,,0.0,0.0,0,0,False
5316,6474 107 2021 06 3 1,2021-06-03,2021,6,2021-06,6474,Kota Bontang,Kalimantan Timur,6474,kode,Bontang Barat,1,• Masih dalam penyelidikan pihak berwajib,0.0,0.0,0,0,False
5317,1174 107 2021 05 29 1,2021-05-29,2021,5,2021-05,1173,Kota Lhokseumawe,Aceh,1173,kode,,0,,0.0,0.0,0,0,False
5318,6201 107 2021 05 27 1,2021-05-27,2021,5,2021-05,6201,Kotawaringin Barat,Kalimantan Tengah,6201,kode,Kumai,1,• Penyebab kebakaran dalam penyidikan,0.0,0.0,0,0,False
5319,6301 107 2021 05 26 1,2021-05-26,2021,5,2021-05,6301,Tanah Laut,Kalimantan Selatan,6301,kode,Bati-bati,1,,0.0,0.0,0,0,False
5320,3604 107 2021 05 26 1,2021-05-26,2021,5,2021-05,3604,Serang,Banten,3604,kode,Kramatwatu,1,• Akibat seorang warga setempat membuang puntung rokok sehingga menimbulkan percikan api dan langsung menjalar,0.0,0.0,0,0,False
5321,1504 107 2021 05 19 1,2021-05-19,2021,5,2021-05,1504,Batanghari,Jambi,1504,kode,,0,,0.0,0.0,0,0,False
5322,3604 107 2021 05 7 1,2021-05-07,2021,5,2021-05,3604,Serang,Banten,3604,kode,Kragilan,1,"Masih dalam Penyelidikan pihak berwajib diperkirakan kejadian tersebut pada hari Jumat, 07 Mei 2021 Pkl. 23:45 WIB",0.0,0.0,0,0,False
5323,6301 107 2021 05 4 1,2021-05-04,2021,5,2021-05,6301,Tanah Laut,Kalimantan Selatan,6301,kode,Kintap,1,,0.0,0.0,0,0,False
5324,6372 107 2021 04 30 1,2021-04-30,2021,4,2021-04,6372,Kota Banjarbaru,Kalimantan Selatan,6372,kode,Liang anggara kel. Landasan ulin selatan,1,,0.0,0.0,0,0,False
5325,6372 107 2021 04 27 1,2021-04-27,2021,4,2021-04,6372,Kota Banjarbaru,Kalimantan Selatan,6372,kode,Banjarbaru Utarakel. Sungai ulin,1,,0.0,0.0,0,0,False
5326,6405 107 2021 04 27 1,2021-04-27,2021,4,2021-04,6403,Berau,Kalimantan Timur,6403,kode,,0,,0.0,0.0,0,0,False
5327,3204 107 2021 04 26 1,2021-04-26,2021,4,2021-04,3204,Bandung,Jawa Barat,3204,kode,,0,,0.0,0.0,0,0,False
5328,6206 107 2021 04 26 1,2021-04-26,2021,4,2021-04,6208,Sukamara,Kalimantan Tengah,6208,kode,Sukamara,1,,0.0,0.0,0,0,False
5329,6106 107 2021 04 24 1,2021-04-24,2021,4,2021-04,6104,Ketapang,Kalimantan Barat,6104,kode,Matan Hilir Selatan,1,"• Hasil kajian BMKG Rahadi Oesman rendahnya intensitas hujan di beberapa wilayah Ketapang berpeluang terjadinya Karhutla, potensi kebakaran tersebut diprediksi terjadi pada tanggal 24 April s/d 26 April 2021 dari tingkat risiko yang tidak mudah terbakar, mudah terbakar hingga sangat mudah terbakar.",0.0,0.0,0,0,False
5330,6372 107 2021 04 22 1,2021-04-22,2021,4,2021-04,6372,Kota Banjarbaru,Kalimantan Selatan,6372,kode,Landasan Ulin kel. Gantung manggis; Liang Anggang,2,,0.0,0.0,0,0,False
5331,6405 107 2021 04 21 1,2021-04-21,2021,4,2021-04,6403,Berau,Kalimantan Timur,6403,kode,,0,,0.0,0.0,0,0,False
5332,6372 107 2021 04 21 1,2021-04-21,2021,4,2021-04,6372,Kota Banjarbaru,Kalimantan Selatan,6372,kode,Tegal Arum kel. Syamsuddin noor,1,,0.0,0.0,0,0,False
5333,6271 107 2021 04 20 1,2021-04-20,2021,4,2021-04,6271,Kota Palangkaraya,Kalimantan Tengah,6271,kode,Jekan Raya,1,• Masih dalam penyelidikan,0.0,0.0,0,0,False
5334,6201 107 2021 04 20 1,2021-04-20,2021,4,2021-04,6201,Kotawaringin Barat,Kalimantan Tengah,6201,kode,Kumai,1,• Masih dalam penyelidikan,0.0,0.0,0,0,False
5335,6106 107 2021 04 17 1,2021-04-17,2021,4,2021-04,6104,Ketapang,Kalimantan Barat,6104,kode,Matan Hilir Selatan,1,•Diduga akibat sengaja dibakar oleh warga untuk dijadikan lahan perladangan,0.0,0.0,0,0,False
5336,1406 107 2021 04 17 1,2021-04-17,2021,4,2021-04,1401,Kampar,Riau,1401,kode,Kampar,1,•Masih dalam penyelidikan,0.0,0.0,0,0,False
5337,1501 107 2021 04 7 1,2021-04-07,2021,4,2021-04,1501,Kerinci,Jambi,1501,kode,,0,,0.0,0.0,0,0,False
5338,1206 107 2021 04 2 1,2021-04-02,2021,4,2021-04,1212,Toba,Sumatera Utara,1212,kode,,0,,0.0,0.0,0,0,False
5339,1901 107 2021 03 22 1,2021-03-22,2021,3,2021-03,1901,Bangka,Kepulauan Bangka Belitung,1901,kode,Belinyu Kab.Bangka,1,,0.0,0.0,0,0,False
5340,1174 107 2021 03 22 1,2021-03-22,2021,3,2021-03,1173,Kota Lhokseumawe,Aceh,1173,kode,,0,,0.0,0.0,0,0,False
5341,2102 107 2021 03 21 1,2021-03-21,2021,3,2021-03,2101,Bintan,Kepulauan Riau,2101,kode,,0,,0.0,0.0,0,0,False
5342,1408 107 2021 03 21 1,2021-03-21,2021,3,2021-03,1403,Bengkalis,Riau,1403,kode,Bantan,1,"• lahan yang sempat terbakar pada tgl. 9 Maret 2021, kembali memunculkan titik hotspot akibat cuaca cukup panas",0.0,0.0,0,0,False
5343,2102 107 2021 03 20 1,2021-03-20,2021,3,2021-03,2101,Bintan,Kepulauan Riau,2101,kode,,0,,0.0,0.0,0,0,False
5344,2102 107 2021 03 19 1,2021-03-19,2021,3,2021-03,2101,Bintan,Kepulauan Riau,2101,kode,,0,,0.0,0.0,0,0,False
5345,2102 107 2021 03 18 1,2021-03-18,2021,3,2021-03,2101,Bintan,Kepulauan Riau,2101,kode,,0,,0.0,0.0,0,0,False
5346,2102 107 2021 03 17 1,2021-03-17,2021,3,2021-03,2101,Bintan,Kepulauan Riau,2101,kode,,0,,0.0,0.0,0,0,False
5347,1404 107 2021 03 17 1,2021-03-17,2021,3,2021-03,1405,Pelalawan,Riau,1405,kode,Kuala Kampar,1,• Masih dalam penyelidikan,0.0,0.0,0,0,False
5348,1108 107 2021 03 16 1,2021-03-16,2021,3,2021-03,1106,Aceh Besar,Aceh,1106,kode,,0,,0.0,0.0,0,0,False
5349,2102 107 2021 03 16 1,2021-03-16,2021,3,2021-03,2101,Bintan,Kepulauan Riau,2101,kode,,0,,0.0,0.0,0,0,False
5350,2172 107 2021 03 15 1,2021-03-15,2021,3,2021-03,2172,Kota Tanjung Pinang,Kepulauan Riau,2172,kode,,0,,0.0,0.0,0,0,False
5351,2102 107 2021 03 15 1,2021-03-15,2021,3,2021-03,2101,Bintan,Kepulauan Riau,2101,kode,,0,,0.0,0.0,0,0,False
5352,6201 107 2021 03 15 1,2021-03-15,2021,3,2021-03,6201,Kotawaringin Barat,Kalimantan Tengah,6201,kode,,0,• Pembersihan/Pembukaan lahan oleh masyarakat,0.0,0.0,0,0,False
5353,1505 107 2021 03 14 1,2021-03-14,2021,3,2021-03,1505,Muaro Jambi,Jambi,1505,kode,,0,,0.0,0.0,0,0,False
5354,6201 107 2021 03 13 1,2021-03-13,2021,3,2021-03,6201,Kotawaringin Barat,Kalimantan Tengah,6201,kode,Arut Selatan,1,masih dalam proses penyelidikan,0.0,0.0,0,0,False
5355,1174 107 2021 03 13 1,2021-03-13,2021,3,2021-03,1173,Kota Lhokseumawe,Aceh,1173,kode,Muara Dua Gp. Blang Poroh,1,Masih dalam penyelidikan,0.0,0.0,0,0,False
5356,1117 107 2021 03 13 1,2021-03-13,2021,3,2021-03,1117,Bener Meriah,Aceh,1117,kode,Bandar,1,masih dalam proses penyelidikan,0.0,0.0,0,0,False
5357,6502 107 2021 03 13 1,2021-03-13,2021,3,2021-03,6501,Bulungan,Kalimantan Utara,6501,kode,,0,,0.0,0.0,0,0,False
5358,1114 107 2021 03 12 1,2021-03-12,2021,3,2021-03,1116,Aceh Tamiang,Aceh,1116,kode,Tamiang Hulu Kp. Bandar Khalifah,1,: faktor alam,0.0,0.0,0,0,False
5359,1406 107 2021 03 12 1,2021-03-12,2021,3,2021-03,1401,Kampar,Riau,1401,kode,Gunung Sahilan,1,• Masih dalam penyelidikan,0.0,0.0,0,0,False
5360,2102 107 2021 03 12 1,2021-03-12,2021,3,2021-03,2101,Bintan,Kepulauan Riau,2101,kode,,0,,0.0,0.0,0,0,False
5361,6372 107 2021 03 12 1,2021-03-12,2021,3,2021-03,6372,Kota Banjarbaru,Kalimantan Selatan,6372,kode,Cempaka,1,,0.0,0.0,0,0,False
5362,1117 107 2021 03 11 1,2021-03-11,2021,3,2021-03,1117,Bener Meriah,Aceh,1117,kode,,0,,0.0,0.0,0,0,False
5363,1116 107 2021 03 11 1,2021-03-11,2021,3,2021-03,1114,Aceh Jaya,Aceh,1114,kode,Teunom,1,: dalam proses penyelidikan,0.0,0.0,0,0,False
5364,2172 107 2021 03 11 1,2021-03-11,2021,3,2021-03,2172,Kota Tanjung Pinang,Kepulauan Riau,2172,kode,,0,,0.0,0.0,0,0,False
5365,2102 107 2021 03 11 1,2021-03-11,2021,3,2021-03,2101,Bintan,Kepulauan Riau,2101,kode,,0,,0.0,0.0,0,0,False
5366,6504 107 2021 03 10 1,2021-03-10,2021,3,2021-03,6503,Nunukan,Kalimantan Utara,6503,kode,,0,• Masih dalam penyelidikam,0.0,0.0,0,0,False
5367,2102 107 2021 03 10 1,2021-03-10,2021,3,2021-03,2101,Bintan,Kepulauan Riau,2101,kode,,0,,0.0,0.0,0,0,False
5368,2172 107 2021 03 9 1,2021-03-09,2021,3,2021-03,2172,Kota Tanjung Pinang,Kepulauan Riau,2172,kode,,0,,0.0,0.0,0,0,False
5369,2102 107 2021 03 9 1,2021-03-09,2021,3,2021-03,2101,Bintan,Kepulauan Riau,2101,kode,,0,,0.0,0.0,0,0,False
5370,1406 107 2021 03 8 1,2021-03-08,2021,3,2021-03,1401,Kampar,Riau,1401,kode,Tambang,1,• Masih dalam penyelidikan,0.0,0.0,0,0,False
5371,2102 107 2021 03 8 1,2021-03-08,2021,3,2021-03,2101,Bintan,Kepulauan Riau,2101,kode,,0,,0.0,0.0,0,0,False
5372,2172 107 2021 03 7 1,2021-03-07,2021,3,2021-03,2172,Kota Tanjung Pinang,Kepulauan Riau,2172,kode,,0,,0.0,0.0,0,0,False
5373,6401 107 2021 03 07 1,2021-03-07,2021,3,2021-03,6401,Paser,Kalimantan Timur,6401,kode,Paser Belengkong,1,"• Pemilik lahan (Amiruddin) membakar kebun , dikarenakan Angin Kencang dan Kondisi cuaca sedang panas , api membesar sehingga pemilik lahan kesulitan untuk memadamkan api",0.0,0.0,0,0,False
5374,2102 107 2021 03 7 1,2021-03-07,2021,3,2021-03,2101,Bintan,Kepulauan Riau,2101,kode,,0,,0.0,0.0,0,0,False
5375,1904 107 2021 03 7 1,2021-03-07,2021,3,2021-03,1904,Bangka Tengah,Kepulauan Bangka Belitung,1904,kode,Koba Kab. Bangka Tengah,1,,0.0,0.0,0,0,False
5376,6271 107 2021 03 6 1,2021-03-06,2021,3,2021-03,6271,Kota Palangkaraya,Kalimantan Tengah,6271,kode,Jekan Raya,1,Dalam proses penyelidikan,0.0,0.0,0,0,False
5377,6310 107 2021 03 6 1,2021-03-06,2021,3,2021-03,6310,Tanah Bumbu,Kalimantan Selatan,6310,kode,Simpang Empat,1,,0.0,0.0,0,0,False
5378,1506 107 2021 03 6 1,2021-03-06,2021,3,2021-03,1507,Tanjung Jabung Timur,Jambi,1507,kode,,0,,0.0,0.0,0,0,False
5379,2102 107 2021 03 6 1,2021-03-06,2021,3,2021-03,2101,Bintan,Kepulauan Riau,2101,kode,,0,,0.0,0.0,0,0,False
5380,2172 107 2021 03 6 1,2021-03-06,2021,3,2021-03,2172,Kota Tanjung Pinang,Kepulauan Riau,2172,kode,,0,,0.0,0.0,0,0,False
5381,2102 107 2021 03 5 1,2021-03-05,2021,3,2021-03,2101,Bintan,Kepulauan Riau,2101,kode,,0,,0.0,0.0,0,0,False
5382,1204 107 2021 03 5 1,2021-03-05,2021,3,2021-03,1201,Tapanuli Tengah,Sumatera Utara,1201,kode,,0,,0.0,0.0,0,0,False
5383,1505 107 2021 03 4 1,2021-03-04,2021,3,2021-03,1505,Muaro Jambi,Jambi,1505,kode,,0,,0.0,0.0,0,0,False
5384,6372 107 2021 03 4 1,2021-03-04,2021,3,2021-03,6372,Kota Banjarbaru,Kalimantan Selatan,6372,kode,Cempaka,1,• Dalam penyelidikan,0.0,0.0,0,0,False
5385,1113 107 2021 03 4 1,2021-03-04,2021,3,2021-03,1113,Gayo Lues,Aceh,1113,kode,Kotapanjang,1,pada hari kamis tanggal 04 Maret 2021.. jam 12.00 wib tepatnya di desa Rikit Dekat kecamatan Kotapanjang . Telah terjadi kebakaran lahan,0.0,0.0,0,0,False
5386,1410 107 2021 03 4 1,2021-03-04,2021,3,2021-03,1410,Kepulauan Meranti,Riau,1410,kode,Rasang,1,masih dalam poenyelidikan,0.0,0.0,0,0,False
5387,2102 107 2021 03 4 1,2021-03-04,2021,3,2021-03,2101,Bintan,Kepulauan Riau,2101,kode,,0,,0.0,0.0,0,0,False
5388,1403 107 2021 03 4 1,2021-03-04,2021,3,2021-03,1404,Indragiri Hilir,Riau,1404,kode,Kempas,1,Masih dalam penyelidikan,0.0,0.0,0,0,False
5389,2102 107 2021 03 3 1,2021-03-03,2021,3,2021-03,2101,Bintan,Kepulauan Riau,2101,kode,,0,,0.0,0.0,0,0,False
5390,1505 107 2021 03 3 1,2021-03-03,2021,3,2021-03,1505,Muaro Jambi,Jambi,1505,kode,,0,,0.0,0.0,0,0,False
5391,2102 107 2021 03 2 1,2021-03-02,2021,3,2021-03,2101,Bintan,Kepulauan Riau,2101,kode,,0,,0.0,0.0,0,0,False
5392,6106 107 2021 03 2 1,2021-03-02,2021,3,2021-03,6104,Ketapang,Kalimantan Barat,6104,kode,Matan Hilir Selatan,1,"• wilayah kabupaten ketapang potensi karhutla masih tinggi, ini disebabkan karena wilayah kabupaten ketapang tidak ada turun hujan.",0.0,0.0,0,0,False
5393,1204 107 2021 03 2 1,2021-03-02,2021,3,2021-03,1201,Tapanuli Tengah,Sumatera Utara,1201,kode,,0,,0.0,0.0,0,0,False
5394,1506 107 2021 03 2 1,2021-03-02,2021,3,2021-03,1507,Tanjung Jabung Timur,Jambi,1507,kode,,0,,0.0,0.0,0,0,False
5395,6201 107 2021 03 1 1,2021-03-01,2021,3,2021-03,6201,Kotawaringin Barat,Kalimantan Tengah,6201,kode,,0,"• Berupa Lahan tidak terawat dan jenis tanah bergambut,  type Kebakaran  Bawah gambut",0.0,0.0,0,0,False
5396,1112 107 2021 03 1 1,2021-03-01,2021,3,2021-03,1112,Aceh Barat Daya,Aceh,1112,kode,,0,,0.0,0.0,0,0,False
5397,1110 107 2021 03 1 1,2021-03-01,2021,3,2021-03,1111,Bireuen,Aceh,1111,kode,,0,,0.0,0.0,0,0,False
5398,1504 107 2021 03 1 1,2021-03-01,2021,3,2021-03,1504,Batanghari,Jambi,1504,kode,,0,,0.0,0.0,0,0,False
5399,1107 107 2021 03 1 1,2021-03-01,2021,3,2021-03,1105,Aceh Barat,Aceh,1105,kode,Meureubo Gp. Peunaga Cut Ujong desa semantok,1,,0.0,0.0,0,0,False
5400,2102 107 2021 03 1 1,2021-03-01,2021,3,2021-03,2101,Bintan,Kepulauan Riau,2101,kode,,0,,0.0,0.0,0,0,False
5401,2172 107 2021 03 1 1,2021-03-01,2021,3,2021-03,2172,Kota Tanjung Pinang,Kepulauan Riau,2172,kode,,0,,0.0,0.0,0,0,False
5402,1506 107 2021 03 1 1,2021-03-01,2021,3,2021-03,1507,Tanjung Jabung Timur,Jambi,1507,kode,,0,,0.0,0.0,0,0,False
5403,1113 107 2021 03 1 1,2021-03-01,2021,3,2021-03,1113,Gayo Lues,Aceh,1113,kode,,0,,0.0,0.0,0,0,False
5404,1174 107 2021 03 1 1,2021-03-01,2021,3,2021-03,1173,Kota Lhokseumawe,Aceh,1173,kode,Muara Satu,1,• Akibat warga membakar ialalang semut.,0.0,0.0,0,0,False
5405,1404 107 2021 02 28 1,2021-02-28,2021,2,2021-02,1405,Pelalawan,Riau,1405,kode,,0,•Masih dalam penyelidikan,0.0,0.0,0,0,False
5406,2172 107 2021 02 28 1,2021-02-28,2021,2,2021-02,2172,Kota Tanjung Pinang,Kepulauan Riau,2172,kode,,0,,0.0,0.0,0,0,False
5407,1407 107 2021 02 28 1,2021-02-28,2021,2,2021-02,1406,Rokan Hulu,Riau,1406,kode,,0,,0.0,0.0,0,0,False
5408,1410 107 2021 02 28 1,2021-02-28,2021,2,2021-02,1410,Kepulauan Meranti,Riau,1410,kode,Rasang,1,• Masih dalam penyelidikan,0.0,0.0,0,0,False
5409,2102 107 2021 02 28 1,2021-02-28,2021,2,2021-02,2101,Bintan,Kepulauan Riau,2101,kode,,0,,0.0,0.0,0,0,False
5410,1473 107 2021 02 28 1,2021-02-28,2021,2,2021-02,1472,Kota Dumai,Riau,1472,kode,Sungai Sembilan; Bukit Kapu,2,•Masih dalam penyelidikan,0.0,0.0,0,0,False
5411,1406 107 2021 02 28 1,2021-02-28,2021,2,2021-02,1401,Kampar,Riau,1401,kode,Tapung,1,•Masih dalam penyelidikan,0.0,0.0,0,0,False
5412,1402 107 2021 02 28 1,2021-02-28,2021,2,2021-02,1402,Indragiri Hulu,Riau,1402,kode,Rengat; Kuala Cenaku,2,•Masih dalam penyelidikan,0.0,0.0,0,0,False
5413,1409 107 2021 02 28 1,2021-02-28,2021,2,2021-02,1407,Rokan Hilir,Riau,1407,kode,,0,•Masih dalam penyelidikan,0.0,0.0,0,0,False
5414,1408 107 2021 02 28 1,2021-02-28,2021,2,2021-02,1403,Bengkalis,Riau,1403,kode,Rupat; Rup; Pinggi; Mandau; Bantan; Bandar Laksamana; Talang Muandau; Talang Muandau; Sungai Sembilan; Bukit Kapu; Sungai Apit Kamp. Teluk Mesjid; Koto Gasib Kamp. Teluk Rimba; Tualang Kamp. Tualang  Kab. Indragiri Hulu; Rengat; Kuala Cenaku; Kempas; Mandah; Tapung,18,• Masih dalam penyelidikan,0.0,0.0,0,0,False
5415,1403 107 2021 02 28 1,2021-02-28,2021,2,2021-02,1404,Indragiri Hilir,Riau,1404,kode,Kempas; Mandah,2,•Masih dalam penyelidikan,0.0,0.0,0,0,False
5416,1405 107 2021 02 28 1,2021-02-28,2021,2,2021-02,1408,Siak,Riau,1408,kode,Sungai Apit Kamp. Teluk Mesjid; Koto Gasib Kamp. Teluk Rimba; Tualang Kamp. Tualang,3,•Masih dalam penyelidikan,0.0,0.0,0,0,False
5417,1471 107 2021 02 28 1,2021-02-28,2021,2,2021-02,1471,Kota Pekanbaru,Riau,1471,kode,,0,•Masih dalam penyelidikan,0.0,0.0,0,0,False
5418,1505 107 2021 02 27 1,2021-02-27,2021,2,2021-02,1505,Muaro Jambi,Jambi,1505,kode,,0,,0.0,0.0,0,0,False
5419,1115 107 2021 02 27 1,2021-02-27,2021,2,2021-02,1115,Nagan Raya,Aceh,1115,kode,,0,,0.0,0.0,0,0,False
5420,1403 107 2021 02 27 1,2021-02-27,2021,2,2021-02,1404,Indragiri Hilir,Riau,1404,kode,Kempas; Mandah,2,•Masih dalam penyelidikan,0.0,0.0,0,0,False
5421,1117 107 2021 02 27 1,2021-02-27,2021,2,2021-02,1117,Bener Meriah,Aceh,1117,kode,Pintu Rime Gayo Gp. Blang Rakal,1,•Masih dalam penyelidikan,0.0,0.0,0,0,False
5422,2102 107 2021 02 27 1,2021-02-27,2021,2,2021-02,2101,Bintan,Kepulauan Riau,2101,kode,,0,,0.0,0.0,0,0,False
5423,2102 107 2021 02 26 1,2021-02-26,2021,2,2021-02,2101,Bintan,Kepulauan Riau,2101,kode,,0,,0.0,0.0,0,0,False
5424,6201 107 2021 02 26 1,2021-02-26,2021,2,2021-02,6201,Kotawaringin Barat,Kalimantan Tengah,6201,kode,Arut Selatan,1,"• Adanya laporan dari masyarakat terkait kebakaran lahan pada Hari Jumat, 26 Februari 2021 Pkl 13.00 WIB",0.0,0.0,0,0,False
5425,1304 107 2021 02 26 1,2021-02-26,2021,2,2021-02,1303,Sijunjung,Sumatera Barat,1303,kode,"Kupitan,",1,,0.0,0.0,0,0,False
5426,1107 107 2021 02 26 1,2021-02-26,2021,2,2021-02,1105,Aceh Barat,Aceh,1105,kode,Arongan Gp. Gunong Pulo; Meureubo Gp. Peunaga Cut Ujong,2,• Masih dalam proses penyelidikan,0.0,0.0,0,0,False
5427,1308 107 2021 02 25 1,2021-02-25,2021,2,2021-02,1307,Lima Puluh Kota,Sumatera Barat,1307,kode,Harau Desa Harau,1,• Sumber api masih dalam penyelidikan Satreskrim Polres 50 Kota.,0.0,0.0,0,0,False
5428,6106 107 2021 02 25 1,2021-02-25,2021,2,2021-02,6104,Ketapang,Kalimantan Barat,6104,kode,Muara Pawan,1,• Dalam penyelidikan pihak yang berwajib,0.0,0.0,0,0,False
5429,6112 107 2021 02 25 1,2021-02-25,2021,2,2021-02,6112,Kubu Raya,Kalimantan Barat,6112,kode,Sungai Kakap,1,"• Tim melakukan groud cek di lokasi Komp. Kayana Desa Punggur Kec. Sungai Kakap Kab. Kubu Raya tersebut dan sudah di tangani oleh POLRI dan Pemadam Swasta • Melaksanakan pemadaman titik api :  •  Jenis Vegetasi Pakis, •  Akasia  •  Jenis Tanah Gambut  • Kendala : • Angin kencang dilokasi kebakaran",0.0,0.0,0,0,False
5430,1117 107 2021 02 25 1,2021-02-25,2021,2,2021-02,1117,Bener Meriah,Aceh,1117,kode,,0,,0.0,0.0,0,0,False
5431,2102 107 2021 02 25 1,2021-02-25,2021,2,2021-02,2101,Bintan,Kepulauan Riau,2101,kode,,0,,0.0,0.0,0,0,False
5432,6206 107 2021 02 25 1,2021-02-25,2021,2,2021-02,6208,Sukamara,Kalimantan Tengah,6208,kode,Sukamara,1,• Masih dalam penyelidikan,0.0,0.0,0,0,False
5433,1610 107 2021 02 25 1,2021-02-25,2021,2,2021-02,1610,Ogan Ilir,Sumatera Selatan,1610,kode,Pemulutan,1,• Api berawal dari gudang penyimpanan minyak yang di duga dari percikan api pompa air yang dimodif menjadi pompa minyak dan menyambar bahan yang mudah terbakar (minyak) di dalam gudang tersebut,0.0,4.0,11,3,False
5434,1308 107 2021 02 24 1,2021-02-24,2021,2,2021-02,1307,Lima Puluh Kota,Sumatera Barat,1307,kode,"Harau,",1,,0.0,0.0,0,0,False
5435,2102 107 2021 02 24 1,2021-02-24,2021,2,2021-02,2101,Bintan,Kepulauan Riau,2101,kode,,0,,0.0,0.0,0,0,False
5436,2172 107 2021 02 24 1,2021-02-24,2021,2,2021-02,2172,Kota Tanjung Pinang,Kepulauan Riau,2172,kode,,0,,0.0,0.0,0,0,False
5437,1108 107 2021 02 24 1,2021-02-24,2021,2,2021-02,1106,Aceh Besar,Aceh,1106,kode,,0,"• Petugas piket pemadam BPBD Aceh besar menerima informasi tentang adanya kebakaran lahan tidur yang disampaikan oleh warga masyarakat kebetulan lahan tersebut berdekatan dengan rumah warga. • Setelah menerima informasi tersebut petugas piket pos peukan bada langsung bergerak ke lokasi kejadian dan meminta bantuan untuk pengerahan armada pemadam kebakaran dari pos induk sibreh demi mendukung kegiatan pemadaman tersebut. Upaya : • BPBD Aceh besar mengerahkan Dua unit armada pemadam kebakaran ke Lokasi kejadian untuk melakukan penanganan kebakaran lahan tersebut yang didatangkan dari pos induk sibreh dan pos peukan bada. • Setiba dilokasi kejadian petugas langsung melakukan pemadaman dan penanganan dengan cara melakukan pemblokiran api terlebih dahulu agar tidak terus meluas dan menjalar ke pemukiman warga. • Jarak nya sumber air membuat petugas juga agak sedikit lama melakukan pemadaman, namun berkat kesigapan petugas yang juga ikut di bantu oleh masyarakat sehingga api tidak sampai menjalar ke perumahan warga. • Pemadaman dan proses pendinginan baru selesai dilakukan oleh petugas pada pukul 16.10wib. • Dalam upaya pemadaman petugas pemadam kebakaran BPBD Aceh besar juga ikut di bantu oleh TNI (koramil setempat), POLRI (polsek setempat), dan warga masyarakat di sekitar lokasi kejadian.",0.0,0.0,0,0,False
5438,6201 107 2021 02 24 1,2021-02-24,2021,2,2021-02,6201,Kotawaringin Barat,Kalimantan Tengah,6201,kode,Kumai Desa Keraya,1,• Masih dalam penyelidikan,0.0,0.0,0,0,False
5439,1403 107 2021 02 23 1,2021-02-23,2021,2,2021-02,1404,Indragiri Hilir,Riau,1404,kode,Gaung,1,• Dalam penyelidikan,0.0,0.0,0,0,False
5440,2102 107 2021 02 23 1,2021-02-23,2021,2,2021-02,2101,Bintan,Kepulauan Riau,2101,kode,,0,,0.0,0.0,0,0,False
5441,1402 107 2021 02 23 1,2021-02-23,2021,2,2021-02,1402,Indragiri Hulu,Riau,1402,kode,Kuala Cenaku,1,• Dalam penyelidikan,0.0,0.0,0,0,False
5442,1408 107 2021 02 23 1,2021-02-23,2021,2,2021-02,1403,Bengkalis,Riau,1403,kode,Rupat; Bandar Laksamana; Talang Muandau; Bathin Solapan; Mandau,5,• Dalam penyelidikan,0.0,0.0,0,0,False
5443,2172 107 2021 02 23 1,2021-02-23,2021,2,2021-02,2172,Kota Tanjung Pinang,Kepulauan Riau,2172,kode,,0,,0.0,0.0,0,0,False
5444,1271 107 2021 02 23 1,2021-02-23,2021,2,2021-02,1273,Kota Sibolga,Sumatera Utara,1273,kode,,0,,0.0,0.0,0,0,False
5445,1308 107 2021 02 23 1,2021-02-23,2021,2,2021-02,1307,Lima Puluh Kota,Sumatera Barat,1307,kode,Harau Nagari Harau,1,• Dalam penyelidikan,0.0,0.0,0,0,False
5446,1116 107 2021 02 23 1,2021-02-23,2021,2,2021-02,1114,Aceh Jaya,Aceh,1114,kode,Teunom,1,• Masih dalam penyelidikan,0.0,0.0,0,0,False
5447,1473 107 2021 02 23 1,2021-02-23,2021,2,2021-02,1472,Kota Dumai,Riau,1472,kode,Dumai Barat,1,• Dalam penyelidikan,0.0,0.0,0,0,False
5448,1113 107 2021 02 22 1,2021-02-22,2021,2,2021-02,1113,Gayo Lues,Aceh,1113,kode,Kota Panjang,1,• Masih dalam penyelidikan,0.0,0.0,0,0,False
5449,2102 107 2021 02 22 1,2021-02-22,2021,2,2021-02,2101,Bintan,Kepulauan Riau,2101,kode,,0,,0.0,0.0,0,0,False
5450,1402 107 2021 02 22 1,2021-02-22,2021,2,2021-02,1402,Indragiri Hulu,Riau,1402,kode,Kuala Cenaku,1,• Masih dalam penyelidikan,0.0,0.0,0,0,False
5451,1307 107 2021 02 22 1,2021-02-22,2021,2,2021-02,1306,Agam,Sumatera Barat,1306,kode,"Tanjung Mutiara,",1,,0.0,0.0,0,0,False
5452,1110 107 2021 02 22 1,2021-02-22,2021,2,2021-02,1111,Bireuen,Aceh,1111,kode,,0,,0.0,0.0,0,0,False
5453,1306 107 2021 02 22 1,2021-02-22,2021,2,2021-02,1305,Padang Pariaman,Sumatera Barat,1305,kode,"Ulakan Tapakis,",1,,0.0,0.0,0,0,False
5454,2172 107 2021 02 22 1,2021-02-22,2021,2,2021-02,2172,Kota Tanjung Pinang,Kepulauan Riau,2172,kode,,0,Di karenakan warga membuka lahan kemudian kondisi angin yang kencang api merambat ke daun kering kemudian api meluas ke lahan sekitar.,0.0,0.0,0,0,False
5455,1505 107 2021 02 22 1,2021-02-22,2021,2,2021-02,1505,Muaro Jambi,Jambi,1505,kode,,0,,0.0,0.0,0,0,False
5456,1307 107 2021 02 21 1,2021-02-21,2021,2,2021-02,1306,Agam,Sumatera Barat,1306,kode,Tanjung Mutiara,1,• Masih dalam penyelidikan,0.0,0.0,0,0,False
5457,1113 107 2021 02 21 1,2021-02-21,2021,2,2021-02,1113,Gayo Lues,Aceh,1113,kode,,0,,0.0,0.0,0,0,False
5458,2172 107 2021 02 21 1,2021-02-21,2021,2,2021-02,2172,Kota Tanjung Pinang,Kepulauan Riau,2172,kode,,0,,0.0,0.0,0,0,False
5459,1306 107 2021 02 21 1,2021-02-21,2021,2,2021-02,1305,Padang Pariaman,Sumatera Barat,1305,kode,"Ulakan Tapakih; V Koto,",2,• Akibat cuaca yang panas dan kondisi pohon/tanah yang sudah kering.,0.0,0.0,2,0,False
5460,6471 107 2021 02 21 1,2021-02-21,2021,2,2021-02,6471,Kota Balikpapan,Kalimantan Timur,6471,kode,,0,,0.0,0.0,0,0,False
5461,6112 107 2021 02 21 1,2021-02-21,2021,2,2021-02,6112,Kubu Raya,Kalimantan Barat,6112,kode,Sungai Raya,1,• Masih dalam Penyelidikan,0.0,0.0,0,0,False
5462,2102 107 2021 02 21 1,2021-02-21,2021,2,2021-02,2101,Bintan,Kepulauan Riau,2101,kode,,0,,0.0,0.0,0,0,False
5463,2102 107 2021 02 21 1,2021-02-21,2021,2,2021-02,2101,Bintan,Kepulauan Riau,2101,kode,,0,,0.0,0.0,0,0,False
5464,2172 107 2021 02 20 1,2021-02-20,2021,2,2021-02,2172,Kota Tanjung Pinang,Kepulauan Riau,2172,kode,,0,,0.0,0.0,0,0,False
5465,1302 107 2021 02 20 1,2021-02-20,2021,2,2021-02,1301,Pesisir Selatan,Sumatera Barat,1301,kode,Bayang,1,,0.0,0.0,0,0,False
5466,1308 107 2021 02 20 1,2021-02-20,2021,2,2021-02,1307,Lima Puluh Kota,Sumatera Barat,1307,kode,"Harau,",1,,0.0,0.0,0,0,False
5467,1106 107 2021 02 20 1,2021-02-20,2021,2,2021-02,1104,Aceh Tengah,Aceh,1104,kode,,0,,0.0,0.0,0,0,False
5468,2102 107 2021 02 20 1,2021-02-20,2021,2,2021-02,2101,Bintan,Kepulauan Riau,2101,kode,,0,,0.0,0.0,0,0,False
5469,2102 107 2021 02 19 1,2021-02-19,2021,2,2021-02,2101,Bintan,Kepulauan Riau,2101,kode,,0,,0.0,0.0,0,0,False
5470,1307 107 2021 02 19 1,2021-02-19,2021,2,2021-02,1306,Agam,Sumatera Barat,1306,kode,"ampek nagari,",1,,0.0,0.0,0,0,False
5471,1306 107 2021 02 19 1,2021-02-19,2021,2,2021-02,1305,Padang Pariaman,Sumatera Barat,1305,kode,"Enam Lingkung,; VII KOTO SUNGAI SARIAK,",2,,0.0,0.0,0,0,False
5472,1107 107 2021 02 18 1,2021-02-18,2021,2,2021-02,1105,Aceh Barat,Aceh,1105,kode,Wayla Barat Gp. Gunong Manyang,1,masih dalam penyelidikan,0.0,0.0,0,0,False
5473,2172 107 2021 02 18 1,2021-02-18,2021,2,2021-02,2172,Kota Tanjung Pinang,Kepulauan Riau,2172,kode,,0,,0.0,0.0,0,0,False
5474,1308 107 2021 02 18 1,2021-02-18,2021,2,2021-02,1307,Lima Puluh Kota,Sumatera Barat,1307,kode,"Harau,",1,,0.0,0.0,0,0,False
5475,1409 107 2021 02 18 1,2021-02-18,2021,2,2021-02,1407,Rokan Hilir,Riau,1407,kode,,0,• Dalam penyelidikan,0.0,0.0,0,0,False
5476,1473 107 2021 02 18 1,2021-02-18,2021,2,2021-02,1472,Kota Dumai,Riau,1472,kode,Sei. Sembilan,1,masih dalam penyelidikan,0.0,0.0,0,0,False
5477,1408 107 2021 02 18 1,2021-02-18,2021,2,2021-02,1403,Bengkalis,Riau,1403,kode,,0,• Dalam penyelidikan,0.0,0.0,0,0,False
5478,1410 107 2021 02 18 1,2021-02-18,2021,2,2021-02,1410,Kepulauan Meranti,Riau,1410,kode,,0,• Dalam penyelidikan,0.0,0.0,0,0,False
5479,1403 107 2021 02 18 1,2021-02-18,2021,2,2021-02,1404,Indragiri Hilir,Riau,1404,kode,,0,• Dalam penyelidikan,0.0,0.0,0,0,False
5480,2102 107 2021 02 18 1,2021-02-18,2021,2,2021-02,2101,Bintan,Kepulauan Riau,2101,kode,,0,,0.0,0.0,0,0,False
5481,1404 107 2021 02 18 1,2021-02-18,2021,2,2021-02,1405,Pelalawan,Riau,1405,kode,,0,• Dalam penyelidikan,0.0,0.0,0,0,False
5482,1405 107 2021 02 18 1,2021-02-18,2021,2,2021-02,1408,Siak,Riau,1408,kode,,0,• Dalam penyelidikan,0.0,0.0,0,0,False
5483,1402 107 2021 02 18 1,2021-02-18,2021,2,2021-02,1402,Indragiri Hulu,Riau,1402,kode,,0,• Dalam penyelidikan,0.0,0.0,0,0,False
5484,1473 107 2021 02 18 1,2021-02-18,2021,2,2021-02,1472,Kota Dumai,Riau,1472,kode,,0,• Dalam penyelidikan,0.0,0.0,0,0,False
5485,1115 107 2021 02 17 1,2021-02-17,2021,2,2021-02,1115,Nagan Raya,Aceh,1115,kode,,0,,0.0,0.0,0,0,False
5486,1473 107 2021 02 17 1,2021-02-17,2021,2,2021-02,1472,Kota Dumai,Riau,1472,kode,Medang Kampai,1,• Masih dalam penyelidikan,0.0,0.0,0,0,False
5487,1308 107 2021 02 17 1,2021-02-17,2021,2,2021-02,1307,Lima Puluh Kota,Sumatera Barat,1307,kode,Harau Jorong Padang Rukam,1,masih dalam penyelidikan,0.0,0.0,0,0,False
5488,1402 107 2021 02 17 1,2021-02-17,2021,2,2021-02,1402,Indragiri Hulu,Riau,1402,kode,Rengat Barat,1,Masih dalam penyelidikan,0.0,0.0,0,0,False
5489,2102 107 2021 02 17 1,2021-02-17,2021,2,2021-02,2101,Bintan,Kepulauan Riau,2101,kode,,0,,0.0,0.0,0,0,False
5490,2102 107 2021 02 16 1,2021-02-16,2021,2,2021-02,2101,Bintan,Kepulauan Riau,2101,kode,,0,,0.0,0.0,0,0,False
5491,1306 107 2021 02 16 1,2021-02-16,2021,2,2021-02,1305,Padang Pariaman,Sumatera Barat,1305,kode,Lubuak Aluang Nagari :  Pasie Laweh Lubuak Aluang,1,Cuaca yang panas dan kondisi pohon/tanah yang sudah kering,0.0,0.0,0,0,False
5492,6201 107 2021 02 16 1,2021-02-16,2021,2,2021-02,6201,Kotawaringin Barat,Kalimantan Tengah,6201,kode,Arut Selatan,1,• Dalam penyelidikan,0.0,0.0,0,0,False
5493,1112 107 2021 02 16 1,2021-02-16,2021,2,2021-02,1112,Aceh Barat Daya,Aceh,1112,kode,Babahrot,1,• Masih dalam penyelidikan,0.0,0.0,0,0,False
5494,2172 107 2021 02 16 1,2021-02-16,2021,2,2021-02,2172,Kota Tanjung Pinang,Kepulauan Riau,2172,kode,,0,,0.0,0.0,0,0,False
5495,6104 107 2021 02 15 1,2021-02-15,2021,2,2021-02,6102,Mempawah,Kalimantan Barat,6102,kode,Sungai Pinyuh,1,• Dalam penyelidikan,0.0,2.0,0,0,False
5496,2102 107 2021 02 15 1,2021-02-15,2021,2,2021-02,2101,Bintan,Kepulauan Riau,2101,kode,,0,,0.0,0.0,0,0,False
5497,1113 107 2021 02 15 1,2021-02-15,2021,2,2021-02,1113,Gayo Lues,Aceh,1113,kode,Blangkejeren Gp. Gele,1,,0.0,0.0,0,0,False
5498,1102 107 2021 02 15 1,2021-02-15,2021,2,2021-02,1110,Aceh Singkil,Aceh,1110,kode,Singkil,1,,0.0,0.0,0,0,False
5499,1112 107 2021 02 15 1,2021-02-15,2021,2,2021-02,1112,Aceh Barat Daya,Aceh,1112,kode,Babahrot,1,,0.0,0.0,0,0,False
5500,2172 107 2021 02 14 1,2021-02-14,2021,2,2021-02,2172,Kota Tanjung Pinang,Kepulauan Riau,2172,kode,,0,,0.0,0.0,0,0,False
5501,1103 107 2021 02 14 1,2021-02-14,2021,2,2021-02,1101,Aceh Selatan,Aceh,1101,kode,Tapak tua Gempong hilir; Samadua Gampong Tokoh; Sawang Gampong Mutiara; Bakongan Gampong Padang Berahan Gampong Padang  Gampong Ujung Padang Gampong Padang beurahan Gampong Drien; Trumon  Gampong Padang Harapan Gampong Keude Trumon; Trumon Tengoh   Gampong Cot Bayu   Gampong Lhok Raya    Gampong Naca; Kluet Tengah Gampong Alue Keujrun; Labuhanhaji   Gampong Padang Rubek,8,,0.0,0.0,0,0,False
5502,1202 107 2021 02 14 1,2021-02-14,2021,2,2021-02,1213,Mandailing Natal,Sumatera Utara,1213,kode,Betahan,1,• Penyebab kebakaran masih dalam proses penyelidikan,0.0,0.0,0,0,False
5503,2102 107 2021 02 14 1,2021-02-14,2021,2,2021-02,2101,Bintan,Kepulauan Riau,2101,kode,,0,,0.0,0.0,0,0,False
5504,1112 107 2021 02 13 1,2021-02-13,2021,2,2021-02,1112,Aceh Barat Daya,Aceh,1112,kode,Setia,1,•Masih dalam Penyelidikan,0.0,0.0,0,0,False
5505,2172 107 2021 02 13 1,2021-02-13,2021,2,2021-02,2172,Kota Tanjung Pinang,Kepulauan Riau,2172,kode,,0,,0.0,0.0,0,0,False
5506,6201 107 2021 02 13 1,2021-02-13,2021,2,2021-02,6201,Kotawaringin Barat,Kalimantan Tengah,6201,kode,Arut Selatan,1,•Masih dalam Penyelidikan,0.0,0.0,0,0,False
5507,1108 107 2021 02 12 1,2021-02-12,2021,2,2021-02,1106,Aceh Besar,Aceh,1106,kode,Baitussalam,1,• Masih dalam penyelidikan,0.0,0.0,0,0,False
5508,2102 107 2021 02 12 1,2021-02-12,2021,2,2021-02,2101,Bintan,Kepulauan Riau,2101,kode,,0,,0.0,0.0,0,0,False
5509,1307 107 2021 02 12 1,2021-02-12,2021,2,2021-02,1306,Agam,Sumatera Barat,1306,kode,,0,"• Mengingat cuaca cerah / panas disertai angin sejak awal bulan Februari 2021 mengakibatkan terbakarnya lahan gambut yang berisi kelapa sawit milik masyarakat. Pada hari Jum’at tanggal 12 Februari 2021 sekitar pukul 18.00 Wib.  • Masyarakat melakukan  upaya pemadaman api dengan menyiram lahan yg terbakar menggunakan air dan perlengkapan seadanya, namun api masih tidak dapat dipadamkan dan kemudian pemilik kebun melaporkan kepada pihak Polsek Tanjung Mutiara sekitar pukul 08.30 Wib hari Sabtu 13 Februari 2021. Dan melanjutkan laporan kepada BPBD Kab. Agam pukul 10.24 Wib.",0.0,0.0,0,0,False
5510,6310 107 2021 02 11 1,2021-02-11,2021,2,2021-02,6310,Tanah Bumbu,Kalimantan Selatan,6310,kode,Kusen Hilir,1,,0.0,0.0,0,0,False
5511,2102 107 2021 02 11 1,2021-02-11,2021,2,2021-02,2101,Bintan,Kepulauan Riau,2101,kode,,0,,0.0,0.0,0,0,False
5512,2102 107 2021 02 10 1,2021-02-10,2021,2,2021-02,2101,Bintan,Kepulauan Riau,2101,kode,,0,,0.0,0.0,0,0,False
5513,2172 107 2021 02 10 1,2021-02-10,2021,2,2021-02,2172,Kota Tanjung Pinang,Kepulauan Riau,2172,kode,,0,,0.0,0.0,0,0,False
5514,1103 107 2021 02 10 1,2021-02-10,2021,2,2021-02,1101,Aceh Selatan,Aceh,1101,kode,,0,,0.0,0.0,0,0,False
5515,1115 107 2021 02 9 1,2021-02-09,2021,2,2021-02,1115,Nagan Raya,Aceh,1115,kode,,0,,0.0,0.0,0,0,False
5516,2102 107 2021 02 9 1,2021-02-09,2021,2,2021-02,2101,Bintan,Kepulauan Riau,2101,kode,,0,,0.0,0.0,0,0,False
5517,2102 107 2021 02 8 1,2021-02-08,2021,2,2021-02,2101,Bintan,Kepulauan Riau,2101,kode,,0,,0.0,0.0,0,0,False
5518,2172 107 2021 02 8 1,2021-02-08,2021,2,2021-02,2172,Kota Tanjung Pinang,Kepulauan Riau,2172,kode,,0,,0.0,0.0,0,0,False
5519,2172 107 2021 02 7 1,2021-02-07,2021,2,2021-02,2172,Kota Tanjung Pinang,Kepulauan Riau,2172,kode,,0,,0.0,0.0,0,0,False
5520,2172 107 2021 02 7 1,2021-02-07,2021,2,2021-02,2172,Kota Tanjung Pinang,Kepulauan Riau,2172,kode,,0,,0.0,0.0,0,0,False
5521,6201 107 2021 02 7 1,2021-02-07,2021,2,2021-02,6201,Kotawaringin Barat,Kalimantan Tengah,6201,kode,Arut Selatan,1,• Masih dalam pendataan,0.0,0.0,0,0,False
5522,2102 107 2021 02 7 1,2021-02-07,2021,2,2021-02,2101,Bintan,Kepulauan Riau,2101,kode,,0,,0.0,0.0,0,0,False
5523,2102 107 2021 02 6 1,2021-02-06,2021,2,2021-02,2101,Bintan,Kepulauan Riau,2101,kode,,0,,0.0,0.0,0,0,False
5524,2172 107 2021 02 6 1,2021-02-06,2021,2,2021-02,2172,Kota Tanjung Pinang,Kepulauan Riau,2172,kode,,0,,0.0,0.0,0,0,False
5525,1202 107 2021 02 5 1,2021-02-05,2021,2,2021-02,1213,Mandailing Natal,Sumatera Utara,1213,kode,Muara Batang Gadis,1,• Dalam penyelidikan,1.0,0.0,0,0,False
5526,2172 107 2021 02 5 1,2021-02-05,2021,2,2021-02,2172,Kota Tanjung Pinang,Kepulauan Riau,2172,kode,,0,,0.0,0.0,0,0,False
5527,2102 107 2021 02 5 1,2021-02-05,2021,2,2021-02,2101,Bintan,Kepulauan Riau,2101,kode,,0,,0.0,0.0,0,0,False
5528,6201 107 2021 02 4 1,2021-02-04,2021,2,2021-02,6201,Kotawaringin Barat,Kalimantan Tengah,6201,kode,Kumai,1,• Akibat pembersihan/pembukaan lahan yang dilakukan oleh masyarakat,0.0,0.0,0,0,False
5529,2102 107 2021 02 4 1,2021-02-04,2021,2,2021-02,2101,Bintan,Kepulauan Riau,2101,kode,,0,,0.0,0.0,0,0,False
5530,2172 107 2021 02 4 1,2021-02-04,2021,2,2021-02,2172,Kota Tanjung Pinang,Kepulauan Riau,2172,kode,,0,,0.0,0.0,0,0,False
5531,2102 107 2021 02 4 1,2021-02-04,2021,2,2021-02,2101,Bintan,Kepulauan Riau,2101,kode,,0,,0.0,0.0,0,0,False
5532,2102 107 2021 02 3 1,2021-02-03,2021,2,2021-02,2101,Bintan,Kepulauan Riau,2101,kode,,0,,0.0,0.0,0,0,False
5533,2102 107 2021 02 2 1,2021-02-02,2021,2,2021-02,2101,Bintan,Kepulauan Riau,2101,kode,,0,,0.0,0.0,0,0,False
5534,2102 107 2021 01 27 1,2021-01-27,2021,1,2021-01,2101,Bintan,Kepulauan Riau,2101,kode,,0,,0.0,0.0,0,0,False
5535,6201 107 2021 01 25 1,2021-01-25,2021,1,2021-01,6201,Kotawaringin Barat,Kalimantan Tengah,6201,kode,Arut Selatan,1,• Akibat Pembersihan / pembukaan lahan oleh masyarakat,0.0,0.0,0,0,False
5536,2102 107 2021 01 24 1,2021-01-24,2021,1,2021-01,2101,Bintan,Kepulauan Riau,2101,kode,,0,,0.0,0.0,0,0,False
5537,2102 107 2021 01 23 1,2021-01-23,2021,1,2021-01,2101,Bintan,Kepulauan Riau,2101,kode,,0,,0.0,0.0,0,0,False
5538,2102 107 2021 01 21 1,2021-01-21,2021,1,2021-01,2101,Bintan,Kepulauan Riau,2101,kode,,0,,0.0,0.0,0,0,False
5539,2172 107 2021 01 10 1,2021-01-10,2021,1,2021-01,2172,Kota Tanjung Pinang,Kepulauan Riau,2172,kode,,0,,0.0,0.0,0,0,False
